"Date and Time Run 1","Time (s) Run 1","Position (mm) Run 1","Light Intensity (%) Run 1","Log of Light Intensity Run 1"
04/13/2025 08:04:55 pm,0.000,0.000000,100.0,4.0
04/13/2025 08:04:55 pm,0.050,0.000000,100.0,4.0
04/13/2025 08:04:55 pm,0.100,0.000000,100.0,4.0
04/13/2025 08:04:55 pm,0.150,0.000000,100.0,4.0
04/13/2025 08:04:55 pm,0.200,0.000000,100.0,4.0
04/13/2025 08:04:55 pm,0.250,0.000000,100.0,4.0
04/13/2025 08:04:55 pm,0.300,0.000000,100.0,4.0
04/13/2025 08:04:55 pm,0.350,0.000000,100.0,4.0
04/13/2025 08:04:55 pm,0.400,0.000000,100.0,4.0
04/13/2025 08:04:55 pm,0.450,0.000000,100.0,4.0
04/13/2025 08:04:55 pm,0.500,0.000000,100.0,4.0
04/13/2025 08:04:55 pm,0.550,0.000000,100.0,4.0
04/13/2025 08:04:55 pm,0.600,0.000000,100.0,4.0
04/13/2025 08:04:55 pm,0.650,0.000000,100.0,4.0
04/13/2025 08:04:55 pm,0.700,0.000000,100.0,4.0
04/13/2025 08:04:55 pm,0.750,0.000000,100.0,4.0
04/13/2025 08:04:55 pm,0.800,0.000000,100.0,4.0
04/13/2025 08:04:55 pm,0.850,0.000000,100.0,4.0
04/13/2025 08:04:55 pm,0.900,0.000000,100.0,4.0
04/13/2025 08:04:55 pm,0.950,0.000000,100.0,4.0
04/13/2025 08:04:56 pm,1.000,0.000000,100.0,4.0
04/13/2025 08:04:56 pm,1.050,0.000000,100.0,4.0
04/13/2025 08:04:56 pm,1.100,0.000000,100.0,4.0
04/13/2025 08:04:56 pm,1.150,0.000000,100.0,4.0
04/13/2025 08:04:56 pm,1.200,0.000000,100.0,4.0
04/13/2025 08:04:56 pm,1.250,0.000000,100.0,4.0
04/13/2025 08:04:56 pm,1.300,0.000000,100.0,4.0
04/13/2025 08:04:56 pm,1.350,0.000000,100.0,4.0
04/13/2025 08:04:56 pm,1.400,0.000000,100.0,4.0
04/13/2025 08:04:56 pm,1.450,0.000000,100.0,4.0
04/13/2025 08:04:56 pm,1.500,0.000000,100.0,4.0
04/13/2025 08:04:56 pm,1.550,0.000000,100.0,4.0
04/13/2025 08:04:56 pm,1.600,0.000000,100.0,4.0
04/13/2025 08:04:56 pm,1.650,0.000000,100.0,4.0
04/13/2025 08:04:56 pm,1.700,0.000000,100.0,4.0
04/13/2025 08:04:56 pm,1.750,0.000000,100.0,4.0
04/13/2025 08:04:56 pm,1.800,0.000000,100.0,4.0
04/13/2025 08:04:56 pm,1.850,0.000000,100.0,4.0
04/13/2025 08:04:56 pm,1.900,0.000000,100.0,4.0
04/13/2025 08:04:56 pm,1.950,0.000000,100.0,4.0
04/13/2025 08:04:57 pm,2.000,0.000000,100.0,4.0
04/13/2025 08:04:57 pm,2.050,0.000000,100.0,4.0
04/13/2025 08:04:57 pm,2.100,0.000000,100.0,4.0
04/13/2025 08:04:57 pm,2.150,0.000000,100.0,4.0
04/13/2025 08:04:57 pm,2.200,0.000000,100.0,4.0
04/13/2025 08:04:57 pm,2.250,0.000000,100.0,4.0
04/13/2025 08:04:57 pm,2.300,0.000000,100.0,4.0
04/13/2025 08:04:57 pm,2.350,0.000000,100.0,4.0
04/13/2025 08:04:57 pm,2.400,0.000000,100.0,4.0
04/13/2025 08:04:57 pm,2.450,0.000000,100.0,4.0
04/13/2025 08:04:57 pm,2.500,0.000000,100.0,4.0
04/13/2025 08:04:57 pm,2.550,0.000000,100.0,4.0
04/13/2025 08:04:57 pm,2.600,0.000000,100.0,4.0
04/13/2025 08:04:57 pm,2.650,0.000000,100.0,4.0
04/13/2025 08:04:57 pm,2.700,0.000000,100.0,4.0
04/13/2025 08:04:57 pm,2.750,0.000000,100.0,4.0
04/13/2025 08:04:57 pm,2.800,0.000000,100.0,4.0
04/13/2025 08:04:57 pm,2.850,0.000000,100.0,4.0
04/13/2025 08:04:57 pm,2.900,0.000000,100.0,4.0
04/13/2025 08:04:57 pm,2.950,0.000000,100.0,4.0
04/13/2025 08:04:58 pm,3.000,0.000000,100.0,4.0
04/13/2025 08:04:58 pm,3.050,0.000000,100.0,4.0
04/13/2025 08:04:58 pm,3.100,0.000000,100.0,4.0
04/13/2025 08:04:58 pm,3.150,0.000000,100.0,4.0
04/13/2025 08:04:58 pm,3.200,0.000000,100.0,4.0
04/13/2025 08:04:58 pm,3.250,0.000000,100.0,4.0
04/13/2025 08:04:58 pm,3.300,0.000000,100.0,4.0
04/13/2025 08:04:58 pm,3.350,0.000000,100.0,4.0
04/13/2025 08:04:58 pm,3.400,0.000000,100.0,4.0
04/13/2025 08:04:58 pm,3.450,0.000000,100.0,4.0
04/13/2025 08:04:58 pm,3.500,0.000000,100.0,4.0
04/13/2025 08:04:58 pm,3.550,0.000000,100.0,4.0
04/13/2025 08:04:58 pm,3.600,0.000000,100.0,4.0
04/13/2025 08:04:58 pm,3.650,0.000000,100.0,4.0
04/13/2025 08:04:58 pm,3.700,0.000000,100.0,4.0
04/13/2025 08:04:58 pm,3.750,0.000000,100.0,4.0
04/13/2025 08:04:58 pm,3.800,0.000000,100.0,4.0
04/13/2025 08:04:58 pm,3.850,0.000000,100.0,4.0
04/13/2025 08:04:58 pm,3.900,0.000000,100.0,4.0
04/13/2025 08:04:58 pm,3.950,0.000000,100.0,4.0
04/13/2025 08:04:59 pm,4.000,0.000000,100.0,4.0
04/13/2025 08:04:59 pm,4.050,0.000000,100.0,4.0
04/13/2025 08:04:59 pm,4.100,0.000000,100.0,4.0
04/13/2025 08:04:59 pm,4.150,0.000000,100.0,4.0
04/13/2025 08:04:59 pm,4.200,0.000000,100.0,4.0
04/13/2025 08:04:59 pm,4.250,0.000000,100.0,4.0
04/13/2025 08:04:59 pm,4.300,0.000000,100.0,4.0
04/13/2025 08:04:59 pm,4.350,0.000000,100.0,4.0
04/13/2025 08:04:59 pm,4.400,0.000000,100.0,4.0
04/13/2025 08:04:59 pm,4.450,0.000000,100.0,4.0
04/13/2025 08:04:59 pm,4.500,0.000000,100.0,4.0
04/13/2025 08:04:59 pm,4.550,0.000000,100.0,4.0
04/13/2025 08:04:59 pm,4.600,0.000000,100.0,4.0
04/13/2025 08:04:59 pm,4.650,0.000000,100.0,4.0
04/13/2025 08:04:59 pm,4.700,0.000000,100.0,4.0
04/13/2025 08:04:59 pm,4.750,0.000000,100.0,4.0
04/13/2025 08:04:59 pm,4.800,0.000000,100.0,4.0
04/13/2025 08:04:59 pm,4.850,0.000000,100.0,4.0
04/13/2025 08:04:59 pm,4.900,0.000000,100.0,4.0
04/13/2025 08:04:59 pm,4.950,0.000000,100.0,4.0
04/13/2025 08:05:00 pm,5.000,0.000000,100.0,4.0
04/13/2025 08:05:00 pm,5.050,0.000000,100.0,4.0
04/13/2025 08:05:00 pm,5.100,0.000000,100.0,4.0
04/13/2025 08:05:00 pm,5.150,0.000000,100.0,4.0
04/13/2025 08:05:00 pm,5.200,0.000000,100.0,4.0
04/13/2025 08:05:00 pm,5.250,0.000000,100.0,4.0
04/13/2025 08:05:00 pm,5.300,0.000000,100.0,4.0
04/13/2025 08:05:00 pm,5.350,0.000000,100.0,4.0
04/13/2025 08:05:00 pm,5.400,0.000000,100.0,4.0
04/13/2025 08:05:00 pm,5.450,0.000000,100.0,4.0
04/13/2025 08:05:00 pm,5.500,0.000000,100.0,4.0
04/13/2025 08:05:00 pm,5.550,0.000000,100.0,4.0
04/13/2025 08:05:00 pm,5.600,0.000000,100.0,4.0
04/13/2025 08:05:00 pm,5.650,0.000000,100.0,4.0
04/13/2025 08:05:00 pm,5.700,0.000000,100.0,4.0
04/13/2025 08:05:00 pm,5.750,0.000000,100.0,4.0
04/13/2025 08:05:00 pm,5.800,0.000000,100.0,4.0
04/13/2025 08:05:00 pm,5.850,0.000000,100.0,4.0
04/13/2025 08:05:00 pm,5.900,0.000000,100.0,4.0
04/13/2025 08:05:00 pm,5.950,0.000000,100.0,4.0
04/13/2025 08:05:01 pm,6.000,0.000000,100.0,4.0
04/13/2025 08:05:01 pm,6.050,0.000000,100.0,4.0
04/13/2025 08:05:01 pm,6.100,0.000000,100.0,4.0
04/13/2025 08:05:01 pm,6.150,0.000000,100.0,4.0
04/13/2025 08:05:01 pm,6.200,0.000000,100.0,4.0
04/13/2025 08:05:01 pm,6.250,0.000000,100.0,4.0
04/13/2025 08:05:01 pm,6.300,0.000000,100.0,4.0
04/13/2025 08:05:01 pm,6.350,0.000000,100.0,4.0
04/13/2025 08:05:01 pm,6.400,0.000000,100.0,4.0
04/13/2025 08:05:01 pm,6.450,0.000000,100.0,4.0
04/13/2025 08:05:01 pm,6.500,0.000000,100.0,4.0
04/13/2025 08:05:01 pm,6.550,0.000000,100.0,4.0
04/13/2025 08:05:01 pm,6.600,0.000000,100.0,4.0
04/13/2025 08:05:01 pm,6.650,0.000000,100.0,4.0
04/13/2025 08:05:01 pm,6.700,0.000000,100.0,4.0
04/13/2025 08:05:01 pm,6.750,0.000000,100.0,4.0
04/13/2025 08:05:01 pm,6.800,0.000000,100.0,4.0
04/13/2025 08:05:01 pm,6.850,0.000000,100.0,4.0
04/13/2025 08:05:01 pm,6.900,0.000000,100.0,4.0
04/13/2025 08:05:01 pm,6.950,0.000000,100.0,4.0
04/13/2025 08:05:02 pm,7.000,0.000000,100.0,4.0
04/13/2025 08:05:02 pm,7.050,0.000000,100.0,4.0
04/13/2025 08:05:02 pm,7.100,0.000000,100.0,4.0
04/13/2025 08:05:02 pm,7.150,0.000000,100.0,4.0
04/13/2025 08:05:02 pm,7.200,0.000000,100.0,4.0
04/13/2025 08:05:02 pm,7.250,0.000000,100.0,4.0
04/13/2025 08:05:02 pm,7.300,0.000000,100.0,4.0
04/13/2025 08:05:02 pm,7.350,0.000000,100.0,4.0
04/13/2025 08:05:02 pm,7.400,0.000000,100.0,4.0
04/13/2025 08:05:02 pm,7.450,0.000000,100.0,4.0
04/13/2025 08:05:02 pm,7.500,0.000000,100.0,4.0
04/13/2025 08:05:02 pm,7.550,0.000000,100.0,4.0
04/13/2025 08:05:02 pm,7.600,0.000000,100.0,4.0
04/13/2025 08:05:02 pm,7.650,0.000000,100.0,4.0
04/13/2025 08:05:02 pm,7.700,0.000000,100.0,4.0
04/13/2025 08:05:02 pm,7.750,0.000000,100.0,4.0
04/13/2025 08:05:02 pm,7.800,0.000000,100.0,4.0
04/13/2025 08:05:02 pm,7.850,0.000000,100.0,4.0
04/13/2025 08:05:02 pm,7.900,0.000000,100.0,4.0
04/13/2025 08:05:02 pm,7.950,0.000000,100.0,4.0
04/13/2025 08:05:03 pm,8.000,0.000000,100.0,4.0
04/13/2025 08:05:03 pm,8.050,0.000000,100.0,4.0
04/13/2025 08:05:03 pm,8.100,0.000000,100.0,4.0
04/13/2025 08:05:03 pm,8.150,0.000000,100.0,4.0
04/13/2025 08:05:03 pm,8.200,0.000000,100.0,4.0
04/13/2025 08:05:03 pm,8.250,0.000000,100.0,4.0
04/13/2025 08:05:03 pm,8.300,0.000000,100.0,4.0
04/13/2025 08:05:03 pm,8.350,0.000000,100.0,4.0
04/13/2025 08:05:03 pm,8.400,0.000000,100.0,4.0
04/13/2025 08:05:03 pm,8.450,0.000000,100.0,4.0
04/13/2025 08:05:03 pm,8.500,0.000000,100.0,4.0
04/13/2025 08:05:03 pm,8.550,0.000000,100.0,4.0
04/13/2025 08:05:03 pm,8.600,0.000000,100.0,4.0
04/13/2025 08:05:03 pm,8.650,0.000000,100.0,4.0
04/13/2025 08:05:03 pm,8.700,-0.065000,100.0,4.0
04/13/2025 08:05:03 pm,8.750,-0.095000,100.0,4.0
04/13/2025 08:05:03 pm,8.800,-0.095000,100.0,4.0
04/13/2025 08:05:03 pm,8.850,-0.095000,100.0,4.0
04/13/2025 08:05:03 pm,8.900,-0.095000,100.0,4.0
04/13/2025 08:05:03 pm,8.950,-0.100000,100.0,4.0
04/13/2025 08:05:04 pm,9.000,-0.100000,100.0,4.0
04/13/2025 08:05:04 pm,9.050,-0.140000,100.0,4.0
04/13/2025 08:05:04 pm,9.100,-0.160000,100.0,4.0
04/13/2025 08:05:04 pm,9.150,-0.160000,100.0,4.0
04/13/2025 08:05:04 pm,9.200,-0.160000,100.0,4.0
04/13/2025 08:05:04 pm,9.250,-0.160000,100.0,4.0
04/13/2025 08:05:04 pm,9.300,-0.160000,100.0,4.0
04/13/2025 08:05:04 pm,9.350,-0.150000,100.0,4.0
04/13/2025 08:05:04 pm,9.400,-0.100000,100.0,4.0
04/13/2025 08:05:04 pm,9.450,-0.075000,100.0,4.0
04/13/2025 08:05:04 pm,9.500,-0.070000,100.0,4.0
04/13/2025 08:05:04 pm,9.550,-0.055000,100.0,4.0
04/13/2025 08:05:04 pm,9.600,-0.050000,100.0,4.0
04/13/2025 08:05:04 pm,9.650,-0.025000,100.0,4.0
04/13/2025 08:05:04 pm,9.700,0.020000,100.0,4.0
04/13/2025 08:05:04 pm,9.750,0.065000,100.0,4.0
04/13/2025 08:05:04 pm,9.800,0.130000,100.0,4.0
04/13/2025 08:05:04 pm,9.850,0.170000,100.0,4.0
04/13/2025 08:05:04 pm,9.900,0.190000,100.0,4.0
04/13/2025 08:05:04 pm,9.950,0.255000,100.0,4.0
04/13/2025 08:05:05 pm,10.000,0.325000,100.0,4.0
04/13/2025 08:05:05 pm,10.050,0.370000,100.0,4.0
04/13/2025 08:05:05 pm,10.100,0.380000,100.0,4.0
04/13/2025 08:05:05 pm,10.150,0.380000,100.0,4.0
04/13/2025 08:05:05 pm,10.200,0.390000,100.0,4.0
04/13/2025 08:05:05 pm,10.250,0.400000,100.0,4.0
04/13/2025 08:05:05 pm,10.300,0.415000,100.0,4.0
04/13/2025 08:05:05 pm,10.350,0.450000,100.0,4.0
04/13/2025 08:05:05 pm,10.400,0.490000,100.0,4.0
04/13/2025 08:05:05 pm,10.450,0.525000,100.0,4.0
04/13/2025 08:05:05 pm,10.500,0.570000,100.0,4.0
04/13/2025 08:05:05 pm,10.550,0.660000,100.0,4.0
04/13/2025 08:05:05 pm,10.600,0.760000,100.0,4.0
04/13/2025 08:05:05 pm,10.650,0.805000,100.0,4.0
04/13/2025 08:05:05 pm,10.700,0.835000,100.0,4.0
04/13/2025 08:05:05 pm,10.750,0.865000,100.0,4.0
04/13/2025 08:05:05 pm,10.800,0.905000,100.0,4.0
04/13/2025 08:05:05 pm,10.850,0.990000,98.9,4.0
04/13/2025 08:05:05 pm,10.900,1.070000,98.0,4.0
04/13/2025 08:05:05 pm,10.950,1.140000,96.3,4.0
04/13/2025 08:05:06 pm,11.000,1.190000,95.3,4.0
04/13/2025 08:05:06 pm,11.050,1.255000,93.5,4.0
04/13/2025 08:05:06 pm,11.100,1.425000,90.6,4.0
04/13/2025 08:05:06 pm,11.150,1.855000,81.8,3.9
04/13/2025 08:05:06 pm,11.200,2.425000,66.2,3.8
04/13/2025 08:05:06 pm,11.250,2.455000,64.7,3.8
04/13/2025 08:05:06 pm,11.300,2.455000,65.3,3.8
04/13/2025 08:05:06 pm,11.350,2.455000,65.0,3.8
04/13/2025 08:05:06 pm,11.400,2.455000,64.6,3.8
04/13/2025 08:05:06 pm,11.450,2.455000,64.9,3.8
04/13/2025 08:05:06 pm,11.500,2.455000,64.5,3.8
04/13/2025 08:05:06 pm,11.550,2.455000,63.5,3.8
04/13/2025 08:05:06 pm,11.600,2.460000,63.6,3.8
04/13/2025 08:05:06 pm,11.650,2.485000,62.9,3.8
04/13/2025 08:05:06 pm,11.700,2.635000,58.8,3.8
04/13/2025 08:05:06 pm,11.750,2.710000,56.8,3.8
04/13/2025 08:05:06 pm,11.800,2.795000,55.2,3.7
04/13/2025 08:05:06 pm,11.850,2.990000,51.5,3.7
04/13/2025 08:05:06 pm,11.900,3.265000,44.7,3.7
04/13/2025 08:05:06 pm,11.950,3.360000,39.9,3.6
04/13/2025 08:05:07 pm,12.000,3.400000,39.7,3.6
04/13/2025 08:05:07 pm,12.050,3.495000,37.9,3.6
04/13/2025 08:05:07 pm,12.100,3.615000,34.1,3.5
04/13/2025 08:05:07 pm,12.150,3.645000,33.4,3.5
04/13/2025 08:05:07 pm,12.200,3.680000,33.2,3.5
04/13/2025 08:05:07 pm,12.250,3.680000,33.1,3.5
04/13/2025 08:05:07 pm,12.300,3.735000,33.4,3.5
04/13/2025 08:05:07 pm,12.350,3.820000,30.9,3.5
04/13/2025 08:05:07 pm,12.400,3.845000,29.8,3.5
04/13/2025 08:05:07 pm,12.450,3.895000,29.5,3.5
04/13/2025 08:05:07 pm,12.500,4.065000,25.9,3.4
04/13/2025 08:05:07 pm,12.550,4.305000,21.0,3.3
04/13/2025 08:05:07 pm,12.600,4.420000,17.9,3.3
04/13/2025 08:05:07 pm,12.650,4.475000,17.5,3.2
04/13/2025 08:05:07 pm,12.700,4.570000,15.7,3.2
04/13/2025 08:05:07 pm,12.750,4.670000,14.1,3.1
04/13/2025 08:05:07 pm,12.800,4.720000,13.3,3.1
04/13/2025 08:05:07 pm,12.850,4.885000,12.1,3.1
04/13/2025 08:05:07 pm,12.900,5.030000,8.9,3.0
04/13/2025 08:05:07 pm,12.950,5.035000,9.0,3.0
04/13/2025 08:05:08 pm,13.000,5.050000,9.0,3.0
04/13/2025 08:05:08 pm,13.050,5.155000,8.1,2.9
04/13/2025 08:05:08 pm,13.100,5.205000,7.2,2.9
04/13/2025 08:05:08 pm,13.150,5.220000,7.4,2.9
04/13/2025 08:05:08 pm,13.200,5.355000,6.5,2.8
04/13/2025 08:05:08 pm,13.250,5.485000,4.7,2.7
04/13/2025 08:05:08 pm,13.300,5.590000,4.1,2.6
04/13/2025 08:05:08 pm,13.350,5.680000,3.4,2.5
04/13/2025 08:05:08 pm,13.400,5.755000,3.0,2.5
04/13/2025 08:05:08 pm,13.450,5.820000,2.7,2.4
04/13/2025 08:05:08 pm,13.500,5.920000,2.3,2.4
04/13/2025 08:05:08 pm,13.550,6.045000,1.8,2.3
04/13/2025 08:05:08 pm,13.600,6.170000,1.4,2.1
04/13/2025 08:05:08 pm,13.650,6.280000,1.2,2.1
04/13/2025 08:05:08 pm,13.700,6.435000,0.9,2.0
04/13/2025 08:05:08 pm,13.750,6.510000,0.9,1.9
04/13/2025 08:05:08 pm,13.800,6.535000,0.9,1.9
04/13/2025 08:05:08 pm,13.850,6.605000,0.9,1.9
04/13/2025 08:05:08 pm,13.900,6.695000,0.9,1.9
04/13/2025 08:05:08 pm,13.950,6.770000,0.9,2.0
04/13/2025 08:05:09 pm,14.000,6.830000,0.9,2.0
04/13/2025 08:05:09 pm,14.050,6.890000,1.0,2.0
04/13/2025 08:05:09 pm,14.100,6.960000,1.1,2.0
04/13/2025 08:05:09 pm,14.150,7.075000,1.3,2.1
04/13/2025 08:05:09 pm,14.200,7.155000,1.4,2.2
04/13/2025 08:05:09 pm,14.250,7.195000,1.5,2.2
04/13/2025 08:05:09 pm,14.300,7.325000,1.7,2.2
04/13/2025 08:05:09 pm,14.350,7.430000,2.0,2.3
04/13/2025 08:05:09 pm,14.400,7.525000,2.2,2.3
04/13/2025 08:05:09 pm,14.450,7.730000,2.7,2.4
04/13/2025 08:05:09 pm,14.500,7.865000,3.1,2.5
04/13/2025 08:05:09 pm,14.550,7.990000,3.6,2.6
04/13/2025 08:05:09 pm,14.600,8.030000,3.7,2.6
04/13/2025 08:05:09 pm,14.650,8.105000,3.7,2.6
04/13/2025 08:05:09 pm,14.700,8.245000,4.3,2.6
04/13/2025 08:05:09 pm,14.750,8.405000,4.6,2.7
04/13/2025 08:05:09 pm,14.800,8.615000,5.3,2.7
04/13/2025 08:05:09 pm,14.850,8.745000,5.6,2.7
04/13/2025 08:05:09 pm,14.900,8.845000,5.8,2.8
04/13/2025 08:05:09 pm,14.950,8.855000,5.9,2.8
04/13/2025 08:05:10 pm,15.000,8.855000,5.9,2.8
04/13/2025 08:05:10 pm,15.050,8.860000,5.8,2.8
04/13/2025 08:05:10 pm,15.100,8.930000,5.9,2.8
04/13/2025 08:05:10 pm,15.150,9.065000,6.2,2.8
04/13/2025 08:05:10 pm,15.200,9.230000,6.3,2.8
04/13/2025 08:05:10 pm,15.250,9.500000,6.6,2.8
04/13/2025 08:05:10 pm,15.300,9.570000,6.6,2.8
04/13/2025 08:05:10 pm,15.350,9.590000,6.7,2.8
04/13/2025 08:05:10 pm,15.400,9.615000,6.7,2.8
04/13/2025 08:05:10 pm,15.450,9.630000,6.7,2.8
04/13/2025 08:05:10 pm,15.500,9.710000,6.7,2.8
04/13/2025 08:05:10 pm,15.550,9.795000,6.7,2.8
04/13/2025 08:05:10 pm,15.600,9.880000,6.7,2.8
04/13/2025 08:05:10 pm,15.650,10.020000,6.6,2.8
04/13/2025 08:05:10 pm,15.700,10.090000,6.5,2.8
04/13/2025 08:05:10 pm,15.750,10.165000,6.4,2.8
04/13/2025 08:05:10 pm,15.800,10.270000,6.3,2.8
04/13/2025 08:05:10 pm,15.850,10.320000,6.2,2.8
04/13/2025 08:05:10 pm,15.900,10.390000,6.1,2.8
04/13/2025 08:05:10 pm,15.950,10.475000,6.0,2.8
04/13/2025 08:05:11 pm,16.000,10.515000,5.9,2.8
04/13/2025 08:05:11 pm,16.050,10.560000,5.9,2.8
04/13/2025 08:05:11 pm,16.100,10.595000,5.8,2.8
04/13/2025 08:05:11 pm,16.150,10.670000,5.7,2.8
04/13/2025 08:05:11 pm,16.200,10.865000,5.4,2.7
04/13/2025 08:05:11 pm,16.250,11.010000,5.1,2.7
04/13/2025 08:05:11 pm,16.300,11.180000,4.8,2.7
04/13/2025 08:05:11 pm,16.350,11.340000,4.4,2.6
04/13/2025 08:05:11 pm,16.400,11.445000,4.1,2.6
04/13/2025 08:05:11 pm,16.450,11.520000,3.9,2.6
04/13/2025 08:05:11 pm,16.500,11.695000,3.5,2.5
04/13/2025 08:05:11 pm,16.550,11.890000,3.0,2.5
04/13/2025 08:05:11 pm,16.600,12.060000,2.6,2.4
04/13/2025 08:05:11 pm,16.650,12.150000,2.3,2.4
04/13/2025 08:05:11 pm,16.700,12.235000,2.2,2.3
04/13/2025 08:05:11 pm,16.750,12.345000,2.0,2.3
04/13/2025 08:05:11 pm,16.800,12.470000,1.8,2.3
04/13/2025 08:05:11 pm,16.850,12.745000,1.4,2.1
04/13/2025 08:05:11 pm,16.900,12.795000,1.2,2.1
04/13/2025 08:05:11 pm,16.950,12.870000,1.2,2.1
04/13/2025 08:05:12 pm,17.000,13.120000,0.9,1.9
04/13/2025 08:05:12 pm,17.050,13.285000,0.7,1.8
04/13/2025 08:05:12 pm,17.100,13.525000,0.6,1.8
04/13/2025 08:05:12 pm,17.150,13.690000,0.5,1.7
04/13/2025 08:05:12 pm,17.200,13.895000,0.5,1.7
04/13/2025 08:05:12 pm,17.250,14.080000,0.6,1.7
04/13/2025 08:05:12 pm,17.300,14.190000,0.6,1.8
04/13/2025 08:05:12 pm,17.350,14.315000,0.7,1.8
04/13/2025 08:05:12 pm,17.400,14.490000,0.7,1.9
04/13/2025 08:05:12 pm,17.450,14.655000,0.9,1.9
04/13/2025 08:05:12 pm,17.500,14.915000,1.1,2.0
04/13/2025 08:05:12 pm,17.550,15.030000,1.2,2.1
04/13/2025 08:05:12 pm,17.600,15.065000,1.2,2.1
04/13/2025 08:05:12 pm,17.650,15.180000,1.3,2.1
04/13/2025 08:05:12 pm,17.700,15.450000,1.6,2.2
04/13/2025 08:05:12 pm,17.750,15.535000,1.7,2.2
04/13/2025 08:05:12 pm,17.800,15.535000,1.7,2.2
04/13/2025 08:05:12 pm,17.850,15.565000,1.7,2.2
04/13/2025 08:05:12 pm,17.900,15.630000,1.8,2.3
04/13/2025 08:05:12 pm,17.950,15.645000,1.8,2.3
04/13/2025 08:05:13 pm,18.000,15.680000,1.8,2.3
04/13/2025 08:05:13 pm,18.050,15.820000,1.9,2.3
04/13/2025 08:05:13 pm,18.100,15.885000,2.0,2.3
04/13/2025 08:05:13 pm,18.150,15.885000,2.0,2.3
04/13/2025 08:05:13 pm,18.200,15.985000,2.0,2.3
04/13/2025 08:05:13 pm,18.250,16.085000,2.1,2.3
04/13/2025 08:05:13 pm,18.300,16.180000,2.2,2.3
04/13/2025 08:05:13 pm,18.350,16.245000,2.3,2.4
04/13/2025 08:05:13 pm,18.400,16.295000,2.3,2.4
04/13/2025 08:05:13 pm,18.450,16.450000,2.3,2.4
04/13/2025 08:05:13 pm,18.500,16.600000,2.5,2.4
04/13/2025 08:05:13 pm,18.550,16.660000,2.5,2.4
04/13/2025 08:05:13 pm,18.600,16.770000,2.5,2.4
04/13/2025 08:05:13 pm,18.650,17.015000,2.6,2.4
04/13/2025 08:05:13 pm,18.700,17.170000,2.6,2.4
04/13/2025 08:05:13 pm,18.750,17.325000,2.6,2.4
04/13/2025 08:05:13 pm,18.800,17.605000,2.5,2.4
04/13/2025 08:05:13 pm,18.850,17.825000,2.4,2.4
04/13/2025 08:05:13 pm,18.900,17.955000,2.3,2.4
04/13/2025 08:05:13 pm,18.950,18.050000,2.3,2.4
04/13/2025 08:05:14 pm,19.000,18.180000,2.2,2.3
04/13/2025 08:05:14 pm,19.050,18.330000,2.1,2.3
04/13/2025 08:05:14 pm,19.100,18.445000,2.0,2.3
04/13/2025 08:05:14 pm,19.150,18.535000,2.0,2.3
04/13/2025 08:05:14 pm,19.200,18.585000,1.9,2.3
04/13/2025 08:05:14 pm,19.250,18.645000,1.9,2.3
04/13/2025 08:05:14 pm,19.300,18.770000,1.8,2.2
04/13/2025 08:05:14 pm,19.350,18.855000,1.7,2.2
04/13/2025 08:05:14 pm,19.400,18.980000,1.6,2.2
04/13/2025 08:05:14 pm,19.450,19.130000,1.5,2.2
04/13/2025 08:05:14 pm,19.500,19.215000,1.4,2.1
04/13/2025 08:05:14 pm,19.550,19.295000,1.3,2.1
04/13/2025 08:05:14 pm,19.600,19.420000,1.2,2.1
04/13/2025 08:05:14 pm,19.650,19.420000,1.2,2.1
04/13/2025 08:05:14 pm,19.700,19.420000,1.2,2.1
04/13/2025 08:05:14 pm,19.750,19.420000,1.2,2.1
04/13/2025 08:05:14 pm,19.800,19.420000,1.2,2.1
04/13/2025 08:05:14 pm,19.850,19.420000,1.2,2.1
04/13/2025 08:05:14 pm,19.900,19.420000,1.2,2.1
04/13/2025 08:05:14 pm,19.950,19.420000,1.2,2.1
04/13/2025 08:05:15 pm,20.000,19.420000,1.2,2.1
04/13/2025 08:05:15 pm,20.050,19.450000,1.2,2.1
04/13/2025 08:05:15 pm,20.100,19.455000,1.2,2.1
04/13/2025 08:05:15 pm,20.150,19.470000,1.2,2.1
04/13/2025 08:05:15 pm,20.200,19.850000,1.0,2.0
04/13/2025 08:05:15 pm,20.250,20.010000,0.7,1.9
04/13/2025 08:05:15 pm,20.300,20.010000,0.8,1.9
04/13/2025 08:05:15 pm,20.350,20.100000,0.7,1.9
04/13/2025 08:05:15 pm,20.400,20.145000,0.7,1.8
04/13/2025 08:05:15 pm,20.450,20.200000,0.7,1.8
04/13/2025 08:05:15 pm,20.500,20.300000,0.6,1.8
04/13/2025 08:05:15 pm,20.550,20.370000,0.6,1.8
04/13/2025 08:05:15 pm,20.600,20.445000,0.6,1.8
04/13/2025 08:05:15 pm,20.650,20.495000,0.6,1.8
04/13/2025 08:05:15 pm,20.700,20.535000,0.6,1.7
04/13/2025 08:05:15 pm,20.750,20.630000,0.5,1.7
04/13/2025 08:05:15 pm,20.800,20.715000,0.5,1.7
04/13/2025 08:05:15 pm,20.850,20.790000,0.5,1.7
04/13/2025 08:05:15 pm,20.900,20.915000,0.5,1.7
04/13/2025 08:05:15 pm,20.950,21.075000,0.5,1.7
04/13/2025 08:05:16 pm,21.000,21.180000,0.5,1.7
04/13/2025 08:05:16 pm,21.050,21.245000,0.5,1.7
04/13/2025 08:05:16 pm,21.100,21.350000,0.5,1.7
04/13/2025 08:05:16 pm,21.150,21.425000,0.5,1.7
04/13/2025 08:05:16 pm,21.200,21.550000,0.5,1.7
04/13/2025 08:05:16 pm,21.250,21.675000,0.5,1.7
04/13/2025 08:05:16 pm,21.300,21.770000,0.6,1.8
04/13/2025 08:05:16 pm,21.350,21.850000,0.6,1.8
04/13/2025 08:05:16 pm,21.400,21.970000,0.6,1.8
04/13/2025 08:05:16 pm,21.450,22.070000,0.7,1.8
04/13/2025 08:05:16 pm,21.500,22.135000,0.7,1.9
04/13/2025 08:05:16 pm,21.550,22.255000,0.8,1.9
04/13/2025 08:05:16 pm,21.600,22.385000,0.8,1.9
04/13/2025 08:05:16 pm,21.650,22.445000,0.9,1.9
04/13/2025 08:05:16 pm,21.700,22.550000,0.9,2.0
04/13/2025 08:05:16 pm,21.750,22.620000,1.0,2.0
04/13/2025 08:05:16 pm,21.800,22.700000,1.0,2.0
04/13/2025 08:05:16 pm,21.850,22.785000,1.1,2.0
04/13/2025 08:05:16 pm,21.900,22.835000,1.1,2.0
04/13/2025 08:05:16 pm,21.950,22.905000,1.1,2.0
04/13/2025 08:05:17 pm,22.000,23.255000,1.2,2.1
04/13/2025 08:05:17 pm,22.050,23.430000,1.4,2.1
04/13/2025 08:05:17 pm,22.100,23.430000,1.3,2.1
04/13/2025 08:05:17 pm,22.150,23.435000,1.3,2.1
04/13/2025 08:05:17 pm,22.200,23.435000,1.3,2.1
04/13/2025 08:05:17 pm,22.250,23.495000,1.3,2.1
04/13/2025 08:05:17 pm,22.300,23.610000,1.4,2.1
04/13/2025 08:05:17 pm,22.350,23.630000,1.4,2.1
04/13/2025 08:05:17 pm,22.400,23.695000,1.4,2.2
04/13/2025 08:05:17 pm,22.450,23.945000,1.5,2.2
04/13/2025 08:05:17 pm,22.500,24.105000,1.5,2.2
04/13/2025 08:05:17 pm,22.550,24.130000,1.5,2.2
04/13/2025 08:05:17 pm,22.600,24.275000,1.5,2.2
04/13/2025 08:05:17 pm,22.650,24.475000,1.5,2.2
04/13/2025 08:05:17 pm,22.700,24.525000,1.5,2.2
04/13/2025 08:05:17 pm,22.750,24.635000,1.5,2.2
04/13/2025 08:05:17 pm,22.800,24.770000,1.5,2.2
04/13/2025 08:05:17 pm,22.850,24.865000,1.5,2.2
04/13/2025 08:05:17 pm,22.900,24.975000,1.5,2.2
04/13/2025 08:05:17 pm,22.950,25.055000,1.5,2.2
04/13/2025 08:05:18 pm,23.000,25.145000,1.4,2.2
04/13/2025 08:05:18 pm,23.050,25.220000,1.4,2.2
04/13/2025 08:05:18 pm,23.100,25.290000,1.4,2.1
04/13/2025 08:05:18 pm,23.150,25.390000,1.4,2.1
04/13/2025 08:05:18 pm,23.200,25.465000,1.3,2.1
04/13/2025 08:05:18 pm,23.250,25.515000,1.3,2.1
04/13/2025 08:05:18 pm,23.300,25.610000,1.3,2.1
04/13/2025 08:05:18 pm,23.350,25.665000,1.2,2.1
04/13/2025 08:05:18 pm,23.400,25.730000,1.2,2.1
04/13/2025 08:05:18 pm,23.450,25.810000,1.2,2.1
04/13/2025 08:05:18 pm,23.500,25.870000,1.2,2.1
04/13/2025 08:05:18 pm,23.550,25.935000,1.2,2.1
04/13/2025 08:05:18 pm,23.600,26.030000,1.1,2.1
04/13/2025 08:05:18 pm,23.650,26.060000,1.1,2.0
04/13/2025 08:05:18 pm,23.700,26.105000,1.1,2.0
04/13/2025 08:05:18 pm,23.750,26.175000,1.1,2.0
04/13/2025 08:05:18 pm,23.800,26.250000,1.1,2.0
04/13/2025 08:05:18 pm,23.850,26.385000,1.0,2.0
04/13/2025 08:05:18 pm,23.900,26.435000,1.0,2.0
04/13/2025 08:05:18 pm,23.950,26.475000,1.0,2.0
04/13/2025 08:05:19 pm,24.000,26.525000,1.0,2.0
04/13/2025 08:05:19 pm,24.050,26.610000,0.9,2.0
04/13/2025 08:05:19 pm,24.100,26.680000,0.9,2.0
04/13/2025 08:05:19 pm,24.150,26.705000,0.9,1.9
04/13/2025 08:05:19 pm,24.200,26.715000,0.9,1.9
04/13/2025 08:05:19 pm,24.250,26.775000,0.9,1.9
04/13/2025 08:05:19 pm,24.300,26.955000,0.8,1.9
04/13/2025 08:05:19 pm,24.350,27.060000,0.7,1.9
04/13/2025 08:05:19 pm,24.400,27.060000,0.7,1.9
04/13/2025 08:05:19 pm,24.450,27.075000,0.7,1.9
04/13/2025 08:05:19 pm,24.500,27.185000,0.7,1.8
04/13/2025 08:05:19 pm,24.550,27.380000,0.6,1.8
04/13/2025 08:05:19 pm,24.600,27.510000,0.6,1.8
04/13/2025 08:05:19 pm,24.650,27.550000,0.6,1.8
04/13/2025 08:05:19 pm,24.700,27.565000,0.6,1.8
04/13/2025 08:05:19 pm,24.750,27.660000,0.5,1.7
04/13/2025 08:05:19 pm,24.800,27.785000,0.5,1.7
04/13/2025 08:05:19 pm,24.850,27.885000,0.5,1.7
04/13/2025 08:05:19 pm,24.900,27.915000,0.5,1.7
04/13/2025 08:05:19 pm,24.950,28.015000,0.5,1.7
04/13/2025 08:05:20 pm,25.000,28.065000,0.5,1.7
04/13/2025 08:05:20 pm,25.050,28.170000,0.5,1.7
04/13/2025 08:05:20 pm,25.100,28.190000,0.5,1.7
04/13/2025 08:05:20 pm,25.150,28.245000,0.5,1.7
04/13/2025 08:05:20 pm,25.200,28.305000,0.5,1.7
04/13/2025 08:05:20 pm,25.250,28.380000,0.5,1.7
04/13/2025 08:05:20 pm,25.300,28.465000,0.5,1.7
04/13/2025 08:05:20 pm,25.350,28.515000,0.5,1.7
04/13/2025 08:05:20 pm,25.400,28.585000,0.5,1.7
04/13/2025 08:05:20 pm,25.450,28.635000,0.5,1.7
04/13/2025 08:05:20 pm,25.500,28.700000,0.5,1.7
04/13/2025 08:05:20 pm,25.550,28.735000,0.5,1.7
04/13/2025 08:05:20 pm,25.600,28.865000,0.5,1.7
04/13/2025 08:05:20 pm,25.650,28.990000,0.5,1.7
04/13/2025 08:05:20 pm,25.700,29.095000,0.5,1.7
04/13/2025 08:05:20 pm,25.750,29.190000,0.6,1.7
04/13/2025 08:05:20 pm,25.800,29.280000,0.6,1.7
04/13/2025 08:05:20 pm,25.850,29.400000,0.6,1.8
04/13/2025 08:05:20 pm,25.900,29.560000,0.6,1.8
04/13/2025 08:05:20 pm,25.950,29.705000,0.7,1.8
04/13/2025 08:05:21 pm,26.000,29.845000,0.7,1.9
04/13/2025 08:05:21 pm,26.050,29.895000,0.7,1.9
04/13/2025 08:05:21 pm,26.100,30.015000,0.8,1.9
04/13/2025 08:05:21 pm,26.150,30.090000,0.8,1.9
04/13/2025 08:05:21 pm,26.200,30.255000,0.8,1.9
04/13/2025 08:05:21 pm,26.250,30.315000,0.9,1.9
04/13/2025 08:05:21 pm,26.300,30.355000,0.9,1.9
04/13/2025 08:05:21 pm,26.350,30.430000,0.9,1.9
04/13/2025 08:05:21 pm,26.400,30.505000,0.9,2.0
04/13/2025 08:05:21 pm,26.450,30.520000,0.9,2.0
04/13/2025 08:05:21 pm,26.500,30.550000,0.9,2.0
04/13/2025 08:05:21 pm,26.550,30.595000,0.9,2.0
04/13/2025 08:05:21 pm,26.600,30.660000,1.0,2.0
04/13/2025 08:05:21 pm,26.650,30.725000,1.0,2.0
04/13/2025 08:05:21 pm,26.700,30.805000,1.0,2.0
04/13/2025 08:05:21 pm,26.750,30.905000,1.0,2.0
04/13/2025 08:05:21 pm,26.800,30.985000,1.0,2.0
04/13/2025 08:05:21 pm,26.850,31.125000,1.1,2.0
04/13/2025 08:05:21 pm,26.900,31.255000,1.1,2.0
04/13/2025 08:05:21 pm,26.950,31.415000,1.1,2.0
04/13/2025 08:05:22 pm,27.000,31.630000,1.1,2.0
04/13/2025 08:05:22 pm,27.050,31.780000,1.1,2.1
04/13/2025 08:05:22 pm,27.100,31.935000,1.1,2.0
04/13/2025 08:05:22 pm,27.150,32.035000,1.1,2.0
04/13/2025 08:05:22 pm,27.200,32.060000,1.1,2.0
04/13/2025 08:05:22 pm,27.250,32.110000,1.1,2.0
04/13/2025 08:05:22 pm,27.300,32.325000,1.1,2.0
04/13/2025 08:05:22 pm,27.350,32.610000,1.1,2.0
04/13/2025 08:05:22 pm,27.400,32.760000,1.0,2.0
04/13/2025 08:05:22 pm,27.450,32.835000,1.0,2.0
04/13/2025 08:05:22 pm,27.500,32.870000,1.0,2.0
04/13/2025 08:05:22 pm,27.550,32.980000,1.0,2.0
04/13/2025 08:05:22 pm,27.600,33.135000,0.9,2.0
04/13/2025 08:05:22 pm,27.650,33.305000,0.9,1.9
04/13/2025 08:05:22 pm,27.700,33.435000,0.8,1.9
04/13/2025 08:05:22 pm,27.750,33.705000,0.8,1.9
04/13/2025 08:05:22 pm,27.800,33.845000,0.7,1.8
04/13/2025 08:05:22 pm,27.850,33.935000,0.7,1.8
04/13/2025 08:05:22 pm,27.900,34.160000,0.6,1.8
04/13/2025 08:05:22 pm,27.950,34.340000,0.6,1.8
04/13/2025 08:05:23 pm,28.000,34.405000,0.6,1.8
04/13/2025 08:05:23 pm,28.050,34.495000,0.6,1.8
04/13/2025 08:05:23 pm,28.100,34.640000,0.5,1.7
04/13/2025 08:05:23 pm,28.150,34.710000,0.5,1.7
04/13/2025 08:05:23 pm,28.200,34.765000,0.5,1.7
04/13/2025 08:05:23 pm,28.250,34.855000,0.5,1.7
04/13/2025 08:05:23 pm,28.300,35.035000,0.5,1.7
04/13/2025 08:05:23 pm,28.350,35.160000,0.5,1.7
04/13/2025 08:05:23 pm,28.400,35.285000,0.5,1.7
04/13/2025 08:05:23 pm,28.450,35.500000,0.4,1.7
04/13/2025 08:05:23 pm,28.500,35.630000,0.5,1.7
04/13/2025 08:05:23 pm,28.550,35.790000,0.5,1.7
04/13/2025 08:05:23 pm,28.600,35.975000,0.5,1.7
04/13/2025 08:05:23 pm,28.650,36.090000,0.5,1.7
04/13/2025 08:05:23 pm,28.700,36.155000,0.5,1.7
04/13/2025 08:05:23 pm,28.750,36.295000,0.5,1.7
04/13/2025 08:05:23 pm,28.800,36.450000,0.5,1.7
04/13/2025 08:05:23 pm,28.850,36.615000,0.5,1.7
04/13/2025 08:05:23 pm,28.900,36.860000,0.5,1.7
04/13/2025 08:05:23 pm,28.950,37.060000,0.6,1.8
04/13/2025 08:05:24 pm,29.000,37.080000,0.6,1.8
04/13/2025 08:05:24 pm,29.050,37.150000,0.6,1.8
04/13/2025 08:05:24 pm,29.100,37.320000,0.6,1.8
04/13/2025 08:05:24 pm,29.150,37.480000,0.7,1.8
04/13/2025 08:05:24 pm,29.200,37.570000,0.7,1.8
04/13/2025 08:05:24 pm,29.250,37.700000,0.7,1.9
04/13/2025 08:05:24 pm,29.300,37.810000,0.8,1.9
04/13/2025 08:05:24 pm,29.350,37.875000,0.8,1.9
04/13/2025 08:05:24 pm,29.400,38.000000,0.8,1.9
04/13/2025 08:05:24 pm,29.450,38.085000,0.8,1.9
04/13/2025 08:05:24 pm,29.500,38.155000,0.8,1.9
04/13/2025 08:05:24 pm,29.550,38.235000,0.8,1.9
04/13/2025 08:05:24 pm,29.600,38.315000,0.8,1.9
04/13/2025 08:05:24 pm,29.650,38.410000,0.8,1.9
04/13/2025 08:05:24 pm,29.700,38.515000,0.8,1.9
04/13/2025 08:05:24 pm,29.750,38.620000,0.9,1.9
04/13/2025 08:05:24 pm,29.800,38.690000,0.9,1.9
04/13/2025 08:05:24 pm,29.850,38.785000,0.9,1.9
04/13/2025 08:05:24 pm,29.900,38.865000,0.9,1.9
04/13/2025 08:05:24 pm,29.950,38.910000,0.9,1.9
04/13/2025 08:05:25 pm,30.000,38.910000,0.9,1.9
04/13/2025 08:05:25 pm,30.050,38.910000,0.9,2.0
04/13/2025 08:05:25 pm,30.100,38.950000,0.9,2.0
04/13/2025 08:05:25 pm,30.150,39.010000,0.9,1.9
04/13/2025 08:05:25 pm,30.200,39.065000,0.9,1.9
04/13/2025 08:05:25 pm,30.250,39.115000,0.9,2.0
04/13/2025 08:05:25 pm,30.300,39.300000,0.9,2.0
04/13/2025 08:05:25 pm,30.350,39.375000,0.9,2.0
04/13/2025 08:05:25 pm,30.400,39.425000,0.9,2.0
04/13/2025 08:05:25 pm,30.450,39.475000,0.9,1.9
04/13/2025 08:05:25 pm,30.500,39.510000,0.9,1.9
04/13/2025 08:05:25 pm,30.550,39.585000,0.9,1.9
04/13/2025 08:05:25 pm,30.600,39.740000,0.9,1.9
04/13/2025 08:05:25 pm,30.650,39.815000,0.9,1.9
04/13/2025 08:05:25 pm,30.700,39.940000,0.9,1.9
04/13/2025 08:05:25 pm,30.750,40.035000,0.8,1.9
04/13/2025 08:05:25 pm,30.800,40.150000,0.8,1.9
04/13/2025 08:05:25 pm,30.850,40.285000,0.8,1.9
04/13/2025 08:05:25 pm,30.900,40.370000,0.8,1.9
04/13/2025 08:05:25 pm,30.950,40.415000,0.8,1.9
04/13/2025 08:05:26 pm,31.000,40.420000,0.8,1.9
04/13/2025 08:05:26 pm,31.050,40.435000,0.8,1.9
04/13/2025 08:05:26 pm,31.100,40.485000,0.8,1.9
04/13/2025 08:05:26 pm,31.150,40.520000,0.8,1.9
04/13/2025 08:05:26 pm,31.200,40.550000,0.8,1.9
04/13/2025 08:05:26 pm,31.250,40.625000,0.8,1.9
04/13/2025 08:05:26 pm,31.300,40.675000,0.7,1.9
04/13/2025 08:05:26 pm,31.350,40.715000,0.7,1.9
04/13/2025 08:05:26 pm,31.400,40.765000,0.7,1.9
04/13/2025 08:05:26 pm,31.450,40.840000,0.7,1.9
04/13/2025 08:05:26 pm,31.500,40.890000,0.7,1.8
04/13/2025 08:05:26 pm,31.550,40.970000,0.7,1.8
04/13/2025 08:05:26 pm,31.600,41.080000,0.7,1.8
04/13/2025 08:05:26 pm,31.650,41.145000,0.7,1.8
04/13/2025 08:05:26 pm,31.700,41.280000,0.6,1.8
04/13/2025 08:05:26 pm,31.750,41.380000,0.6,1.8
04/13/2025 08:05:26 pm,31.800,41.425000,0.6,1.8
04/13/2025 08:05:26 pm,31.850,41.530000,0.6,1.8
04/13/2025 08:05:26 pm,31.900,41.680000,0.6,1.7
04/13/2025 08:05:26 pm,31.950,41.805000,0.5,1.7
04/13/2025 08:05:27 pm,32.000,41.935000,0.5,1.7
04/13/2025 08:05:27 pm,32.050,41.950000,0.5,1.7
04/13/2025 08:05:27 pm,32.100,42.055000,0.5,1.7
04/13/2025 08:05:27 pm,32.150,42.115000,0.5,1.7
04/13/2025 08:05:27 pm,32.200,42.260000,0.5,1.7
04/13/2025 08:05:27 pm,32.250,42.450000,0.5,1.7
04/13/2025 08:05:27 pm,32.300,42.555000,0.5,1.7
04/13/2025 08:05:27 pm,32.350,42.565000,0.5,1.7
04/13/2025 08:05:27 pm,32.400,42.645000,0.5,1.7
04/13/2025 08:05:27 pm,32.450,42.845000,0.4,1.6
04/13/2025 08:05:27 pm,32.500,42.870000,0.5,1.7
04/13/2025 08:05:27 pm,32.550,42.925000,0.5,1.7
04/13/2025 08:05:27 pm,32.600,43.065000,0.5,1.7
04/13/2025 08:05:27 pm,32.650,43.180000,0.5,1.7
04/13/2025 08:05:27 pm,32.700,43.335000,0.5,1.7
04/13/2025 08:05:27 pm,32.750,43.430000,0.5,1.7
04/13/2025 08:05:27 pm,32.800,43.615000,0.5,1.7
04/13/2025 08:05:27 pm,32.850,43.755000,0.5,1.7
04/13/2025 08:05:27 pm,32.900,43.835000,0.5,1.7
04/13/2025 08:05:27 pm,32.950,43.990000,0.5,1.7
04/13/2025 08:05:28 pm,33.000,44.165000,0.5,1.7
04/13/2025 08:05:28 pm,33.050,44.215000,0.5,1.7
04/13/2025 08:05:28 pm,33.100,44.255000,0.6,1.7
04/13/2025 08:05:28 pm,33.150,44.305000,0.6,1.8
04/13/2025 08:05:28 pm,33.200,44.380000,0.6,1.8
04/13/2025 08:05:28 pm,33.250,44.490000,0.6,1.8
04/13/2025 08:05:28 pm,33.300,44.550000,0.6,1.8
04/13/2025 08:05:28 pm,33.350,44.585000,0.6,1.8
04/13/2025 08:05:28 pm,33.400,44.685000,0.6,1.8
04/13/2025 08:05:28 pm,33.450,44.825000,0.6,1.8
04/13/2025 08:05:28 pm,33.500,44.890000,0.6,1.8
04/13/2025 08:05:28 pm,33.550,45.140000,0.7,1.8
04/13/2025 08:05:28 pm,33.600,45.240000,0.7,1.8
04/13/2025 08:05:28 pm,33.650,45.250000,0.7,1.8
04/13/2025 08:05:28 pm,33.700,45.335000,0.7,1.8
04/13/2025 08:05:28 pm,33.750,45.385000,0.7,1.8
04/13/2025 08:05:28 pm,33.800,45.445000,0.7,1.8
04/13/2025 08:05:28 pm,33.850,45.520000,0.7,1.8
04/13/2025 08:05:28 pm,33.900,45.565000,0.7,1.8
04/13/2025 08:05:28 pm,33.950,45.695000,0.7,1.9
04/13/2025 08:05:29 pm,34.000,45.785000,0.7,1.9
04/13/2025 08:05:29 pm,34.050,45.910000,0.7,1.9
04/13/2025 08:05:29 pm,34.100,46.020000,0.7,1.9
04/13/2025 08:05:29 pm,34.150,46.125000,0.7,1.9
04/13/2025 08:05:29 pm,34.200,46.230000,0.7,1.9
04/13/2025 08:05:29 pm,34.250,46.350000,0.8,1.9
04/13/2025 08:05:29 pm,34.300,46.450000,0.8,1.9
04/13/2025 08:05:29 pm,34.350,46.600000,0.7,1.9
04/13/2025 08:05:29 pm,34.400,46.645000,0.7,1.9
04/13/2025 08:05:29 pm,34.450,46.680000,0.8,1.9
04/13/2025 08:05:29 pm,34.500,46.770000,0.7,1.9
04/13/2025 08:05:29 pm,34.550,46.845000,0.7,1.9
04/13/2025 08:05:29 pm,34.600,46.895000,0.7,1.9
04/13/2025 08:05:29 pm,34.650,46.995000,0.7,1.9
04/13/2025 08:05:29 pm,34.700,47.185000,0.7,1.9
04/13/2025 08:05:29 pm,34.750,47.330000,0.7,1.8
04/13/2025 08:05:29 pm,34.800,47.445000,0.7,1.8
04/13/2025 08:05:29 pm,34.850,47.515000,0.7,1.8
04/13/2025 08:05:29 pm,34.900,47.545000,0.7,1.8
04/13/2025 08:05:29 pm,34.950,47.600000,0.7,1.8
04/13/2025 08:05:30 pm,35.000,47.685000,0.7,1.8
04/13/2025 08:05:30 pm,35.050,47.760000,0.7,1.8
04/13/2025 08:05:30 pm,35.100,47.845000,0.7,1.8
04/13/2025 08:05:30 pm,35.150,48.005000,0.6,1.8
04/13/2025 08:05:30 pm,35.200,48.070000,0.6,1.8
04/13/2025 08:05:30 pm,35.250,48.145000,0.6,1.8
04/13/2025 08:05:30 pm,35.300,48.175000,0.6,1.8
04/13/2025 08:05:30 pm,35.350,48.360000,0.6,1.8
04/13/2025 08:05:30 pm,35.400,48.435000,0.6,1.8
04/13/2025 08:05:30 pm,35.450,48.605000,0.6,1.8
04/13/2025 08:05:30 pm,35.500,48.685000,0.6,1.7
04/13/2025 08:05:30 pm,35.550,48.805000,0.5,1.7
04/13/2025 08:05:30 pm,35.600,48.940000,0.5,1.7
04/13/2025 08:05:30 pm,35.650,49.060000,0.5,1.7
04/13/2025 08:05:30 pm,35.700,49.095000,0.5,1.7
04/13/2025 08:05:30 pm,35.750,49.110000,0.5,1.7
04/13/2025 08:05:30 pm,35.800,49.120000,0.5,1.7
04/13/2025 08:05:30 pm,35.850,49.145000,0.5,1.7
04/13/2025 08:05:30 pm,35.900,49.170000,0.5,1.7
04/13/2025 08:05:30 pm,35.950,49.240000,0.5,1.7
04/13/2025 08:05:31 pm,36.000,49.295000,0.5,1.7
04/13/2025 08:05:31 pm,36.050,49.390000,0.5,1.7
04/13/2025 08:05:31 pm,36.100,49.475000,0.5,1.7
04/13/2025 08:05:31 pm,36.150,49.590000,0.5,1.7
04/13/2025 08:05:31 pm,36.200,49.680000,0.5,1.7
04/13/2025 08:05:31 pm,36.250,49.775000,0.5,1.7
04/13/2025 08:05:31 pm,36.300,49.865000,0.5,1.7
04/13/2025 08:05:31 pm,36.350,49.915000,0.4,1.7
04/13/2025 08:05:31 pm,36.400,50.005000,0.5,1.7
04/13/2025 08:05:31 pm,36.450,50.060000,0.4,1.7
04/13/2025 08:05:31 pm,36.500,50.115000,0.4,1.7
04/13/2025 08:05:31 pm,36.550,50.170000,0.4,1.7
04/13/2025 08:05:31 pm,36.600,50.225000,0.5,1.7
04/13/2025 08:05:31 pm,36.650,50.255000,0.4,1.7
04/13/2025 08:05:31 pm,36.700,50.270000,0.4,1.6
04/13/2025 08:05:31 pm,36.750,50.330000,0.4,1.6
04/13/2025 08:05:31 pm,36.800,50.375000,0.4,1.7
04/13/2025 08:05:31 pm,36.850,50.400000,0.5,1.7
04/13/2025 08:05:31 pm,36.900,50.420000,0.5,1.7
04/13/2025 08:05:31 pm,36.950,50.490000,0.4,1.7
04/13/2025 08:05:32 pm,37.000,50.590000,0.5,1.7
04/13/2025 08:05:32 pm,37.050,50.620000,0.5,1.7
04/13/2025 08:05:32 pm,37.100,50.625000,0.5,1.7
04/13/2025 08:05:32 pm,37.150,50.650000,0.5,1.7
04/13/2025 08:05:32 pm,37.200,50.680000,0.5,1.7
04/13/2025 08:05:32 pm,37.250,50.695000,0.5,1.7
04/13/2025 08:05:32 pm,37.300,50.715000,0.5,1.7
04/13/2025 08:05:32 pm,37.350,50.740000,0.5,1.7
04/13/2025 08:05:32 pm,37.400,50.770000,0.5,1.7
04/13/2025 08:05:32 pm,37.450,50.825000,0.5,1.7
04/13/2025 08:05:32 pm,37.500,50.840000,0.5,1.7
04/13/2025 08:05:32 pm,37.550,50.855000,0.5,1.7
04/13/2025 08:05:32 pm,37.600,50.900000,0.5,1.7
04/13/2025 08:05:32 pm,37.650,50.950000,0.5,1.7
04/13/2025 08:05:32 pm,37.700,51.030000,0.5,1.7
04/13/2025 08:05:32 pm,37.750,51.100000,0.5,1.7
04/13/2025 08:05:32 pm,37.800,51.145000,0.5,1.7
04/13/2025 08:05:32 pm,37.850,51.185000,0.5,1.7
04/13/2025 08:05:32 pm,37.900,51.235000,0.5,1.7
04/13/2025 08:05:32 pm,37.950,51.265000,0.5,1.7
04/13/2025 08:05:33 pm,38.000,51.290000,0.5,1.7
04/13/2025 08:05:33 pm,38.050,51.360000,0.5,1.7
04/13/2025 08:05:33 pm,38.100,51.475000,0.5,1.7
04/13/2025 08:05:33 pm,38.150,51.565000,0.5,1.7
04/13/2025 08:05:33 pm,38.200,51.625000,0.5,1.7
04/13/2025 08:05:33 pm,38.250,51.660000,0.5,1.7
04/13/2025 08:05:33 pm,38.300,51.715000,0.5,1.7
04/13/2025 08:05:33 pm,38.350,51.805000,0.5,1.7
04/13/2025 08:05:33 pm,38.400,51.885000,0.6,1.7
04/13/2025 08:05:33 pm,38.450,51.890000,0.5,1.7
04/13/2025 08:05:33 pm,38.500,51.945000,0.5,1.7
04/13/2025 08:05:33 pm,38.550,51.950000,0.6,1.7
04/13/2025 08:05:33 pm,38.600,52.035000,0.6,1.8
04/13/2025 08:05:33 pm,38.650,52.145000,0.6,1.8
04/13/2025 08:05:33 pm,38.700,52.145000,0.6,1.8
04/13/2025 08:05:33 pm,38.750,52.145000,0.6,1.8
04/13/2025 08:05:33 pm,38.800,52.150000,0.6,1.8
04/13/2025 08:05:33 pm,38.850,52.175000,0.6,1.8
04/13/2025 08:05:33 pm,38.900,52.265000,0.6,1.8
04/13/2025 08:05:33 pm,38.950,52.280000,0.6,1.8
04/13/2025 08:05:34 pm,39.000,52.295000,0.6,1.8
04/13/2025 08:05:34 pm,39.050,52.410000,0.6,1.8
04/13/2025 08:05:34 pm,39.100,52.620000,0.6,1.8
04/13/2025 08:05:34 pm,39.150,52.720000,0.6,1.8
04/13/2025 08:05:34 pm,39.200,52.785000,0.6,1.8
04/13/2025 08:05:34 pm,39.250,52.785000,0.6,1.8
04/13/2025 08:05:34 pm,39.300,52.830000,0.6,1.8
04/13/2025 08:05:34 pm,39.350,52.845000,0.6,1.8
04/13/2025 08:05:34 pm,39.400,52.925000,0.6,1.8
04/13/2025 08:05:34 pm,39.450,53.040000,0.6,1.8
04/13/2025 08:05:34 pm,39.500,53.075000,0.7,1.8
04/13/2025 08:05:34 pm,39.550,53.085000,0.7,1.8
04/13/2025 08:05:34 pm,39.600,53.170000,0.7,1.8
04/13/2025 08:05:34 pm,39.650,53.350000,0.7,1.8
04/13/2025 08:05:34 pm,39.700,53.515000,0.7,1.8
04/13/2025 08:05:34 pm,39.750,53.525000,0.7,1.8
04/13/2025 08:05:34 pm,39.800,53.525000,0.7,1.8
04/13/2025 08:05:34 pm,39.850,53.530000,0.7,1.8
04/13/2025 08:05:34 pm,39.900,53.580000,0.7,1.8
04/13/2025 08:05:34 pm,39.950,53.710000,0.7,1.8
04/13/2025 08:05:35 pm,40.000,53.785000,0.7,1.8
04/13/2025 08:05:35 pm,40.050,53.790000,0.7,1.8
04/13/2025 08:05:35 pm,40.100,53.825000,0.7,1.8
04/13/2025 08:05:35 pm,40.150,54.000000,0.7,1.8
04/13/2025 08:05:35 pm,40.200,54.055000,0.6,1.8
04/13/2025 08:05:35 pm,40.250,54.145000,0.7,1.8
04/13/2025 08:05:35 pm,40.300,54.240000,0.6,1.8
04/13/2025 08:05:35 pm,40.350,54.290000,0.7,1.8
04/13/2025 08:05:35 pm,40.400,54.345000,0.6,1.8
04/13/2025 08:05:35 pm,40.450,54.405000,0.6,1.8
04/13/2025 08:05:35 pm,40.500,54.465000,0.6,1.8
04/13/2025 08:05:35 pm,40.550,54.550000,0.6,1.8
04/13/2025 08:05:35 pm,40.600,54.630000,0.6,1.8
04/13/2025 08:05:35 pm,40.650,54.790000,0.6,1.8
04/13/2025 08:05:35 pm,40.700,54.900000,0.6,1.8
04/13/2025 08:05:35 pm,40.750,54.945000,0.6,1.8
04/13/2025 08:05:35 pm,40.800,54.980000,0.6,1.8
04/13/2025 08:05:35 pm,40.850,55.125000,0.6,1.8
04/13/2025 08:05:35 pm,40.900,55.185000,0.6,1.8
04/13/2025 08:05:35 pm,40.950,55.305000,0.6,1.8
04/13/2025 08:05:36 pm,41.000,55.420000,0.6,1.8
04/13/2025 08:05:36 pm,41.050,55.525000,0.6,1.8
04/13/2025 08:05:36 pm,41.100,55.610000,0.5,1.7
04/13/2025 08:05:36 pm,41.150,55.750000,0.5,1.7
04/13/2025 08:05:36 pm,41.200,55.915000,0.5,1.7
04/13/2025 08:05:36 pm,41.250,55.970000,0.5,1.7
04/13/2025 08:05:36 pm,41.300,56.045000,0.5,1.7
04/13/2025 08:05:36 pm,41.350,56.165000,0.5,1.7
04/13/2025 08:05:36 pm,41.400,56.280000,0.5,1.7
04/13/2025 08:05:36 pm,41.450,56.385000,0.5,1.7
04/13/2025 08:05:36 pm,41.500,56.445000,0.5,1.7
04/13/2025 08:05:36 pm,41.550,56.500000,0.5,1.7
04/13/2025 08:05:36 pm,41.600,56.655000,0.5,1.7
04/13/2025 08:05:36 pm,41.650,56.905000,0.5,1.7
04/13/2025 08:05:36 pm,41.700,57.025000,0.5,1.7
04/13/2025 08:05:36 pm,41.750,57.150000,0.5,1.7
04/13/2025 08:05:36 pm,41.800,57.330000,0.4,1.6
04/13/2025 08:05:36 pm,41.850,57.445000,0.4,1.7
04/13/2025 08:05:36 pm,41.900,57.485000,0.5,1.7
04/13/2025 08:05:36 pm,41.950,57.600000,0.5,1.7
04/13/2025 08:05:37 pm,42.000,57.690000,0.5,1.7
04/13/2025 08:05:37 pm,42.050,57.745000,0.4,1.6
04/13/2025 08:05:37 pm,42.100,57.765000,0.5,1.7
04/13/2025 08:05:37 pm,42.150,57.865000,0.5,1.7
04/13/2025 08:05:37 pm,42.200,57.985000,0.5,1.7
04/13/2025 08:05:37 pm,42.250,58.085000,0.4,1.7
04/13/2025 08:05:37 pm,42.300,58.160000,0.5,1.7
04/13/2025 08:05:37 pm,42.350,58.225000,0.5,1.7
04/13/2025 08:05:37 pm,42.400,58.320000,0.5,1.7
04/13/2025 08:05:37 pm,42.450,58.455000,0.5,1.7
04/13/2025 08:05:37 pm,42.500,58.620000,0.5,1.7
04/13/2025 08:05:37 pm,42.550,58.720000,0.5,1.7
04/13/2025 08:05:37 pm,42.600,58.805000,0.5,1.7
04/13/2025 08:05:37 pm,42.650,58.805000,0.5,1.7
04/13/2025 08:05:37 pm,42.700,58.805000,0.5,1.7
04/13/2025 08:05:37 pm,42.750,58.805000,0.5,1.7
04/13/2025 08:05:37 pm,42.800,58.805000,0.5,1.7
04/13/2025 08:05:37 pm,42.850,58.805000,0.5,1.7
04/13/2025 08:05:37 pm,42.900,58.830000,0.5,1.7
04/13/2025 08:05:37 pm,42.950,58.960000,0.5,1.7
04/13/2025 08:05:38 pm,43.000,59.005000,0.5,1.7
04/13/2025 08:05:38 pm,43.050,59.100000,0.5,1.7
04/13/2025 08:05:38 pm,43.100,59.185000,0.5,1.7
04/13/2025 08:05:38 pm,43.150,59.210000,0.5,1.7
04/13/2025 08:05:38 pm,43.200,59.290000,0.5,1.7
04/13/2025 08:05:38 pm,43.250,59.315000,0.5,1.7
04/13/2025 08:05:38 pm,43.300,59.380000,0.5,1.7
04/13/2025 08:05:38 pm,43.350,59.450000,0.5,1.7
04/13/2025 08:05:38 pm,43.400,59.510000,0.5,1.7
04/13/2025 08:05:38 pm,43.450,59.615000,0.5,1.7
04/13/2025 08:05:38 pm,43.500,59.680000,0.5,1.7
04/13/2025 08:05:38 pm,43.550,59.800000,0.5,1.7
04/13/2025 08:05:38 pm,43.600,59.875000,0.6,1.7
04/13/2025 08:05:38 pm,43.650,59.935000,0.6,1.8
04/13/2025 08:05:38 pm,43.700,60.060000,0.6,1.8
04/13/2025 08:05:38 pm,43.750,60.170000,0.6,1.8
04/13/2025 08:05:38 pm,43.800,60.225000,0.6,1.8
04/13/2025 08:05:38 pm,43.850,60.265000,0.6,1.8
04/13/2025 08:05:38 pm,43.900,60.295000,0.6,1.8
04/13/2025 08:05:38 pm,43.950,60.350000,0.6,1.8
04/13/2025 08:05:39 pm,44.000,60.385000,0.6,1.8
04/13/2025 08:05:39 pm,44.050,60.410000,0.6,1.8
04/13/2025 08:05:39 pm,44.100,60.430000,0.6,1.8
04/13/2025 08:05:39 pm,44.150,60.465000,0.6,1.8
04/13/2025 08:05:39 pm,44.200,60.515000,0.6,1.8
04/13/2025 08:05:39 pm,44.250,60.545000,0.6,1.8
04/13/2025 08:05:39 pm,44.300,60.565000,0.6,1.8
04/13/2025 08:05:39 pm,44.350,60.600000,0.6,1.8
04/13/2025 08:05:39 pm,44.400,60.625000,0.6,1.8
04/13/2025 08:05:39 pm,44.450,60.675000,0.6,1.8
04/13/2025 08:05:39 pm,44.500,60.695000,0.6,1.8
04/13/2025 08:05:39 pm,44.550,60.730000,0.6,1.8
04/13/2025 08:05:39 pm,44.600,60.770000,0.6,1.8
04/13/2025 08:05:39 pm,44.650,60.870000,0.6,1.8
04/13/2025 08:05:39 pm,44.700,61.000000,0.6,1.8
04/13/2025 08:05:39 pm,44.750,61.045000,0.6,1.8
04/13/2025 08:05:39 pm,44.800,61.085000,0.6,1.8
04/13/2025 08:05:39 pm,44.850,61.110000,0.6,1.8
04/13/2025 08:05:39 pm,44.900,61.210000,0.6,1.8
04/13/2025 08:05:39 pm,44.950,61.390000,0.6,1.8
04/13/2025 08:05:40 pm,45.000,61.445000,0.6,1.8
04/13/2025 08:05:40 pm,45.050,61.485000,0.6,1.8
04/13/2025 08:05:40 pm,45.100,61.565000,0.6,1.8
04/13/2025 08:05:40 pm,45.150,61.670000,0.6,1.8
04/13/2025 08:05:40 pm,45.200,61.765000,0.6,1.8
04/13/2025 08:05:40 pm,45.250,61.830000,0.6,1.8
04/13/2025 08:05:40 pm,45.300,61.870000,0.6,1.8
04/13/2025 08:05:40 pm,45.350,61.925000,0.6,1.8
04/13/2025 08:05:40 pm,45.400,62.040000,0.6,1.8
04/13/2025 08:05:40 pm,45.450,62.195000,0.6,1.7
04/13/2025 08:05:40 pm,45.500,62.245000,0.5,1.7
04/13/2025 08:05:40 pm,45.550,62.340000,0.5,1.7
04/13/2025 08:05:40 pm,45.600,62.365000,0.5,1.7
04/13/2025 08:05:40 pm,45.650,62.410000,0.5,1.7
04/13/2025 08:05:40 pm,45.700,62.440000,0.5,1.7
04/13/2025 08:05:40 pm,45.750,62.505000,0.5,1.7
04/13/2025 08:05:40 pm,45.800,62.650000,0.5,1.7
04/13/2025 08:05:40 pm,45.850,62.960000,0.5,1.7
04/13/2025 08:05:40 pm,45.900,63.320000,0.5,1.7
04/13/2025 08:05:40 pm,45.950,63.325000,0.5,1.7
04/13/2025 08:05:41 pm,46.000,63.330000,0.5,1.7
04/13/2025 08:05:41 pm,46.050,63.390000,0.5,1.7
04/13/2025 08:05:41 pm,46.100,63.575000,0.5,1.7
04/13/2025 08:05:41 pm,46.150,63.680000,0.5,1.7
04/13/2025 08:05:41 pm,46.200,63.795000,0.5,1.7
04/13/2025 08:05:41 pm,46.250,63.965000,0.5,1.7
04/13/2025 08:05:41 pm,46.300,64.080000,0.5,1.7
04/13/2025 08:05:41 pm,46.350,64.250000,0.5,1.7
04/13/2025 08:05:41 pm,46.400,64.385000,0.5,1.7
04/13/2025 08:05:41 pm,46.450,64.495000,0.4,1.6
04/13/2025 08:05:41 pm,46.500,64.670000,0.5,1.7
04/13/2025 08:05:41 pm,46.550,64.850000,0.5,1.7
04/13/2025 08:05:41 pm,46.600,64.960000,0.5,1.7
04/13/2025 08:05:41 pm,46.650,65.110000,0.5,1.7
04/13/2025 08:05:41 pm,46.700,65.230000,0.5,1.7
04/13/2025 08:05:41 pm,46.750,65.275000,0.5,1.7
04/13/2025 08:05:41 pm,46.800,65.390000,0.5,1.7
04/13/2025 08:05:41 pm,46.850,65.555000,0.5,1.7
04/13/2025 08:05:41 pm,46.900,65.705000,0.5,1.7
04/13/2025 08:05:41 pm,46.950,65.810000,0.5,1.7
04/13/2025 08:05:42 pm,47.000,66.010000,0.5,1.7
04/13/2025 08:05:42 pm,47.050,66.235000,0.5,1.7
04/13/2025 08:05:42 pm,47.100,66.500000,0.5,1.7
04/13/2025 08:05:42 pm,47.150,66.670000,0.5,1.7
04/13/2025 08:05:42 pm,47.200,66.780000,0.5,1.7
04/13/2025 08:05:42 pm,47.250,66.895000,0.5,1.7
04/13/2025 08:05:42 pm,47.300,66.990000,0.5,1.7
04/13/2025 08:05:42 pm,47.350,67.120000,0.5,1.7
04/13/2025 08:05:42 pm,47.400,67.230000,0.5,1.7
04/13/2025 08:05:42 pm,47.450,67.320000,0.5,1.7
04/13/2025 08:05:42 pm,47.500,67.390000,0.5,1.7
04/13/2025 08:05:42 pm,47.550,67.465000,0.6,1.8
04/13/2025 08:05:42 pm,47.600,67.545000,0.6,1.7
04/13/2025 08:05:42 pm,47.650,67.620000,0.6,1.8
04/13/2025 08:05:42 pm,47.700,67.675000,0.6,1.7
04/13/2025 08:05:42 pm,47.750,67.730000,0.6,1.7
04/13/2025 08:05:42 pm,47.800,67.850000,0.6,1.7
04/13/2025 08:05:42 pm,47.850,68.015000,0.6,1.7
04/13/2025 08:05:42 pm,47.900,68.080000,0.6,1.7
04/13/2025 08:05:42 pm,47.950,68.190000,0.6,1.8
04/13/2025 08:05:43 pm,48.000,68.325000,0.6,1.8
04/13/2025 08:05:43 pm,48.050,68.415000,0.6,1.8
04/13/2025 08:05:43 pm,48.100,68.590000,0.6,1.8
04/13/2025 08:05:43 pm,48.150,68.745000,0.6,1.8
04/13/2025 08:05:43 pm,48.200,68.825000,0.6,1.8
04/13/2025 08:05:43 pm,48.250,68.960000,0.6,1.8
04/13/2025 08:05:43 pm,48.300,68.990000,0.6,1.7
04/13/2025 08:05:43 pm,48.350,68.990000,0.6,1.7
04/13/2025 08:05:43 pm,48.400,68.990000,0.6,1.7
04/13/2025 08:05:43 pm,48.450,68.990000,0.6,1.7
04/13/2025 08:05:43 pm,48.500,68.990000,0.6,1.7
04/13/2025 08:05:43 pm,48.550,68.990000,0.6,1.7
04/13/2025 08:05:43 pm,48.600,68.990000,0.6,1.7
04/13/2025 08:05:43 pm,48.650,68.990000,0.6,1.7
04/13/2025 08:05:43 pm,48.700,68.990000,0.6,1.7
04/13/2025 08:05:43 pm,48.750,68.995000,0.6,1.8
04/13/2025 08:05:43 pm,48.800,69.125000,0.5,1.7
04/13/2025 08:05:43 pm,48.850,69.165000,0.6,1.7
04/13/2025 08:05:43 pm,48.900,69.200000,0.6,1.7
04/13/2025 08:05:43 pm,48.950,69.305000,0.5,1.7
04/13/2025 08:05:44 pm,49.000,69.350000,0.5,1.7
04/13/2025 08:05:44 pm,49.050,69.455000,0.5,1.7
04/13/2025 08:05:44 pm,49.100,69.585000,0.5,1.7
04/13/2025 08:05:44 pm,49.150,69.645000,0.5,1.7
04/13/2025 08:05:44 pm,49.200,69.825000,0.5,1.7
04/13/2025 08:05:44 pm,49.250,69.935000,0.5,1.7
04/13/2025 08:05:44 pm,49.300,70.030000,0.5,1.7
04/13/2025 08:05:44 pm,49.350,70.140000,0.5,1.7
04/13/2025 08:05:44 pm,49.400,70.195000,0.5,1.7
04/13/2025 08:05:44 pm,49.450,70.240000,0.5,1.7
04/13/2025 08:05:44 pm,49.500,70.280000,0.5,1.7
04/13/2025 08:05:44 pm,49.550,70.295000,0.5,1.7
04/13/2025 08:05:44 pm,49.600,70.320000,0.5,1.7
04/13/2025 08:05:44 pm,49.650,70.345000,0.5,1.7
04/13/2025 08:05:44 pm,49.700,70.365000,0.5,1.7
04/13/2025 08:05:44 pm,49.750,70.380000,0.5,1.7
04/13/2025 08:05:44 pm,49.800,70.390000,0.5,1.7
04/13/2025 08:05:44 pm,49.850,70.410000,0.5,1.7
04/13/2025 08:05:44 pm,49.900,70.505000,0.5,1.7
04/13/2025 08:05:44 pm,49.950,70.550000,0.5,1.7
04/13/2025 08:05:45 pm,50.000,70.570000,0.5,1.7
04/13/2025 08:05:45 pm,50.050,70.585000,0.5,1.7
04/13/2025 08:05:45 pm,50.100,70.630000,0.5,1.7
04/13/2025 08:05:45 pm,50.150,70.815000,0.5,1.7
04/13/2025 08:05:45 pm,50.200,70.895000,0.5,1.7
04/13/2025 08:05:45 pm,50.250,70.895000,0.5,1.7
04/13/2025 08:05:45 pm,50.300,70.930000,0.5,1.7
04/13/2025 08:05:45 pm,50.350,70.970000,0.5,1.7
04/13/2025 08:05:45 pm,50.400,71.025000,0.5,1.7
04/13/2025 08:05:45 pm,50.450,71.060000,0.5,1.7
04/13/2025 08:05:45 pm,50.500,71.105000,0.5,1.7
04/13/2025 08:05:45 pm,50.550,71.215000,0.5,1.7
04/13/2025 08:05:45 pm,50.600,71.400000,0.5,1.7
04/13/2025 08:05:45 pm,50.650,71.510000,0.5,1.7
04/13/2025 08:05:45 pm,50.700,71.560000,0.5,1.7
04/13/2025 08:05:45 pm,50.750,71.650000,0.4,1.7
04/13/2025 08:05:45 pm,50.800,71.770000,0.5,1.7
04/13/2025 08:05:45 pm,50.850,71.810000,0.4,1.6
04/13/2025 08:05:45 pm,50.900,71.850000,0.4,1.6
04/13/2025 08:05:45 pm,50.950,71.880000,0.4,1.6
04/13/2025 08:05:46 pm,51.000,71.980000,0.5,1.7
04/13/2025 08:05:46 pm,51.050,72.060000,0.4,1.7
04/13/2025 08:05:46 pm,51.100,72.090000,0.5,1.7
04/13/2025 08:05:46 pm,51.150,72.100000,0.5,1.7
04/13/2025 08:05:46 pm,51.200,72.165000,0.5,1.7
04/13/2025 08:05:46 pm,51.250,72.245000,0.4,1.7
04/13/2025 08:05:46 pm,51.300,72.275000,0.4,1.7
04/13/2025 08:05:46 pm,51.350,72.390000,0.5,1.7
04/13/2025 08:05:46 pm,51.400,72.525000,0.5,1.7
04/13/2025 08:05:46 pm,51.450,72.605000,0.5,1.7
04/13/2025 08:05:46 pm,51.500,72.610000,0.5,1.7
04/13/2025 08:05:46 pm,51.550,72.670000,0.5,1.7
04/13/2025 08:05:46 pm,51.600,72.720000,0.5,1.7
04/13/2025 08:05:46 pm,51.650,72.720000,0.5,1.7
04/13/2025 08:05:46 pm,51.700,72.765000,0.5,1.7
04/13/2025 08:05:46 pm,51.750,72.970000,0.5,1.7
04/13/2025 08:05:46 pm,51.800,73.080000,0.5,1.7
04/13/2025 08:05:46 pm,51.850,73.080000,0.5,1.7
04/13/2025 08:05:46 pm,51.900,73.105000,0.5,1.7
04/13/2025 08:05:46 pm,51.950,73.120000,0.5,1.7
04/13/2025 08:05:47 pm,52.000,73.275000,0.5,1.7
04/13/2025 08:05:47 pm,52.050,73.560000,0.5,1.7
04/13/2025 08:05:47 pm,52.100,73.605000,0.5,1.7
04/13/2025 08:05:47 pm,52.150,73.710000,0.5,1.7
04/13/2025 08:05:47 pm,52.200,73.935000,0.5,1.7
04/13/2025 08:05:47 pm,52.250,74.100000,0.5,1.7
04/13/2025 08:05:47 pm,52.300,74.175000,0.5,1.7
04/13/2025 08:05:47 pm,52.350,74.240000,0.5,1.7
04/13/2025 08:05:47 pm,52.400,74.240000,0.5,1.7
04/13/2025 08:05:47 pm,52.450,74.285000,0.5,1.7
04/13/2025 08:05:47 pm,52.500,74.405000,0.5,1.7
04/13/2025 08:05:47 pm,52.550,74.405000,0.5,1.7
04/13/2025 08:05:47 pm,52.600,74.410000,0.5,1.7
04/13/2025 08:05:47 pm,52.650,74.470000,0.5,1.7
04/13/2025 08:05:47 pm,52.700,74.610000,0.5,1.7
04/13/2025 08:05:47 pm,52.750,74.710000,0.5,1.7
04/13/2025 08:05:47 pm,52.800,74.780000,0.5,1.7
04/13/2025 08:05:47 pm,52.850,74.795000,0.5,1.7
04/13/2025 08:05:47 pm,52.900,74.980000,0.5,1.7
04/13/2025 08:05:47 pm,52.950,75.125000,0.5,1.7
04/13/2025 08:05:48 pm,53.000,75.125000,0.5,1.7
04/13/2025 08:05:48 pm,53.050,75.130000,0.5,1.7
04/13/2025 08:05:48 pm,53.100,75.170000,0.5,1.7
04/13/2025 08:05:48 pm,53.150,75.235000,0.5,1.7
04/13/2025 08:05:48 pm,53.200,75.410000,0.5,1.7
04/13/2025 08:05:48 pm,53.250,75.660000,0.5,1.7
04/13/2025 08:05:48 pm,53.300,75.835000,0.5,1.7
04/13/2025 08:05:48 pm,53.350,75.980000,0.5,1.7
04/13/2025 08:05:48 pm,53.400,76.095000,0.5,1.7
04/13/2025 08:05:48 pm,53.450,76.190000,0.5,1.7
04/13/2025 08:05:48 pm,53.500,76.285000,0.5,1.7
04/13/2025 08:05:48 pm,53.550,76.415000,0.5,1.7
04/13/2025 08:05:48 pm,53.600,76.550000,0.5,1.7
04/13/2025 08:05:48 pm,53.650,76.715000,0.5,1.7
04/13/2025 08:05:48 pm,53.700,76.825000,0.5,1.7
04/13/2025 08:05:48 pm,53.750,76.935000,0.5,1.7
04/13/2025 08:05:48 pm,53.800,77.045000,0.5,1.7
04/13/2025 08:05:48 pm,53.850,77.170000,0.5,1.7
04/13/2025 08:05:48 pm,53.900,77.265000,0.5,1.7
04/13/2025 08:05:48 pm,53.950,77.365000,0.5,1.7
04/13/2025 08:05:49 pm,54.000,77.460000,0.5,1.7
04/13/2025 08:05:49 pm,54.050,77.520000,0.5,1.7
04/13/2025 08:05:49 pm,54.100,77.635000,0.5,1.7
04/13/2025 08:05:49 pm,54.150,77.760000,0.5,1.7
04/13/2025 08:05:49 pm,54.200,77.850000,0.5,1.7
04/13/2025 08:05:49 pm,54.250,77.945000,0.5,1.7
04/13/2025 08:05:49 pm,54.300,78.100000,0.5,1.7
04/13/2025 08:05:49 pm,54.350,78.205000,0.5,1.7
04/13/2025 08:05:49 pm,54.400,78.335000,0.5,1.7
04/13/2025 08:05:49 pm,54.450,78.435000,0.5,1.7
04/13/2025 08:05:49 pm,54.500,78.545000,0.5,1.7
04/13/2025 08:05:49 pm,54.550,78.685000,0.5,1.7
04/13/2025 08:05:49 pm,54.600,78.735000,0.5,1.7
04/13/2025 08:05:49 pm,54.650,78.780000,0.5,1.7
04/13/2025 08:05:49 pm,54.700,78.855000,0.4,1.7
04/13/2025 08:05:49 pm,54.750,78.890000,0.5,1.7
04/13/2025 08:05:49 pm,54.800,78.995000,0.4,1.7
04/13/2025 08:05:49 pm,54.850,79.065000,0.4,1.6
04/13/2025 08:05:49 pm,54.900,79.150000,0.5,1.7
04/13/2025 08:05:49 pm,54.950,79.220000,0.5,1.7
04/13/2025 08:05:50 pm,55.000,79.325000,0.5,1.7
04/13/2025 08:05:50 pm,55.050,79.400000,0.4,1.7
04/13/2025 08:05:50 pm,55.100,79.460000,0.5,1.7
04/13/2025 08:05:50 pm,55.150,79.575000,0.5,1.7
04/13/2025 08:05:50 pm,55.200,79.650000,0.4,1.6
04/13/2025 08:05:50 pm,55.250,79.720000,0.5,1.7
04/13/2025 08:05:50 pm,55.300,79.805000,0.5,1.7
04/13/2025 08:05:50 pm,55.350,79.860000,0.5,1.7
04/13/2025 08:05:50 pm,55.400,79.910000,0.5,1.7
04/13/2025 08:05:50 pm,55.450,79.995000,0.5,1.7
04/13/2025 08:05:50 pm,55.500,80.070000,0.5,1.7
04/13/2025 08:05:50 pm,55.550,80.140000,0.5,1.7
04/13/2025 08:05:50 pm,55.600,80.260000,0.5,1.7
04/13/2025 08:05:50 pm,55.650,80.305000,0.5,1.7
04/13/2025 08:05:50 pm,55.700,80.315000,0.5,1.7
04/13/2025 08:05:50 pm,55.750,80.405000,0.5,1.7
04/13/2025 08:05:50 pm,55.800,80.550000,0.5,1.7
04/13/2025 08:05:50 pm,55.850,80.710000,0.5,1.7
04/13/2025 08:05:50 pm,55.900,80.765000,0.5,1.7
04/13/2025 08:05:50 pm,55.950,80.830000,0.5,1.7
04/13/2025 08:05:51 pm,56.000,80.920000,0.5,1.7
04/13/2025 08:05:51 pm,56.050,81.010000,0.5,1.7
04/13/2025 08:05:51 pm,56.100,81.110000,0.5,1.7
04/13/2025 08:05:51 pm,56.150,81.195000,0.5,1.7
04/13/2025 08:05:51 pm,56.200,81.280000,0.5,1.7
04/13/2025 08:05:51 pm,56.250,81.370000,0.5,1.7
04/13/2025 08:05:51 pm,56.300,81.500000,0.5,1.7
04/13/2025 08:05:51 pm,56.350,81.625000,0.5,1.7
04/13/2025 08:05:51 pm,56.400,81.705000,0.5,1.7
04/13/2025 08:05:51 pm,56.450,81.760000,0.5,1.7
04/13/2025 08:05:51 pm,56.500,81.830000,0.5,1.7
04/13/2025 08:05:51 pm,56.550,81.895000,0.5,1.7
04/13/2025 08:05:51 pm,56.600,81.970000,0.5,1.7
04/13/2025 08:05:51 pm,56.650,82.075000,0.5,1.7
04/13/2025 08:05:51 pm,56.700,82.180000,0.5,1.7
04/13/2025 08:05:51 pm,56.750,82.220000,0.5,1.7
04/13/2025 08:05:51 pm,56.800,82.315000,0.5,1.7
04/13/2025 08:05:51 pm,56.850,82.335000,0.5,1.7
04/13/2025 08:05:51 pm,56.900,82.385000,0.5,1.7
04/13/2025 08:05:51 pm,56.950,82.440000,0.5,1.7
04/13/2025 08:05:52 pm,57.000,82.490000,0.5,1.7
04/13/2025 08:05:52 pm,57.050,82.495000,0.5,1.7
04/13/2025 08:05:52 pm,57.100,82.505000,0.5,1.7
04/13/2025 08:05:52 pm,57.150,82.550000,0.5,1.7
04/13/2025 08:05:52 pm,57.200,82.750000,0.5,1.7
04/13/2025 08:05:52 pm,57.250,83.075000,0.5,1.7
04/13/2025 08:05:52 pm,57.300,83.330000,0.5,1.7
04/13/2025 08:05:52 pm,57.350,83.335000,0.5,1.7
04/13/2025 08:05:52 pm,57.400,83.340000,0.5,1.7
04/13/2025 08:05:52 pm,57.450,83.425000,0.5,1.7
04/13/2025 08:05:52 pm,57.500,83.670000,0.5,1.7
04/13/2025 08:05:52 pm,57.550,83.745000,0.5,1.7
04/13/2025 08:05:52 pm,57.600,83.750000,0.5,1.7
04/13/2025 08:05:52 pm,57.650,83.815000,0.5,1.7
04/13/2025 08:05:52 pm,57.700,83.920000,0.5,1.7
04/13/2025 08:05:52 pm,57.750,84.050000,0.5,1.7
04/13/2025 08:05:52 pm,57.800,84.155000,0.5,1.7
04/13/2025 08:05:52 pm,57.850,84.230000,0.5,1.7
04/13/2025 08:05:52 pm,57.900,84.340000,0.5,1.7
04/13/2025 08:05:52 pm,57.950,84.470000,0.5,1.7
04/13/2025 08:05:53 pm,58.000,84.600000,0.5,1.7
04/13/2025 08:05:53 pm,58.050,84.760000,0.5,1.7
04/13/2025 08:05:53 pm,58.100,84.925000,0.5,1.7
04/13/2025 08:05:53 pm,58.150,85.075000,0.5,1.7
04/13/2025 08:05:53 pm,58.200,85.330000,0.5,1.7
04/13/2025 08:05:53 pm,58.250,85.560000,0.5,1.7
04/13/2025 08:05:53 pm,58.300,85.710000,0.5,1.7
04/13/2025 08:05:53 pm,58.350,85.855000,0.5,1.7
04/13/2025 08:05:53 pm,58.400,86.020000,0.4,1.7
04/13/2025 08:05:53 pm,58.450,86.060000,0.5,1.7
04/13/2025 08:05:53 pm,58.500,86.070000,0.5,1.7
04/13/2025 08:05:53 pm,58.550,86.175000,0.5,1.7
04/13/2025 08:05:53 pm,58.600,86.265000,0.5,1.7
04/13/2025 08:05:53 pm,58.650,86.305000,0.5,1.7
04/13/2025 08:05:53 pm,58.700,86.370000,0.5,1.7
04/13/2025 08:05:53 pm,58.750,86.465000,0.4,1.6
04/13/2025 08:05:53 pm,58.800,86.475000,0.5,1.7
04/13/2025 08:05:53 pm,58.850,86.490000,0.5,1.7
04/13/2025 08:05:53 pm,58.900,86.495000,0.4,1.7
04/13/2025 08:05:53 pm,58.950,86.495000,0.5,1.7
04/13/2025 08:05:54 pm,59.000,86.500000,0.4,1.6
04/13/2025 08:05:54 pm,59.050,86.500000,0.5,1.7
04/13/2025 08:05:54 pm,59.100,86.500000,0.4,1.7
04/13/2025 08:05:54 pm,59.150,86.500000,0.4,1.7
04/13/2025 08:05:54 pm,59.200,86.500000,0.5,1.7
04/13/2025 08:05:54 pm,59.250,86.515000,0.5,1.7
04/13/2025 08:05:54 pm,59.300,86.525000,0.5,1.7
04/13/2025 08:05:54 pm,59.350,86.530000,0.5,1.7
04/13/2025 08:05:54 pm,59.400,86.530000,0.5,1.7
04/13/2025 08:05:54 pm,59.450,86.550000,0.5,1.7
04/13/2025 08:05:54 pm,59.500,86.555000,0.4,1.6
04/13/2025 08:05:54 pm,59.550,86.560000,0.5,1.7
04/13/2025 08:05:54 pm,59.600,86.560000,0.4,1.7
04/13/2025 08:05:54 pm,59.650,86.565000,0.5,1.7
04/13/2025 08:05:54 pm,59.700,86.590000,0.5,1.7
04/13/2025 08:05:54 pm,59.750,86.590000,0.4,1.6
04/13/2025 08:05:54 pm,59.800,86.590000,0.5,1.7
04/13/2025 08:05:54 pm,59.850,86.590000,0.4,1.7
04/13/2025 08:05:54 pm,59.900,86.590000,0.5,1.7
04/13/2025 08:05:54 pm,59.950,86.590000,0.5,1.7
04/13/2025 08:05:55 pm,60.000,86.590000,0.4,1.6
04/13/2025 08:05:55 pm,60.050,86.590000,0.5,1.7
04/13/2025 08:05:55 pm,60.100,86.590000,0.5,1.7
04/13/2025 08:05:55 pm,60.150,86.590000,0.4,1.7
04/13/2025 08:05:55 pm,60.200,86.590000,0.4,1.6
04/13/2025 08:05:55 pm,60.250,86.590000,0.4,1.6
04/13/2025 08:05:55 pm,60.300,86.595000,0.4,1.7
04/13/2025 08:05:55 pm,60.350,86.595000,0.4,1.7
04/13/2025 08:05:55 pm,60.400,86.600000,0.4,1.6
04/13/2025 08:05:55 pm,60.450,86.605000,0.4,1.6
04/13/2025 08:05:55 pm,60.500,86.605000,0.4,1.7
04/13/2025 08:05:55 pm,60.550,86.605000,0.4,1.6
04/13/2025 08:05:55 pm,60.600,86.605000,0.4,1.6
04/13/2025 08:05:55 pm,60.650,86.605000,0.4,1.6
04/13/2025 08:05:55 pm,60.700,86.605000,0.5,1.7
04/13/2025 08:05:55 pm,60.750,86.605000,0.4,1.7
04/13/2025 08:05:55 pm,60.800,86.605000,0.4,1.7
04/13/2025 08:05:55 pm,60.850,86.580000,0.4,1.6
04/13/2025 08:05:55 pm,60.900,86.505000,0.4,1.7
04/13/2025 08:05:55 pm,60.950,86.455000,0.4,1.6
04/13/2025 08:05:56 pm,61.000,86.390000,0.5,1.7
04/13/2025 08:05:56 pm,61.050,86.275000,0.4,1.6
04/13/2025 08:05:56 pm,61.100,86.190000,0.4,1.6
04/13/2025 08:05:56 pm,61.150,86.145000,0.4,1.6
04/13/2025 08:05:56 pm,61.200,86.065000,0.4,1.7
04/13/2025 08:05:56 pm,61.250,86.015000,0.5,1.7
04/13/2025 08:05:56 pm,61.300,85.925000,0.5,1.7
04/13/2025 08:05:56 pm,61.350,85.780000,0.5,1.7
04/13/2025 08:05:56 pm,61.400,85.705000,0.5,1.7
04/13/2025 08:05:56 pm,61.450,85.495000,0.5,1.7
04/13/2025 08:05:56 pm,61.500,85.340000,0.5,1.7
04/13/2025 08:05:56 pm,61.550,85.245000,0.5,1.7
04/13/2025 08:05:56 pm,61.600,85.180000,0.5,1.7
04/13/2025 08:05:56 pm,61.650,85.095000,0.5,1.7
04/13/2025 08:05:56 pm,61.700,85.025000,0.5,1.7
04/13/2025 08:05:56 pm,61.750,84.950000,0.5,1.7
04/13/2025 08:05:56 pm,61.800,84.890000,0.5,1.7
04/13/2025 08:05:56 pm,61.850,84.875000,0.5,1.7
04/13/2025 08:05:56 pm,61.900,84.870000,0.5,1.7
04/13/2025 08:05:56 pm,61.950,84.870000,0.5,1.7
04/13/2025 08:05:57 pm,62.000,84.870000,0.5,1.7
04/13/2025 08:05:57 pm,62.050,84.870000,0.5,1.7
04/13/2025 08:05:57 pm,62.100,84.870000,0.5,1.7
04/13/2025 08:05:57 pm,62.150,84.870000,0.5,1.7
04/13/2025 08:05:57 pm,62.200,84.870000,0.5,1.7
04/13/2025 08:05:57 pm,62.250,84.825000,0.5,1.7
04/13/2025 08:05:57 pm,62.300,84.735000,0.5,1.7
04/13/2025 08:05:57 pm,62.350,84.700000,0.5,1.7
04/13/2025 08:05:57 pm,62.400,84.600000,0.5,1.7
04/13/2025 08:05:57 pm,62.450,84.440000,0.5,1.7
04/13/2025 08:05:57 pm,62.500,84.200000,0.5,1.7
04/13/2025 08:05:57 pm,62.550,84.110000,0.5,1.7
04/13/2025 08:05:57 pm,62.600,84.015000,0.5,1.7
04/13/2025 08:05:57 pm,62.650,83.770000,0.5,1.7
04/13/2025 08:05:57 pm,62.700,83.470000,0.5,1.7
04/13/2025 08:05:57 pm,62.750,83.155000,0.5,1.7
04/13/2025 08:05:57 pm,62.800,83.050000,0.5,1.7
04/13/2025 08:05:57 pm,62.850,82.900000,0.5,1.7
04/13/2025 08:05:57 pm,62.900,82.765000,0.5,1.7
04/13/2025 08:05:57 pm,62.950,82.745000,0.5,1.7
04/13/2025 08:05:58 pm,63.000,82.690000,0.5,1.7
04/13/2025 08:05:58 pm,63.050,82.440000,0.5,1.7
04/13/2025 08:05:58 pm,63.100,82.270000,0.5,1.7
04/13/2025 08:05:58 pm,63.150,82.250000,0.5,1.7
04/13/2025 08:05:58 pm,63.200,82.215000,0.5,1.7
04/13/2025 08:05:58 pm,63.250,82.135000,0.5,1.7
04/13/2025 08:05:58 pm,63.300,82.030000,0.5,1.7
04/13/2025 08:05:58 pm,63.350,81.955000,0.5,1.7
04/13/2025 08:05:58 pm,63.400,81.850000,0.5,1.7
04/13/2025 08:05:58 pm,63.450,81.745000,0.5,1.7
04/13/2025 08:05:58 pm,63.500,81.610000,0.5,1.7
04/13/2025 08:05:58 pm,63.550,81.510000,0.5,1.7
04/13/2025 08:05:58 pm,63.600,81.395000,0.5,1.7
04/13/2025 08:05:58 pm,63.650,81.250000,0.5,1.7
04/13/2025 08:05:58 pm,63.700,81.160000,0.5,1.7
04/13/2025 08:05:58 pm,63.750,81.090000,0.5,1.7
04/13/2025 08:05:58 pm,63.800,80.970000,0.5,1.7
04/13/2025 08:05:58 pm,63.850,80.885000,0.5,1.7
04/13/2025 08:05:58 pm,63.900,80.765000,0.5,1.7
04/13/2025 08:05:58 pm,63.950,80.620000,0.5,1.7
04/13/2025 08:05:59 pm,64.000,80.450000,0.5,1.7
04/13/2025 08:05:59 pm,64.050,80.310000,0.5,1.7
04/13/2025 08:05:59 pm,64.100,80.195000,0.5,1.7
04/13/2025 08:05:59 pm,64.150,80.120000,0.5,1.7
04/13/2025 08:05:59 pm,64.200,80.020000,0.5,1.7
04/13/2025 08:05:59 pm,64.250,79.865000,0.5,1.7
04/13/2025 08:05:59 pm,64.300,79.715000,0.4,1.7
04/13/2025 08:05:59 pm,64.350,79.620000,0.4,1.7
04/13/2025 08:05:59 pm,64.400,79.540000,0.5,1.7
04/13/2025 08:05:59 pm,64.450,79.435000,0.5,1.7
04/13/2025 08:05:59 pm,64.500,79.340000,0.5,1.7
04/13/2025 08:05:59 pm,64.550,79.235000,0.5,1.7
04/13/2025 08:05:59 pm,64.600,79.145000,0.5,1.7
04/13/2025 08:05:59 pm,64.650,79.040000,0.4,1.6
04/13/2025 08:05:59 pm,64.700,78.965000,0.4,1.6
04/13/2025 08:05:59 pm,64.750,78.900000,0.5,1.7
04/13/2025 08:05:59 pm,64.800,78.800000,0.4,1.6
04/13/2025 08:05:59 pm,64.850,78.635000,0.5,1.7
04/13/2025 08:05:59 pm,64.900,78.470000,0.4,1.6
04/13/2025 08:05:59 pm,64.950,78.320000,0.4,1.7
04/13/2025 08:06:00 pm,65.000,78.260000,0.5,1.7
04/13/2025 08:06:00 pm,65.050,78.155000,0.4,1.7
04/13/2025 08:06:00 pm,65.100,78.050000,0.5,1.7
04/13/2025 08:06:00 pm,65.150,77.935000,0.5,1.7
04/13/2025 08:06:00 pm,65.200,77.795000,0.4,1.7
04/13/2025 08:06:00 pm,65.250,77.615000,0.5,1.7
04/13/2025 08:06:00 pm,65.300,77.495000,0.5,1.7
04/13/2025 08:06:00 pm,65.350,77.305000,0.5,1.7
04/13/2025 08:06:00 pm,65.400,77.040000,0.5,1.7
04/13/2025 08:06:00 pm,65.450,77.005000,0.5,1.7
04/13/2025 08:06:00 pm,65.500,76.955000,0.5,1.7
04/13/2025 08:06:00 pm,65.550,76.930000,0.5,1.7
04/13/2025 08:06:00 pm,65.600,76.835000,0.5,1.7
04/13/2025 08:06:00 pm,65.650,76.750000,0.5,1.7
04/13/2025 08:06:00 pm,65.700,76.715000,0.5,1.7
04/13/2025 08:06:00 pm,65.750,76.640000,0.5,1.7
04/13/2025 08:06:00 pm,65.800,76.600000,0.5,1.7
04/13/2025 08:06:00 pm,65.850,76.555000,0.5,1.7
04/13/2025 08:06:00 pm,65.900,76.505000,0.5,1.7
04/13/2025 08:06:00 pm,65.950,76.415000,0.5,1.7
04/13/2025 08:06:01 pm,66.000,76.355000,0.5,1.7
04/13/2025 08:06:01 pm,66.050,76.310000,0.5,1.7
04/13/2025 08:06:01 pm,66.100,76.235000,0.5,1.7
04/13/2025 08:06:01 pm,66.150,76.120000,0.5,1.7
04/13/2025 08:06:01 pm,66.200,76.020000,0.5,1.7
04/13/2025 08:06:01 pm,66.250,75.865000,0.5,1.7
04/13/2025 08:06:01 pm,66.300,75.690000,0.5,1.7
04/13/2025 08:06:01 pm,66.350,75.605000,0.5,1.7
04/13/2025 08:06:01 pm,66.400,75.515000,0.5,1.7
04/13/2025 08:06:01 pm,66.450,75.445000,0.5,1.7
04/13/2025 08:06:01 pm,66.500,75.330000,0.5,1.7
04/13/2025 08:06:01 pm,66.550,75.265000,0.5,1.7
04/13/2025 08:06:01 pm,66.600,75.215000,0.5,1.7
04/13/2025 08:06:01 pm,66.650,75.160000,0.5,1.7
04/13/2025 08:06:01 pm,66.700,75.125000,0.5,1.7
04/13/2025 08:06:01 pm,66.750,75.105000,0.5,1.7
04/13/2025 08:06:01 pm,66.800,75.085000,0.5,1.7
04/13/2025 08:06:01 pm,66.850,75.070000,0.5,1.7
04/13/2025 08:06:01 pm,66.900,75.070000,0.5,1.7
04/13/2025 08:06:01 pm,66.950,75.070000,0.5,1.7
04/13/2025 08:06:02 pm,67.000,75.070000,0.5,1.7
04/13/2025 08:06:02 pm,67.050,75.070000,0.5,1.7
04/13/2025 08:06:02 pm,67.100,75.070000,0.5,1.7
04/13/2025 08:06:02 pm,67.150,75.070000,0.5,1.7
04/13/2025 08:06:02 pm,67.200,75.070000,0.5,1.7
04/13/2025 08:06:02 pm,67.250,75.070000,0.5,1.7
04/13/2025 08:06:02 pm,67.300,75.070000,0.5,1.7
04/13/2025 08:06:02 pm,67.350,75.070000,0.5,1.7
04/13/2025 08:06:02 pm,67.400,75.070000,0.5,1.7
04/13/2025 08:06:02 pm,67.450,75.065000,0.5,1.7
04/13/2025 08:06:02 pm,67.500,74.970000,0.5,1.7
04/13/2025 08:06:02 pm,67.550,74.895000,0.5,1.7
04/13/2025 08:06:02 pm,67.600,74.855000,0.5,1.7
04/13/2025 08:06:02 pm,67.650,74.785000,0.5,1.7
04/13/2025 08:06:02 pm,67.700,74.715000,0.5,1.7
04/13/2025 08:06:02 pm,67.750,74.700000,0.5,1.7
04/13/2025 08:06:02 pm,67.800,74.685000,0.5,1.7
04/13/2025 08:06:02 pm,67.850,74.635000,0.5,1.7
04/13/2025 08:06:02 pm,67.900,74.590000,0.5,1.7
04/13/2025 08:06:02 pm,67.950,74.530000,0.5,1.7
04/13/2025 08:06:03 pm,68.000,74.440000,0.5,1.7
04/13/2025 08:06:03 pm,68.050,74.395000,0.5,1.7
04/13/2025 08:06:03 pm,68.100,74.370000,0.5,1.7
04/13/2025 08:06:03 pm,68.150,74.245000,0.5,1.7
04/13/2025 08:06:03 pm,68.200,74.085000,0.5,1.7
04/13/2025 08:06:03 pm,68.250,74.070000,0.5,1.7
04/13/2025 08:06:03 pm,68.300,74.005000,0.5,1.7
04/13/2025 08:06:03 pm,68.350,73.790000,0.5,1.7
04/13/2025 08:06:03 pm,68.400,73.785000,0.5,1.7
04/13/2025 08:06:03 pm,68.450,73.735000,0.5,1.7
04/13/2025 08:06:03 pm,68.500,73.690000,0.5,1.7
04/13/2025 08:06:03 pm,68.550,73.690000,0.5,1.7
04/13/2025 08:06:03 pm,68.600,73.690000,0.5,1.7
04/13/2025 08:06:03 pm,68.650,73.685000,0.5,1.7
04/13/2025 08:06:03 pm,68.700,73.425000,0.5,1.7
04/13/2025 08:06:03 pm,68.750,73.320000,0.5,1.7
04/13/2025 08:06:03 pm,68.800,73.320000,0.5,1.7
04/13/2025 08:06:03 pm,68.850,73.315000,0.5,1.7
04/13/2025 08:06:03 pm,68.900,73.130000,0.5,1.7
04/13/2025 08:06:03 pm,68.950,73.085000,0.5,1.7
04/13/2025 08:06:04 pm,69.000,73.085000,0.5,1.7
04/13/2025 08:06:04 pm,69.050,72.875000,0.4,1.7
04/13/2025 08:06:04 pm,69.100,72.555000,0.4,1.7
04/13/2025 08:06:04 pm,69.150,72.540000,0.5,1.7
04/13/2025 08:06:04 pm,69.200,72.365000,0.4,1.7
04/13/2025 08:06:04 pm,69.250,72.045000,0.5,1.7
04/13/2025 08:06:04 pm,69.300,71.900000,0.4,1.7
04/13/2025 08:06:04 pm,69.350,71.860000,0.5,1.7
04/13/2025 08:06:04 pm,69.400,71.745000,0.5,1.7
04/13/2025 08:06:04 pm,69.450,71.625000,0.4,1.7
04/13/2025 08:06:04 pm,69.500,71.550000,0.5,1.7
04/13/2025 08:06:04 pm,69.550,71.445000,0.5,1.7
04/13/2025 08:06:04 pm,69.600,71.270000,0.5,1.7
04/13/2025 08:06:04 pm,69.650,71.090000,0.5,1.7
04/13/2025 08:06:04 pm,69.700,71.030000,0.5,1.7
04/13/2025 08:06:04 pm,69.750,71.010000,0.5,1.7
04/13/2025 08:06:04 pm,69.800,70.925000,0.5,1.7
04/13/2025 08:06:04 pm,69.850,70.790000,0.5,1.7
04/13/2025 08:06:04 pm,69.900,70.675000,0.5,1.7
04/13/2025 08:06:04 pm,69.950,70.655000,0.5,1.7
04/13/2025 08:06:05 pm,70.000,70.620000,0.5,1.7
04/13/2025 08:06:05 pm,70.050,70.555000,0.5,1.7
04/13/2025 08:06:05 pm,70.100,70.525000,0.5,1.7
04/13/2025 08:06:05 pm,70.150,70.480000,0.5,1.7
04/13/2025 08:06:05 pm,70.200,70.395000,0.5,1.7
04/13/2025 08:06:05 pm,70.250,70.275000,0.5,1.7
04/13/2025 08:06:05 pm,70.300,70.190000,0.5,1.7
04/13/2025 08:06:05 pm,70.350,70.125000,0.5,1.7
04/13/2025 08:06:05 pm,70.400,70.040000,0.5,1.7
04/13/2025 08:06:05 pm,70.450,69.945000,0.5,1.7
04/13/2025 08:06:05 pm,70.500,69.870000,0.5,1.7
04/13/2025 08:06:05 pm,70.550,69.775000,0.5,1.7
04/13/2025 08:06:05 pm,70.600,69.730000,0.5,1.7
04/13/2025 08:06:05 pm,70.650,69.675000,0.5,1.7
04/13/2025 08:06:05 pm,70.700,69.590000,0.5,1.7
04/13/2025 08:06:05 pm,70.750,69.470000,0.5,1.7
04/13/2025 08:06:05 pm,70.800,69.285000,0.5,1.7
04/13/2025 08:06:05 pm,70.850,69.205000,0.5,1.7
04/13/2025 08:06:05 pm,70.900,69.205000,0.6,1.7
04/13/2025 08:06:05 pm,70.950,69.180000,0.6,1.7
04/13/2025 08:06:06 pm,71.000,69.070000,0.5,1.7
04/13/2025 08:06:06 pm,71.050,68.945000,0.5,1.7
04/13/2025 08:06:06 pm,71.100,68.820000,0.6,1.7
04/13/2025 08:06:06 pm,71.150,68.690000,0.6,1.7
04/13/2025 08:06:06 pm,71.200,68.530000,0.6,1.7
04/13/2025 08:06:06 pm,71.250,68.355000,0.6,1.7
04/13/2025 08:06:06 pm,71.300,68.180000,0.6,1.7
04/13/2025 08:06:06 pm,71.350,68.050000,0.6,1.8
04/13/2025 08:06:06 pm,71.400,67.945000,0.6,1.7
04/13/2025 08:06:06 pm,71.450,67.830000,0.5,1.7
04/13/2025 08:06:06 pm,71.500,67.660000,0.6,1.7
04/13/2025 08:06:06 pm,71.550,67.450000,0.5,1.7
04/13/2025 08:06:06 pm,71.600,67.225000,0.5,1.7
04/13/2025 08:06:06 pm,71.650,67.135000,0.5,1.7
04/13/2025 08:06:06 pm,71.700,67.015000,0.5,1.7
04/13/2025 08:06:06 pm,71.750,66.905000,0.5,1.7
04/13/2025 08:06:06 pm,71.800,66.745000,0.5,1.7
04/13/2025 08:06:06 pm,71.850,66.560000,0.5,1.7
04/13/2025 08:06:06 pm,71.900,66.455000,0.5,1.7
04/13/2025 08:06:06 pm,71.950,66.365000,0.5,1.7
04/13/2025 08:06:07 pm,72.000,66.320000,0.5,1.7
04/13/2025 08:06:07 pm,72.050,66.260000,0.5,1.7
04/13/2025 08:06:07 pm,72.100,66.220000,0.5,1.7
04/13/2025 08:06:07 pm,72.150,66.170000,0.5,1.7
04/13/2025 08:06:07 pm,72.200,65.980000,0.5,1.7
04/13/2025 08:06:07 pm,72.250,65.760000,0.5,1.7
04/13/2025 08:06:07 pm,72.300,65.500000,0.5,1.7
04/13/2025 08:06:07 pm,72.350,65.375000,0.4,1.7
04/13/2025 08:06:07 pm,72.400,65.260000,0.5,1.7
04/13/2025 08:06:07 pm,72.450,65.200000,0.5,1.7
04/13/2025 08:06:07 pm,72.500,65.130000,0.5,1.7
04/13/2025 08:06:07 pm,72.550,65.100000,0.4,1.7
04/13/2025 08:06:07 pm,72.600,65.075000,0.4,1.6
04/13/2025 08:06:07 pm,72.650,65.075000,0.4,1.6
04/13/2025 08:06:07 pm,72.700,65.080000,0.5,1.7
04/13/2025 08:06:07 pm,72.750,65.080000,0.4,1.7
04/13/2025 08:06:07 pm,72.800,65.080000,0.4,1.7
04/13/2025 08:06:07 pm,72.850,65.080000,0.4,1.6
04/13/2025 08:06:07 pm,72.900,65.080000,0.4,1.6
04/13/2025 08:06:07 pm,72.950,65.080000,0.4,1.6
04/13/2025 08:06:08 pm,73.000,65.080000,0.5,1.7
04/13/2025 08:06:08 pm,73.050,65.080000,0.4,1.6
04/13/2025 08:06:08 pm,73.100,65.080000,0.5,1.7
04/13/2025 08:06:08 pm,73.150,65.080000,0.4,1.6
04/13/2025 08:06:08 pm,73.200,65.080000,0.4,1.7
04/13/2025 08:06:08 pm,73.250,65.080000,0.4,1.6
04/13/2025 08:06:08 pm,73.300,65.080000,0.5,1.7
04/13/2025 08:06:08 pm,73.350,65.080000,0.4,1.7
04/13/2025 08:06:08 pm,73.400,65.080000,0.4,1.6
04/13/2025 08:06:08 pm,73.450,65.075000,0.5,1.7
04/13/2025 08:06:08 pm,73.500,65.000000,0.5,1.7
04/13/2025 08:06:08 pm,73.550,64.925000,0.4,1.6
04/13/2025 08:06:08 pm,73.600,64.920000,0.4,1.7
04/13/2025 08:06:08 pm,73.650,64.920000,0.4,1.7
04/13/2025 08:06:08 pm,73.700,64.915000,0.4,1.7
04/13/2025 08:06:08 pm,73.750,64.915000,0.5,1.7
04/13/2025 08:06:08 pm,73.800,64.910000,0.4,1.7
04/13/2025 08:06:08 pm,73.850,64.885000,0.4,1.6
04/13/2025 08:06:08 pm,73.900,64.885000,0.5,1.7
04/13/2025 08:06:08 pm,73.950,64.845000,0.4,1.7
04/13/2025 08:06:09 pm,74.000,64.780000,0.4,1.7
04/13/2025 08:06:09 pm,74.050,64.665000,0.5,1.7
04/13/2025 08:06:09 pm,74.100,64.365000,0.5,1.7
04/13/2025 08:06:09 pm,74.150,64.190000,0.5,1.7
04/13/2025 08:06:09 pm,74.200,64.110000,0.5,1.7
04/13/2025 08:06:09 pm,74.250,63.940000,0.5,1.7
04/13/2025 08:06:09 pm,74.300,63.685000,0.5,1.7
04/13/2025 08:06:09 pm,74.350,63.550000,0.5,1.7
04/13/2025 08:06:09 pm,74.400,63.270000,0.5,1.7
04/13/2025 08:06:09 pm,74.450,62.890000,0.5,1.7
04/13/2025 08:06:09 pm,74.500,62.565000,0.5,1.7
04/13/2025 08:06:09 pm,74.550,62.210000,0.6,1.8
04/13/2025 08:06:09 pm,74.600,62.175000,0.6,1.8
04/13/2025 08:06:09 pm,74.650,62.100000,0.6,1.8
04/13/2025 08:06:09 pm,74.700,61.900000,0.6,1.8
04/13/2025 08:06:09 pm,74.750,61.800000,0.6,1.8
04/13/2025 08:06:09 pm,74.800,61.770000,0.6,1.8
04/13/2025 08:06:09 pm,74.850,61.630000,0.6,1.8
04/13/2025 08:06:09 pm,74.900,61.480000,0.6,1.8
04/13/2025 08:06:09 pm,74.950,61.365000,0.6,1.8
04/13/2025 08:06:10 pm,75.000,61.245000,0.6,1.8
04/13/2025 08:06:10 pm,75.050,61.130000,0.6,1.8
04/13/2025 08:06:10 pm,75.100,61.060000,0.6,1.8
04/13/2025 08:06:10 pm,75.150,61.015000,0.6,1.8
04/13/2025 08:06:10 pm,75.200,60.935000,0.6,1.8
04/13/2025 08:06:10 pm,75.250,60.875000,0.6,1.8
04/13/2025 08:06:10 pm,75.300,60.825000,0.6,1.8
04/13/2025 08:06:10 pm,75.350,60.740000,0.6,1.8
04/13/2025 08:06:10 pm,75.400,60.640000,0.6,1.8
04/13/2025 08:06:10 pm,75.450,60.510000,0.6,1.8
04/13/2025 08:06:10 pm,75.500,60.435000,0.6,1.8
04/13/2025 08:06:10 pm,75.550,60.380000,0.6,1.7
04/13/2025 08:06:10 pm,75.600,60.310000,0.6,1.7
04/13/2025 08:06:10 pm,75.650,60.250000,0.5,1.7
04/13/2025 08:06:10 pm,75.700,60.120000,0.5,1.7
04/13/2025 08:06:10 pm,75.750,60.015000,0.5,1.7
04/13/2025 08:06:10 pm,75.800,59.980000,0.5,1.7
04/13/2025 08:06:10 pm,75.850,59.980000,0.5,1.7
04/13/2025 08:06:10 pm,75.900,59.980000,0.5,1.7
04/13/2025 08:06:10 pm,75.950,59.985000,0.5,1.7
04/13/2025 08:06:11 pm,76.000,59.985000,0.5,1.7
04/13/2025 08:06:11 pm,76.050,60.010000,0.5,1.7
04/13/2025 08:06:11 pm,76.100,60.010000,0.5,1.7
04/13/2025 08:06:11 pm,76.150,60.010000,0.5,1.7
04/13/2025 08:06:11 pm,76.200,60.000000,0.5,1.7
04/13/2025 08:06:11 pm,76.250,59.930000,0.5,1.7
04/13/2025 08:06:11 pm,76.300,59.850000,0.5,1.7
04/13/2025 08:06:11 pm,76.350,59.755000,0.5,1.7
04/13/2025 08:06:11 pm,76.400,59.600000,0.5,1.7
04/13/2025 08:06:11 pm,76.450,59.430000,0.5,1.7
04/13/2025 08:06:11 pm,76.500,59.210000,0.5,1.7
04/13/2025 08:06:11 pm,76.550,58.925000,0.5,1.7
04/13/2025 08:06:11 pm,76.600,58.800000,0.5,1.7
04/13/2025 08:06:11 pm,76.650,58.640000,0.5,1.7
04/13/2025 08:06:11 pm,76.700,58.390000,0.4,1.7
04/13/2025 08:06:11 pm,76.750,58.210000,0.4,1.6
04/13/2025 08:06:11 pm,76.800,57.995000,0.4,1.7
04/13/2025 08:06:11 pm,76.850,57.885000,0.4,1.6
04/13/2025 08:06:11 pm,76.900,57.705000,0.5,1.7
04/13/2025 08:06:11 pm,76.950,57.370000,0.5,1.7
04/13/2025 08:06:12 pm,77.000,57.215000,0.5,1.7
04/13/2025 08:06:12 pm,77.050,57.130000,0.5,1.7
04/13/2025 08:06:12 pm,77.100,57.040000,0.5,1.7
04/13/2025 08:06:12 pm,77.150,56.960000,0.5,1.7
04/13/2025 08:06:12 pm,77.200,56.865000,0.5,1.7
04/13/2025 08:06:12 pm,77.250,56.850000,0.5,1.7
04/13/2025 08:06:12 pm,77.300,56.845000,0.5,1.7
04/13/2025 08:06:12 pm,77.350,56.810000,0.5,1.7
04/13/2025 08:06:12 pm,77.400,56.790000,0.5,1.7
04/13/2025 08:06:12 pm,77.450,56.775000,0.5,1.7
04/13/2025 08:06:12 pm,77.500,56.680000,0.5,1.7
04/13/2025 08:06:12 pm,77.550,56.565000,0.5,1.7
04/13/2025 08:06:12 pm,77.600,56.425000,0.5,1.7
04/13/2025 08:06:12 pm,77.650,56.230000,0.6,1.7
04/13/2025 08:06:12 pm,77.700,56.120000,0.6,1.8
04/13/2025 08:06:12 pm,77.750,56.035000,0.6,1.8
04/13/2025 08:06:12 pm,77.800,55.865000,0.6,1.8
04/13/2025 08:06:12 pm,77.850,55.795000,0.6,1.8
04/13/2025 08:06:12 pm,77.900,55.695000,0.6,1.8
04/13/2025 08:06:12 pm,77.950,55.540000,0.6,1.8
04/13/2025 08:06:13 pm,78.000,55.470000,0.6,1.8
04/13/2025 08:06:13 pm,78.050,55.305000,0.6,1.8
04/13/2025 08:06:13 pm,78.100,55.265000,0.6,1.8
04/13/2025 08:06:13 pm,78.150,55.260000,0.6,1.8
04/13/2025 08:06:13 pm,78.200,55.260000,0.6,1.8
04/13/2025 08:06:13 pm,78.250,55.260000,0.6,1.8
04/13/2025 08:06:13 pm,78.300,55.260000,0.6,1.8
04/13/2025 08:06:13 pm,78.350,55.260000,0.6,1.8
04/13/2025 08:06:13 pm,78.400,55.215000,0.6,1.8
04/13/2025 08:06:13 pm,78.450,55.155000,0.6,1.8
04/13/2025 08:06:13 pm,78.500,55.130000,0.6,1.8
04/13/2025 08:06:13 pm,78.550,55.060000,0.6,1.8
04/13/2025 08:06:13 pm,78.600,55.015000,0.6,1.8
04/13/2025 08:06:13 pm,78.650,54.930000,0.7,1.8
04/13/2025 08:06:13 pm,78.700,54.865000,0.7,1.8
04/13/2025 08:06:13 pm,78.750,54.780000,0.7,1.8
04/13/2025 08:06:13 pm,78.800,54.425000,0.7,1.8
04/13/2025 08:06:13 pm,78.850,54.250000,0.7,1.8
04/13/2025 08:06:13 pm,78.900,54.085000,0.7,1.8
04/13/2025 08:06:13 pm,78.950,53.885000,0.6,1.8
04/13/2025 08:06:14 pm,79.000,53.860000,0.6,1.8
04/13/2025 08:06:14 pm,79.050,53.710000,0.6,1.8
04/13/2025 08:06:14 pm,79.100,53.585000,0.6,1.8
04/13/2025 08:06:14 pm,79.150,53.500000,0.6,1.8
04/13/2025 08:06:14 pm,79.200,53.270000,0.6,1.8
04/13/2025 08:06:14 pm,79.250,53.140000,0.6,1.8
04/13/2025 08:06:14 pm,79.300,53.130000,0.6,1.8
04/13/2025 08:06:14 pm,79.350,52.850000,0.6,1.8
04/13/2025 08:06:14 pm,79.400,52.610000,0.5,1.7
04/13/2025 08:06:14 pm,79.450,52.420000,0.5,1.7
04/13/2025 08:06:14 pm,79.500,52.300000,0.5,1.7
04/13/2025 08:06:14 pm,79.550,52.185000,0.5,1.7
04/13/2025 08:06:14 pm,79.600,52.095000,0.5,1.7
04/13/2025 08:06:14 pm,79.650,51.875000,0.5,1.7
04/13/2025 08:06:14 pm,79.700,51.620000,0.5,1.7
04/13/2025 08:06:14 pm,79.750,51.485000,0.4,1.7
04/13/2025 08:06:14 pm,79.800,51.410000,0.5,1.7
04/13/2025 08:06:14 pm,79.850,51.260000,0.4,1.7
04/13/2025 08:06:14 pm,79.900,51.110000,0.5,1.7
04/13/2025 08:06:14 pm,79.950,50.930000,0.4,1.6
04/13/2025 08:06:15 pm,80.000,50.770000,0.5,1.7
04/13/2025 08:06:15 pm,80.050,50.680000,0.5,1.7
04/13/2025 08:06:15 pm,80.100,50.535000,0.5,1.7
04/13/2025 08:06:15 pm,80.150,50.385000,0.5,1.7
04/13/2025 08:06:15 pm,80.200,50.305000,0.5,1.7
04/13/2025 08:06:15 pm,80.250,50.265000,0.5,1.7
04/13/2025 08:06:15 pm,80.300,50.175000,0.5,1.7
04/13/2025 08:06:15 pm,80.350,50.130000,0.5,1.7
04/13/2025 08:06:15 pm,80.400,50.055000,0.5,1.7
04/13/2025 08:06:15 pm,80.450,49.935000,0.5,1.7
04/13/2025 08:06:15 pm,80.500,49.855000,0.5,1.7
04/13/2025 08:06:15 pm,80.550,49.770000,0.5,1.7
04/13/2025 08:06:15 pm,80.600,49.680000,0.5,1.7
04/13/2025 08:06:15 pm,80.650,49.605000,0.5,1.7
04/13/2025 08:06:15 pm,80.700,49.520000,0.5,1.7
04/13/2025 08:06:15 pm,80.750,49.395000,0.6,1.8
04/13/2025 08:06:15 pm,80.800,49.285000,0.6,1.8
04/13/2025 08:06:15 pm,80.850,49.165000,0.6,1.8
04/13/2025 08:06:15 pm,80.900,49.065000,0.6,1.8
04/13/2025 08:06:15 pm,80.950,49.005000,0.6,1.8
04/13/2025 08:06:16 pm,81.000,48.930000,0.6,1.8
04/13/2025 08:06:16 pm,81.050,48.845000,0.6,1.8
04/13/2025 08:06:16 pm,81.100,48.700000,0.6,1.8
04/13/2025 08:06:16 pm,81.150,48.615000,0.7,1.8
04/13/2025 08:06:16 pm,81.200,48.505000,0.7,1.8
04/13/2025 08:06:16 pm,81.250,48.405000,0.7,1.8
04/13/2025 08:06:16 pm,81.300,48.350000,0.7,1.8
04/13/2025 08:06:16 pm,81.350,48.265000,0.7,1.8
04/13/2025 08:06:16 pm,81.400,48.150000,0.7,1.8
04/13/2025 08:06:16 pm,81.450,48.000000,0.7,1.9
04/13/2025 08:06:16 pm,81.500,47.880000,0.7,1.9
04/13/2025 08:06:16 pm,81.550,47.820000,0.7,1.9
04/13/2025 08:06:16 pm,81.600,47.725000,0.7,1.9
04/13/2025 08:06:16 pm,81.650,47.645000,0.7,1.9
04/13/2025 08:06:16 pm,81.700,47.555000,0.7,1.9
04/13/2025 08:06:16 pm,81.750,47.430000,0.8,1.9
04/13/2025 08:06:16 pm,81.800,47.335000,0.8,1.9
04/13/2025 08:06:16 pm,81.850,47.185000,0.7,1.9
04/13/2025 08:06:16 pm,81.900,47.030000,0.8,1.9
04/13/2025 08:06:16 pm,81.950,46.930000,0.7,1.9
04/13/2025 08:06:17 pm,82.000,46.810000,0.7,1.9
04/13/2025 08:06:17 pm,82.050,46.700000,0.7,1.9
04/13/2025 08:06:17 pm,82.100,46.625000,0.7,1.9
04/13/2025 08:06:17 pm,82.150,46.570000,0.7,1.9
04/13/2025 08:06:17 pm,82.200,46.545000,0.7,1.9
04/13/2025 08:06:17 pm,82.250,46.535000,0.7,1.9
04/13/2025 08:06:17 pm,82.300,46.505000,0.7,1.9
04/13/2025 08:06:17 pm,82.350,46.450000,0.7,1.9
04/13/2025 08:06:17 pm,82.400,46.405000,0.7,1.9
04/13/2025 08:06:17 pm,82.450,46.335000,0.7,1.9
04/13/2025 08:06:17 pm,82.500,46.275000,0.7,1.8
04/13/2025 08:06:17 pm,82.550,46.225000,0.7,1.8
04/13/2025 08:06:17 pm,82.600,46.110000,0.7,1.8
04/13/2025 08:06:17 pm,82.650,46.095000,0.7,1.8
04/13/2025 08:06:17 pm,82.700,45.975000,0.7,1.8
04/13/2025 08:06:17 pm,82.750,45.845000,0.7,1.8
04/13/2025 08:06:17 pm,82.800,45.845000,0.7,1.8
04/13/2025 08:06:17 pm,82.850,45.815000,0.7,1.8
04/13/2025 08:06:17 pm,82.900,45.775000,0.7,1.8
04/13/2025 08:06:17 pm,82.950,45.775000,0.7,1.8
04/13/2025 08:06:18 pm,83.000,45.775000,0.7,1.8
04/13/2025 08:06:18 pm,83.050,45.775000,0.6,1.8
04/13/2025 08:06:18 pm,83.100,45.775000,0.6,1.8
04/13/2025 08:06:18 pm,83.150,45.740000,0.6,1.8
04/13/2025 08:06:18 pm,83.200,45.675000,0.6,1.8
04/13/2025 08:06:18 pm,83.250,45.640000,0.6,1.8
04/13/2025 08:06:18 pm,83.300,45.625000,0.6,1.8
04/13/2025 08:06:18 pm,83.350,45.535000,0.6,1.8
04/13/2025 08:06:18 pm,83.400,45.485000,0.6,1.8
04/13/2025 08:06:18 pm,83.450,45.420000,0.6,1.8
04/13/2025 08:06:18 pm,83.500,45.355000,0.6,1.8
04/13/2025 08:06:18 pm,83.550,45.260000,0.6,1.8
04/13/2025 08:06:18 pm,83.600,45.215000,0.6,1.8
04/13/2025 08:06:18 pm,83.650,45.155000,0.5,1.7
04/13/2025 08:06:18 pm,83.700,45.085000,0.6,1.7
04/13/2025 08:06:18 pm,83.750,45.040000,0.5,1.7
04/13/2025 08:06:18 pm,83.800,44.995000,0.5,1.7
04/13/2025 08:06:18 pm,83.850,44.955000,0.5,1.7
04/13/2025 08:06:18 pm,83.900,44.900000,0.5,1.7
04/13/2025 08:06:18 pm,83.950,44.850000,0.5,1.7
04/13/2025 08:06:19 pm,84.000,44.795000,0.5,1.7
04/13/2025 08:06:19 pm,84.050,44.625000,0.5,1.7
04/13/2025 08:06:19 pm,84.100,44.505000,0.5,1.7
04/13/2025 08:06:19 pm,84.150,44.420000,0.5,1.7
04/13/2025 08:06:19 pm,84.200,44.360000,0.5,1.7
04/13/2025 08:06:19 pm,84.250,44.350000,0.5,1.7
04/13/2025 08:06:19 pm,84.300,44.315000,0.5,1.7
04/13/2025 08:06:19 pm,84.350,44.160000,0.5,1.7
04/13/2025 08:06:19 pm,84.400,44.000000,0.5,1.7
04/13/2025 08:06:19 pm,84.450,43.785000,0.4,1.6
04/13/2025 08:06:19 pm,84.500,43.520000,0.5,1.7
04/13/2025 08:06:19 pm,84.550,43.285000,0.5,1.7
04/13/2025 08:06:19 pm,84.600,43.030000,0.5,1.7
04/13/2025 08:06:19 pm,84.650,42.800000,0.5,1.7
04/13/2025 08:06:19 pm,84.700,42.580000,0.5,1.7
04/13/2025 08:06:19 pm,84.750,42.390000,0.6,1.8
04/13/2025 08:06:19 pm,84.800,42.240000,0.6,1.8
04/13/2025 08:06:19 pm,84.850,42.005000,0.6,1.8
04/13/2025 08:06:19 pm,84.900,41.780000,0.7,1.8
04/13/2025 08:06:19 pm,84.950,41.590000,0.7,1.9
04/13/2025 08:06:20 pm,85.000,41.490000,0.7,1.9
04/13/2025 08:06:20 pm,85.050,41.375000,0.8,1.9
04/13/2025 08:06:20 pm,85.100,41.250000,0.8,1.9
04/13/2025 08:06:20 pm,85.150,41.090000,0.8,1.9
04/13/2025 08:06:20 pm,85.200,40.920000,0.8,1.9
04/13/2025 08:06:20 pm,85.250,40.780000,0.9,1.9
04/13/2025 08:06:20 pm,85.300,40.670000,0.9,1.9
04/13/2025 08:06:20 pm,85.350,40.525000,0.9,1.9
04/13/2025 08:06:20 pm,85.400,40.390000,0.9,2.0
04/13/2025 08:06:20 pm,85.450,40.295000,0.9,1.9
04/13/2025 08:06:20 pm,85.500,40.160000,0.9,2.0
04/13/2025 08:06:20 pm,85.550,40.020000,0.9,2.0
04/13/2025 08:06:20 pm,85.600,39.930000,0.9,2.0
04/13/2025 08:06:20 pm,85.650,39.795000,0.9,2.0
04/13/2025 08:06:20 pm,85.700,39.670000,0.9,1.9
04/13/2025 08:06:20 pm,85.750,39.500000,0.9,1.9
04/13/2025 08:06:20 pm,85.800,39.360000,0.9,1.9
04/13/2025 08:06:20 pm,85.850,39.205000,0.8,1.9
04/13/2025 08:06:20 pm,85.900,39.055000,0.8,1.9
04/13/2025 08:06:20 pm,85.950,38.930000,0.8,1.9
04/13/2025 08:06:21 pm,86.000,38.805000,0.8,1.9
04/13/2025 08:06:21 pm,86.050,38.720000,0.8,1.9
04/13/2025 08:06:21 pm,86.100,38.610000,0.8,1.9
04/13/2025 08:06:21 pm,86.150,38.545000,0.7,1.9
04/13/2025 08:06:21 pm,86.200,38.510000,0.7,1.9
04/13/2025 08:06:21 pm,86.250,38.415000,0.7,1.9
04/13/2025 08:06:21 pm,86.300,38.320000,0.7,1.8
04/13/2025 08:06:21 pm,86.350,38.210000,0.7,1.8
04/13/2025 08:06:21 pm,86.400,38.120000,0.7,1.8
04/13/2025 08:06:21 pm,86.450,37.970000,0.6,1.8
04/13/2025 08:06:21 pm,86.500,37.790000,0.6,1.8
04/13/2025 08:06:21 pm,86.550,37.605000,0.6,1.8
04/13/2025 08:06:21 pm,86.600,37.480000,0.5,1.7
04/13/2025 08:06:21 pm,86.650,37.310000,0.5,1.7
04/13/2025 08:06:21 pm,86.700,37.095000,0.5,1.7
04/13/2025 08:06:21 pm,86.750,36.995000,0.5,1.7
04/13/2025 08:06:21 pm,86.800,36.915000,0.5,1.7
04/13/2025 08:06:21 pm,86.850,36.830000,0.5,1.7
04/13/2025 08:06:21 pm,86.900,36.740000,0.5,1.7
04/13/2025 08:06:21 pm,86.950,36.590000,0.5,1.7
04/13/2025 08:06:22 pm,87.000,36.520000,0.5,1.7
04/13/2025 08:06:22 pm,87.050,36.460000,0.5,1.7
04/13/2025 08:06:22 pm,87.100,36.405000,0.5,1.7
04/13/2025 08:06:22 pm,87.150,36.385000,0.5,1.7
04/13/2025 08:06:22 pm,87.200,36.340000,0.5,1.7
04/13/2025 08:06:22 pm,87.250,36.265000,0.5,1.7
04/13/2025 08:06:22 pm,87.300,36.165000,0.5,1.7
04/13/2025 08:06:22 pm,87.350,36.060000,0.5,1.7
04/13/2025 08:06:22 pm,87.400,36.025000,0.5,1.7
04/13/2025 08:06:22 pm,87.450,35.990000,0.5,1.7
04/13/2025 08:06:22 pm,87.500,35.990000,0.5,1.7
04/13/2025 08:06:22 pm,87.550,35.990000,0.5,1.7
04/13/2025 08:06:22 pm,87.600,35.990000,0.5,1.7
04/13/2025 08:06:22 pm,87.650,35.990000,0.5,1.7
04/13/2025 08:06:22 pm,87.700,35.990000,0.5,1.7
04/13/2025 08:06:22 pm,87.750,35.980000,0.5,1.7
04/13/2025 08:06:22 pm,87.800,35.875000,0.5,1.7
04/13/2025 08:06:22 pm,87.850,35.850000,0.5,1.7
04/13/2025 08:06:22 pm,87.900,35.845000,0.5,1.7
04/13/2025 08:06:22 pm,87.950,35.730000,0.5,1.7
04/13/2025 08:06:23 pm,88.000,35.645000,0.5,1.7
04/13/2025 08:06:23 pm,88.050,35.515000,0.6,1.7
04/13/2025 08:06:23 pm,88.100,35.365000,0.6,1.8
04/13/2025 08:06:23 pm,88.150,35.270000,0.6,1.8
04/13/2025 08:06:23 pm,88.200,35.095000,0.7,1.8
04/13/2025 08:06:23 pm,88.250,35.045000,0.7,1.8
04/13/2025 08:06:23 pm,88.300,34.940000,0.7,1.8
04/13/2025 08:06:23 pm,88.350,34.830000,0.7,1.9
04/13/2025 08:06:23 pm,88.400,34.750000,0.8,1.9
04/13/2025 08:06:23 pm,88.450,34.670000,0.8,1.9
04/13/2025 08:06:23 pm,88.500,34.630000,0.8,1.9
04/13/2025 08:06:23 pm,88.550,34.610000,0.8,1.9
04/13/2025 08:06:23 pm,88.600,34.490000,0.8,1.9
04/13/2025 08:06:23 pm,88.650,34.355000,0.9,1.9
04/13/2025 08:06:23 pm,88.700,34.270000,0.9,2.0
04/13/2025 08:06:23 pm,88.750,34.195000,0.9,2.0
04/13/2025 08:06:23 pm,88.800,33.970000,1.0,2.0
04/13/2025 08:06:23 pm,88.850,33.640000,1.0,2.0
04/13/2025 08:06:23 pm,88.900,33.390000,1.1,2.0
04/13/2025 08:06:23 pm,88.950,33.280000,1.1,2.0
04/13/2025 08:06:24 pm,89.000,33.060000,1.1,2.0
04/13/2025 08:06:24 pm,89.050,32.800000,1.1,2.0
04/13/2025 08:06:24 pm,89.100,32.410000,1.1,2.0
04/13/2025 08:06:24 pm,89.150,32.035000,1.1,2.0
04/13/2025 08:06:24 pm,89.200,31.835000,1.0,2.0
04/13/2025 08:06:24 pm,89.250,31.620000,1.0,2.0
04/13/2025 08:06:24 pm,89.300,31.380000,0.9,1.9
04/13/2025 08:06:24 pm,89.350,31.220000,0.8,1.9
04/13/2025 08:06:24 pm,89.400,30.975000,0.8,1.9
04/13/2025 08:06:24 pm,89.450,30.680000,0.7,1.8
04/13/2025 08:06:24 pm,89.500,30.430000,0.6,1.8
04/13/2025 08:06:24 pm,89.550,30.275000,0.6,1.7
04/13/2025 08:06:24 pm,89.600,30.085000,0.5,1.7
04/13/2025 08:06:24 pm,89.650,29.925000,0.5,1.7
04/13/2025 08:06:24 pm,89.700,29.750000,0.5,1.7
04/13/2025 08:06:24 pm,89.750,29.535000,0.5,1.7
04/13/2025 08:06:24 pm,89.800,29.330000,0.5,1.7
04/13/2025 08:06:24 pm,89.850,29.125000,0.5,1.7
04/13/2025 08:06:24 pm,89.900,28.980000,0.5,1.7
04/13/2025 08:06:24 pm,89.950,28.790000,0.5,1.7
04/13/2025 08:06:25 pm,90.000,28.540000,0.5,1.7
04/13/2025 08:06:25 pm,90.050,28.360000,0.6,1.8
04/13/2025 08:06:25 pm,90.100,28.150000,0.6,1.8
04/13/2025 08:06:25 pm,90.150,27.960000,0.7,1.9
04/13/2025 08:06:25 pm,90.200,27.800000,0.8,1.9
04/13/2025 08:06:25 pm,90.250,27.700000,0.8,1.9
04/13/2025 08:06:25 pm,90.300,27.590000,0.9,1.9
04/13/2025 08:06:25 pm,90.350,27.445000,0.9,2.0
04/13/2025 08:06:25 pm,90.400,27.320000,1.0,2.0
04/13/2025 08:06:25 pm,90.450,27.310000,1.0,2.0
04/13/2025 08:06:25 pm,90.500,27.205000,1.0,2.0
04/13/2025 08:06:25 pm,90.550,27.155000,1.0,2.0
04/13/2025 08:06:25 pm,90.600,26.960000,1.1,2.0
04/13/2025 08:06:25 pm,90.650,26.840000,1.2,2.1
04/13/2025 08:06:25 pm,90.700,26.830000,1.2,2.1
04/13/2025 08:06:25 pm,90.750,26.785000,1.2,2.1
04/13/2025 08:06:25 pm,90.800,26.590000,1.3,2.1
04/13/2025 08:06:25 pm,90.850,26.540000,1.3,2.1
04/13/2025 08:06:25 pm,90.900,26.525000,1.3,2.1
04/13/2025 08:06:25 pm,90.950,26.455000,1.3,2.1
04/13/2025 08:06:26 pm,91.000,26.375000,1.4,2.1
04/13/2025 08:06:26 pm,91.050,26.220000,1.4,2.1
04/13/2025 08:06:26 pm,91.100,26.190000,1.4,2.2
04/13/2025 08:06:26 pm,91.150,26.100000,1.4,2.2
04/13/2025 08:06:26 pm,91.200,25.965000,1.5,2.2
04/13/2025 08:06:26 pm,91.250,25.910000,1.5,2.2
04/13/2025 08:06:26 pm,91.300,25.855000,1.5,2.2
04/13/2025 08:06:26 pm,91.350,25.815000,1.5,2.2
04/13/2025 08:06:26 pm,91.400,25.745000,1.5,2.2
04/13/2025 08:06:26 pm,91.450,25.725000,1.5,2.2
04/13/2025 08:06:26 pm,91.500,25.725000,1.5,2.2
04/13/2025 08:06:26 pm,91.550,25.670000,1.5,2.2
04/13/2025 08:06:26 pm,91.600,25.625000,1.5,2.2
04/13/2025 08:06:26 pm,91.650,25.625000,1.5,2.2
04/13/2025 08:06:26 pm,91.700,25.570000,1.5,2.2
04/13/2025 08:06:26 pm,91.750,25.485000,1.5,2.2
04/13/2025 08:06:26 pm,91.800,25.480000,1.5,2.2
04/13/2025 08:06:26 pm,91.850,25.450000,1.5,2.2
04/13/2025 08:06:26 pm,91.900,25.395000,1.5,2.2
04/13/2025 08:06:26 pm,91.950,25.315000,1.5,2.2
04/13/2025 08:06:27 pm,92.000,25.200000,1.5,2.2
04/13/2025 08:06:27 pm,92.050,25.090000,1.5,2.2
04/13/2025 08:06:27 pm,92.100,24.985000,1.5,2.2
04/13/2025 08:06:27 pm,92.150,24.930000,1.5,2.2
04/13/2025 08:06:27 pm,92.200,24.795000,1.4,2.2
04/13/2025 08:06:27 pm,92.250,24.630000,1.4,2.1
04/13/2025 08:06:27 pm,92.300,24.515000,1.3,2.1
04/13/2025 08:06:27 pm,92.350,24.415000,1.3,2.1
04/13/2025 08:06:27 pm,92.400,24.350000,1.2,2.1
04/13/2025 08:06:27 pm,92.450,24.185000,1.2,2.1
04/13/2025 08:06:27 pm,92.500,23.905000,1.1,2.0
04/13/2025 08:06:27 pm,92.550,23.725000,1.0,2.0
04/13/2025 08:06:27 pm,92.600,23.560000,0.9,2.0
04/13/2025 08:06:27 pm,92.650,23.305000,0.8,1.9
04/13/2025 08:06:27 pm,92.700,23.175000,0.7,1.8
04/13/2025 08:06:27 pm,92.750,23.065000,0.7,1.8
04/13/2025 08:06:27 pm,92.800,22.955000,0.6,1.8
04/13/2025 08:06:27 pm,92.850,22.825000,0.6,1.8
04/13/2025 08:06:27 pm,92.900,22.635000,0.5,1.7
04/13/2025 08:06:27 pm,92.950,22.490000,0.5,1.7
04/13/2025 08:06:28 pm,93.000,22.420000,0.5,1.7
04/13/2025 08:06:28 pm,93.050,22.360000,0.5,1.7
04/13/2025 08:06:28 pm,93.100,22.250000,0.5,1.7
04/13/2025 08:06:28 pm,93.150,22.100000,0.5,1.7
04/13/2025 08:06:28 pm,93.200,21.955000,0.5,1.7
04/13/2025 08:06:28 pm,93.250,21.865000,0.5,1.7
04/13/2025 08:06:28 pm,93.300,21.705000,0.5,1.7
04/13/2025 08:06:28 pm,93.350,21.510000,0.6,1.8
04/13/2025 08:06:28 pm,93.400,21.360000,0.6,1.8
04/13/2025 08:06:28 pm,93.450,21.240000,0.7,1.8
04/13/2025 08:06:28 pm,93.500,21.080000,0.8,1.9
04/13/2025 08:06:28 pm,93.550,20.920000,0.9,1.9
04/13/2025 08:06:28 pm,93.600,20.715000,1.0,2.0
04/13/2025 08:06:28 pm,93.650,20.530000,1.2,2.1
04/13/2025 08:06:28 pm,93.700,20.430000,1.3,2.1
04/13/2025 08:06:28 pm,93.750,20.240000,1.4,2.1
04/13/2025 08:06:28 pm,93.800,20.000000,1.6,2.2
04/13/2025 08:06:28 pm,93.850,19.955000,1.7,2.2
04/13/2025 08:06:28 pm,93.900,19.825000,1.8,2.2
04/13/2025 08:06:28 pm,93.950,19.690000,1.9,2.3
04/13/2025 08:06:29 pm,94.000,19.565000,2.0,2.3
04/13/2025 08:06:29 pm,94.050,19.445000,2.1,2.3
04/13/2025 08:06:29 pm,94.100,19.355000,2.1,2.3
04/13/2025 08:06:29 pm,94.150,19.250000,2.2,2.3
04/13/2025 08:06:29 pm,94.200,19.080000,2.3,2.4
04/13/2025 08:06:29 pm,94.250,18.970000,2.4,2.4
04/13/2025 08:06:29 pm,94.300,18.825000,2.5,2.4
04/13/2025 08:06:29 pm,94.350,18.730000,2.5,2.4
04/13/2025 08:06:29 pm,94.400,18.620000,2.5,2.4
04/13/2025 08:06:29 pm,94.450,18.535000,2.5,2.4
04/13/2025 08:06:29 pm,94.500,18.425000,2.6,2.4
04/13/2025 08:06:29 pm,94.550,18.310000,2.6,2.4
04/13/2025 08:06:29 pm,94.600,18.185000,2.6,2.4
04/13/2025 08:06:29 pm,94.650,18.020000,2.6,2.4
04/13/2025 08:06:29 pm,94.700,17.640000,2.5,2.4
04/13/2025 08:06:29 pm,94.750,17.360000,2.3,2.4
04/13/2025 08:06:29 pm,94.800,17.320000,2.3,2.4
04/13/2025 08:06:29 pm,94.850,17.255000,2.3,2.4
04/13/2025 08:06:29 pm,94.900,17.140000,2.2,2.3
04/13/2025 08:06:29 pm,94.950,17.075000,2.2,2.3
04/13/2025 08:06:30 pm,95.000,16.950000,2.1,2.3
04/13/2025 08:06:30 pm,95.050,16.810000,2.0,2.3
04/13/2025 08:06:30 pm,95.100,16.805000,1.9,2.3
04/13/2025 08:06:30 pm,95.150,16.730000,1.9,2.3
04/13/2025 08:06:30 pm,95.200,16.705000,1.8,2.3
04/13/2025 08:06:30 pm,95.250,16.660000,1.8,2.3
04/13/2025 08:06:30 pm,95.300,16.570000,1.7,2.2
04/13/2025 08:06:30 pm,95.350,16.530000,1.7,2.2
04/13/2025 08:06:30 pm,95.400,16.390000,1.6,2.2
04/13/2025 08:06:30 pm,95.450,16.230000,1.4,2.1
04/13/2025 08:06:30 pm,95.500,16.190000,1.3,2.1
04/13/2025 08:06:30 pm,95.550,16.045000,1.2,2.1
04/13/2025 08:06:30 pm,95.600,15.975000,1.1,2.0
04/13/2025 08:06:30 pm,95.650,15.975000,1.1,2.0
04/13/2025 08:06:30 pm,95.700,15.860000,1.0,2.0
04/13/2025 08:06:30 pm,95.750,15.760000,0.9,2.0
04/13/2025 08:06:30 pm,95.800,15.620000,0.8,1.9
04/13/2025 08:06:30 pm,95.850,15.350000,0.6,1.8
04/13/2025 08:06:30 pm,95.900,15.215000,0.6,1.8
04/13/2025 08:06:30 pm,95.950,15.075000,0.5,1.7
04/13/2025 08:06:31 pm,96.000,15.055000,0.5,1.7
04/13/2025 08:06:31 pm,96.050,14.970000,0.5,1.7
04/13/2025 08:06:31 pm,96.100,14.865000,0.5,1.7
04/13/2025 08:06:31 pm,96.150,14.810000,0.5,1.7
04/13/2025 08:06:31 pm,96.200,14.620000,0.5,1.7
04/13/2025 08:06:31 pm,96.250,14.405000,0.7,1.8
04/13/2025 08:06:31 pm,96.300,14.365000,0.7,1.9
04/13/2025 08:06:31 pm,96.350,14.325000,0.8,1.9
04/13/2025 08:06:31 pm,96.400,14.275000,0.8,1.9
04/13/2025 08:06:31 pm,96.450,14.190000,0.9,1.9
04/13/2025 08:06:31 pm,96.500,14.040000,1.0,2.0
04/13/2025 08:06:31 pm,96.550,13.890000,1.3,2.1
04/13/2025 08:06:31 pm,96.600,13.860000,1.3,2.1
04/13/2025 08:06:31 pm,96.650,13.810000,1.4,2.1
04/13/2025 08:06:31 pm,96.700,13.725000,1.5,2.2
04/13/2025 08:06:31 pm,96.750,13.625000,1.7,2.2
04/13/2025 08:06:31 pm,96.800,13.495000,1.8,2.3
04/13/2025 08:06:31 pm,96.850,13.390000,2.2,2.3
04/13/2025 08:06:31 pm,96.900,13.345000,2.2,2.3
04/13/2025 08:06:31 pm,96.950,13.220000,2.4,2.4
04/13/2025 08:06:32 pm,97.000,13.145000,2.7,2.4
04/13/2025 08:06:32 pm,97.050,13.005000,2.9,2.5
04/13/2025 08:06:32 pm,97.100,12.660000,3.6,2.6
04/13/2025 08:06:32 pm,97.150,12.470000,4.3,2.6
04/13/2025 08:06:32 pm,97.200,12.355000,4.5,2.7
04/13/2025 08:06:32 pm,97.250,12.295000,4.7,2.7
04/13/2025 08:06:32 pm,97.300,12.255000,4.8,2.7
04/13/2025 08:06:32 pm,97.350,12.165000,4.9,2.7
04/13/2025 08:06:32 pm,97.400,12.070000,5.1,2.7
04/13/2025 08:06:32 pm,97.450,11.990000,5.3,2.7
04/13/2025 08:06:32 pm,97.500,11.930000,5.4,2.7
04/13/2025 08:06:32 pm,97.550,11.755000,5.7,2.8
04/13/2025 08:06:32 pm,97.600,11.655000,5.9,2.8
04/13/2025 08:06:32 pm,97.650,11.540000,6.1,2.8
04/13/2025 08:06:32 pm,97.700,11.390000,6.3,2.8
04/13/2025 08:06:32 pm,97.750,11.215000,6.5,2.8
04/13/2025 08:06:32 pm,97.800,10.950000,6.7,2.8
04/13/2025 08:06:32 pm,97.850,10.825000,6.8,2.8
04/13/2025 08:06:32 pm,97.900,10.715000,6.8,2.8
04/13/2025 08:06:32 pm,97.950,10.545000,6.7,2.8
04/13/2025 08:06:33 pm,98.000,10.335000,6.5,2.8
04/13/2025 08:06:33 pm,98.050,10.190000,6.3,2.8
04/13/2025 08:06:33 pm,98.100,10.090000,6.2,2.8
04/13/2025 08:06:33 pm,98.150,10.010000,6.1,2.8
04/13/2025 08:06:33 pm,98.200,9.940000,6.0,2.8
04/13/2025 08:06:33 pm,98.250,9.865000,5.8,2.8
04/13/2025 08:06:33 pm,98.300,9.760000,5.6,2.7
04/13/2025 08:06:33 pm,98.350,9.655000,5.4,2.7
04/13/2025 08:06:33 pm,98.400,9.585000,5.1,2.7
04/13/2025 08:06:33 pm,98.450,9.550000,5.1,2.7
04/13/2025 08:06:33 pm,98.500,9.445000,4.8,2.7
04/13/2025 08:06:33 pm,98.550,9.365000,4.6,2.7
04/13/2025 08:06:33 pm,98.600,9.280000,4.4,2.6
04/13/2025 08:06:33 pm,98.650,9.120000,3.9,2.6
04/13/2025 08:06:33 pm,98.700,9.035000,3.6,2.6
04/13/2025 08:06:33 pm,98.750,8.890000,3.4,2.5
04/13/2025 08:06:33 pm,98.800,8.810000,3.0,2.5
04/13/2025 08:06:33 pm,98.850,8.700000,2.8,2.5
04/13/2025 08:06:33 pm,98.900,8.575000,2.4,2.4
04/13/2025 08:06:33 pm,98.950,8.500000,2.3,2.4
04/13/2025 08:06:34 pm,99.000,8.345000,1.9,2.3
04/13/2025 08:06:34 pm,99.050,8.280000,1.7,2.2
04/13/2025 08:06:34 pm,99.100,8.155000,1.5,2.2
04/13/2025 08:06:34 pm,99.150,8.110000,1.4,2.1
04/13/2025 08:06:34 pm,99.200,8.045000,1.3,2.1
04/13/2025 08:06:34 pm,99.250,7.960000,1.2,2.1
04/13/2025 08:06:34 pm,99.300,7.835000,1.0,2.0
04/13/2025 08:06:34 pm,99.350,7.705000,0.9,2.0
04/13/2025 08:06:34 pm,99.400,7.590000,0.8,1.9
04/13/2025 08:06:34 pm,99.450,7.495000,0.9,1.9
04/13/2025 08:06:34 pm,99.500,7.425000,0.9,2.0
04/13/2025 08:06:34 pm,99.550,7.390000,0.9,2.0
04/13/2025 08:06:34 pm,99.600,7.315000,1.0,2.0
04/13/2025 08:06:34 pm,99.650,7.245000,1.1,2.0
04/13/2025 08:06:34 pm,99.700,7.150000,1.3,2.1
04/13/2025 08:06:34 pm,99.750,7.060000,1.6,2.2
04/13/2025 08:06:34 pm,99.800,7.005000,1.7,2.2
04/13/2025 08:06:34 pm,99.850,6.930000,2.0,2.3
04/13/2025 08:06:34 pm,99.900,6.895000,2.1,2.3
04/13/2025 08:06:34 pm,99.950,6.805000,2.5,2.4
04/13/2025 08:06:35 pm,100.000,6.690000,3.0,2.5
04/13/2025 08:06:35 pm,100.050,6.620000,3.6,2.6
04/13/2025 08:06:35 pm,100.100,6.570000,3.7,2.6
04/13/2025 08:06:35 pm,100.150,6.510000,4.3,2.6
04/13/2025 08:06:35 pm,100.200,6.445000,4.6,2.7
04/13/2025 08:06:35 pm,100.250,6.350000,5.3,2.7
04/13/2025 08:06:35 pm,100.300,6.215000,6.3,2.8
04/13/2025 08:06:35 pm,100.350,6.110000,7.8,2.9
04/13/2025 08:06:35 pm,100.400,6.070000,8.2,2.9
04/13/2025 08:06:35 pm,100.450,6.000000,9.1,3.0
04/13/2025 08:06:35 pm,100.500,5.940000,9.9,3.0
04/13/2025 08:06:35 pm,100.550,5.905000,10.6,3.0
04/13/2025 08:06:35 pm,100.600,5.785000,11.8,3.1
04/13/2025 08:06:35 pm,100.650,5.705000,13.7,3.1
04/13/2025 08:06:35 pm,100.700,5.670000,14.1,3.2
04/13/2025 08:06:35 pm,100.750,5.595000,15.2,3.2
04/13/2025 08:06:35 pm,100.800,5.525000,16.8,3.2
04/13/2025 08:06:35 pm,100.850,5.465000,18.0,3.3
04/13/2025 08:06:35 pm,100.900,5.300000,20.2,3.3
04/13/2025 08:06:35 pm,100.950,5.150000,23.9,3.4
04/13/2025 08:06:36 pm,101.000,5.010000,26.2,3.4
04/13/2025 08:06:36 pm,101.050,4.905000,29.4,3.5
04/13/2025 08:06:36 pm,101.100,4.790000,31.5,3.5
04/13/2025 08:06:36 pm,101.150,4.655000,34.8,3.5
04/13/2025 08:06:36 pm,101.200,4.560000,37.8,3.6
04/13/2025 08:06:36 pm,101.250,4.500000,39.8,3.6
04/13/2025 08:06:36 pm,101.300,4.375000,42.9,3.6
04/13/2025 08:06:36 pm,101.350,4.200000,47.5,3.7
04/13/2025 08:06:36 pm,101.400,4.005000,53.4,3.7
04/13/2025 08:06:36 pm,101.450,3.905000,56.7,3.8
04/13/2025 08:06:36 pm,101.500,3.885000,57.9,3.8
04/13/2025 08:06:36 pm,101.550,3.830000,58.8,3.8
04/13/2025 08:06:36 pm,101.600,3.690000,62.7,3.8
04/13/2025 08:06:36 pm,101.650,3.605000,65.8,3.8
04/13/2025 08:06:36 pm,101.700,3.525000,67.9,3.8
04/13/2025 08:06:36 pm,101.750,3.425000,71.2,3.9
04/13/2025 08:06:36 pm,101.800,3.405000,71.9,3.9
04/13/2025 08:06:36 pm,101.850,3.330000,73.5,3.9
04/13/2025 08:06:36 pm,101.900,3.190000,77.5,3.9
04/13/2025 08:06:36 pm,101.950,3.050000,81.7,3.9
04/13/2025 08:06:37 pm,102.000,2.905000,85.5,3.9
04/13/2025 08:06:37 pm,102.050,2.715000,90.6,4.0
04/13/2025 08:06:37 pm,102.100,2.545000,95.0,4.0
04/13/2025 08:06:37 pm,102.150,2.425000,97.9,4.0
04/13/2025 08:06:37 pm,102.200,2.260000,99.5,4.0
04/13/2025 08:06:37 pm,102.250,2.170000,100.0,4.0
04/13/2025 08:06:37 pm,102.300,2.100000,100.0,4.0
04/13/2025 08:06:37 pm,102.350,1.935000,100.0,4.0
04/13/2025 08:06:37 pm,102.400,1.790000,100.0,4.0
04/13/2025 08:06:37 pm,102.450,1.665000,100.0,4.0
04/13/2025 08:06:37 pm,102.500,1.580000,100.0,4.0
04/13/2025 08:06:37 pm,102.550,1.500000,100.0,4.0
04/13/2025 08:06:37 pm,102.600,1.370000,100.0,4.0
04/13/2025 08:06:37 pm,102.650,1.265000,100.0,4.0
04/13/2025 08:06:37 pm,102.700,1.185000,100.0,4.0
04/13/2025 08:06:37 pm,102.750,1.110000,100.0,4.0
04/13/2025 08:06:37 pm,102.800,1.030000,100.0,4.0
04/13/2025 08:06:37 pm,102.850,0.870000,100.0,4.0
04/13/2025 08:06:37 pm,102.900,0.755000,100.0,4.0
04/13/2025 08:06:37 pm,102.950,0.615000,100.0,4.0
04/13/2025 08:06:38 pm,103.000,0.430000,100.0,4.0
04/13/2025 08:06:38 pm,103.050,0.360000,100.0,4.0
04/13/2025 08:06:38 pm,103.100,0.215000,100.0,4.0
04/13/2025 08:06:38 pm,103.150,-0.015000,100.0,4.0
04/13/2025 08:06:38 pm,103.200,-0.090000,100.0,4.0
04/13/2025 08:06:38 pm,103.250,-0.160000,100.0,4.0
04/13/2025 08:06:38 pm,103.300,-0.270000,100.0,4.0
04/13/2025 08:06:38 pm,103.350,-0.330000,100.0,4.0
04/13/2025 08:06:38 pm,103.400,-0.410000,100.0,4.0
04/13/2025 08:06:38 pm,103.450,-0.525000,100.0,4.0
04/13/2025 08:06:38 pm,103.500,-0.650000,100.0,4.0
04/13/2025 08:06:38 pm,103.550,-0.800000,100.0,4.0
04/13/2025 08:06:38 pm,103.600,-0.960000,100.0,4.0
04/13/2025 08:06:38 pm,103.650,-1.080000,100.0,4.0
04/13/2025 08:06:38 pm,103.700,-1.230000,100.0,4.0
04/13/2025 08:06:38 pm,103.750,-1.345000,99.2,4.0
04/13/2025 08:06:38 pm,103.800,-1.445000,97.6,4.0
04/13/2025 08:06:38 pm,103.850,-1.535000,96.4,4.0
04/13/2025 08:06:38 pm,103.900,-1.605000,95.0,4.0
04/13/2025 08:06:38 pm,103.950,-1.765000,91.5,4.0
04/13/2025 08:06:39 pm,104.000,-1.875000,87.1,3.9
04/13/2025 08:06:39 pm,104.050,-1.970000,85.7,3.9
04/13/2025 08:06:39 pm,104.100,-2.130000,81.0,3.9
04/13/2025 08:06:39 pm,104.150,-2.285000,76.5,3.9
04/13/2025 08:06:39 pm,104.200,-2.405000,73.2,3.9
04/13/2025 08:06:39 pm,104.250,-2.525000,70.1,3.8
04/13/2025 08:06:39 pm,104.300,-2.695000,66.0,3.8
04/13/2025 08:06:39 pm,104.350,-2.800000,61.6,3.8
04/13/2025 08:06:39 pm,104.400,-2.855000,61.8,3.8
04/13/2025 08:06:39 pm,104.450,-3.015000,57.4,3.8
04/13/2025 08:06:39 pm,104.500,-3.110000,54.6,3.7
04/13/2025 08:06:39 pm,104.550,-3.300000,50.4,3.7
04/13/2025 08:06:39 pm,104.600,-3.365000,47.1,3.7
04/13/2025 08:06:39 pm,104.650,-3.475000,45.7,3.7
04/13/2025 08:06:39 pm,104.700,-3.680000,40.5,3.6
04/13/2025 08:06:39 pm,104.750,-3.945000,34.1,3.5
04/13/2025 08:06:39 pm,104.800,-4.040000,30.5,3.5
04/13/2025 08:06:39 pm,104.850,-4.160000,28.8,3.5
04/13/2025 08:06:39 pm,104.900,-4.370000,24.1,3.4
04/13/2025 08:06:39 pm,104.950,-4.445000,21.2,3.3
04/13/2025 08:06:40 pm,105.000,-4.470000,21.2,3.3
04/13/2025 08:06:40 pm,105.050,-4.530000,20.1,3.3
04/13/2025 08:06:40 pm,105.100,-4.615000,18.8,3.3
04/13/2025 08:06:40 pm,105.150,-4.720000,17.0,3.2
04/13/2025 08:06:40 pm,105.200,-4.865000,14.8,3.2
04/13/2025 08:06:40 pm,105.250,-5.045000,12.6,3.1
04/13/2025 08:06:40 pm,105.300,-5.215000,9.5,3.0
04/13/2025 08:06:40 pm,105.350,-5.300000,8.5,2.9
04/13/2025 08:06:40 pm,105.400,-5.370000,7.1,2.9
04/13/2025 08:06:40 pm,105.450,-5.375000,7.5,2.9
04/13/2025 08:06:40 pm,105.500,-5.390000,7.0,2.8
04/13/2025 08:06:40 pm,105.550,-5.450000,6.4,2.8
04/13/2025 08:06:40 pm,105.600,-5.625000,4.9,2.7
04/13/2025 08:06:40 pm,105.650,-5.855000,3.1,2.5
04/13/2025 08:06:40 pm,105.700,-5.910000,2.7,2.4
04/13/2025 08:06:40 pm,105.750,-6.135000,1.9,2.3
04/13/2025 08:06:40 pm,105.800,-6.270000,1.2,2.1
04/13/2025 08:06:40 pm,105.850,-6.350000,1.1,2.0
04/13/2025 08:06:40 pm,105.900,-6.470000,0.9,2.0
04/13/2025 08:06:40 pm,105.950,-6.590000,0.8,1.9
04/13/2025 08:06:41 pm,106.000,-6.645000,0.8,1.9
04/13/2025 08:06:41 pm,106.050,-6.760000,0.8,1.9
04/13/2025 08:06:41 pm,106.100,-6.900000,0.8,1.9
04/13/2025 08:06:41 pm,106.150,-7.100000,1.1,2.0
04/13/2025 08:06:41 pm,106.200,-7.155000,1.2,2.1
04/13/2025 08:06:41 pm,106.250,-7.340000,1.4,2.2
04/13/2025 08:06:41 pm,106.300,-7.440000,1.9,2.3
04/13/2025 08:06:41 pm,106.350,-7.510000,1.9,2.3
04/13/2025 08:06:41 pm,106.400,-7.605000,2.3,2.4
04/13/2025 08:06:41 pm,106.450,-7.625000,2.3,2.4
04/13/2025 08:06:41 pm,106.500,-7.685000,2.4,2.4
04/13/2025 08:06:41 pm,106.550,-7.735000,2.5,2.4
04/13/2025 08:06:41 pm,106.600,-7.875000,2.8,2.4
04/13/2025 08:06:41 pm,106.650,-8.025000,3.3,2.5
04/13/2025 08:06:41 pm,106.700,-8.120000,3.6,2.6
04/13/2025 08:06:41 pm,106.750,-8.250000,3.9,2.6
04/13/2025 08:06:41 pm,106.800,-8.410000,4.4,2.6
04/13/2025 08:06:41 pm,106.850,-8.485000,4.6,2.7
04/13/2025 08:06:41 pm,106.900,-8.550000,4.8,2.7
04/13/2025 08:06:41 pm,106.950,-8.625000,4.9,2.7
04/13/2025 08:06:42 pm,107.000,-8.745000,5.2,2.7
04/13/2025 08:06:42 pm,107.050,-8.900000,5.5,2.7
04/13/2025 08:06:42 pm,107.100,-9.085000,5.8,2.8
04/13/2025 08:06:42 pm,107.150,-9.220000,6.0,2.8
04/13/2025 08:06:42 pm,107.200,-9.365000,6.2,2.8
04/13/2025 08:06:42 pm,107.250,-9.535000,6.3,2.8
04/13/2025 08:06:42 pm,107.300,-9.750000,6.4,2.8
04/13/2025 08:06:42 pm,107.350,-9.965000,6.5,2.8
04/13/2025 08:06:42 pm,107.400,-10.120000,6.4,2.8
04/13/2025 08:06:42 pm,107.450,-10.450000,6.2,2.8
04/13/2025 08:06:42 pm,107.500,-10.560000,6.1,2.8
04/13/2025 08:06:42 pm,107.550,-10.690000,5.9,2.8
04/13/2025 08:06:42 pm,107.600,-10.860000,5.7,2.8
04/13/2025 08:06:42 pm,107.650,-10.955000,5.5,2.7
04/13/2025 08:06:42 pm,107.700,-11.045000,5.4,2.7
04/13/2025 08:06:42 pm,107.750,-11.100000,5.3,2.7
04/13/2025 08:06:42 pm,107.800,-11.185000,5.1,2.7
04/13/2025 08:06:42 pm,107.850,-11.315000,4.9,2.7
04/13/2025 08:06:42 pm,107.900,-11.375000,4.7,2.7
04/13/2025 08:06:42 pm,107.950,-11.385000,4.7,2.7
04/13/2025 08:06:43 pm,108.000,-11.385000,4.7,2.7
04/13/2025 08:06:43 pm,108.050,-11.430000,4.6,2.7
04/13/2025 08:06:43 pm,108.100,-11.510000,4.4,2.6
04/13/2025 08:06:43 pm,108.150,-11.600000,4.2,2.6
04/13/2025 08:06:43 pm,108.200,-11.670000,4.1,2.6
04/13/2025 08:06:43 pm,108.250,-11.750000,3.9,2.6
04/13/2025 08:06:43 pm,108.300,-11.845000,3.7,2.6
04/13/2025 08:06:43 pm,108.350,-11.955000,3.6,2.6
04/13/2025 08:06:43 pm,108.400,-12.235000,3.0,2.5
04/13/2025 08:06:43 pm,108.450,-12.380000,2.4,2.4
04/13/2025 08:06:43 pm,108.500,-12.440000,2.5,2.4
04/13/2025 08:06:43 pm,108.550,-12.635000,2.1,2.3
04/13/2025 08:06:43 pm,108.600,-12.810000,1.8,2.2
04/13/2025 08:06:43 pm,108.650,-12.850000,1.6,2.2
04/13/2025 08:06:43 pm,108.700,-12.865000,1.6,2.2
04/13/2025 08:06:43 pm,108.750,-12.935000,1.5,2.2
04/13/2025 08:06:43 pm,108.800,-13.025000,1.4,2.2
04/13/2025 08:06:43 pm,108.850,-13.065000,1.3,2.1
04/13/2025 08:06:43 pm,108.900,-13.075000,1.3,2.1
04/13/2025 08:06:43 pm,108.950,-13.155000,1.2,2.1
04/13/2025 08:06:44 pm,109.000,-13.210000,1.2,2.1
04/13/2025 08:06:44 pm,109.050,-13.280000,1.1,2.0
04/13/2025 08:06:44 pm,109.100,-13.430000,1.0,2.0
04/13/2025 08:06:44 pm,109.150,-13.580000,0.8,1.9
04/13/2025 08:06:44 pm,109.200,-13.685000,0.8,1.9
04/13/2025 08:06:44 pm,109.250,-13.870000,0.6,1.8
04/13/2025 08:06:44 pm,109.300,-14.045000,0.6,1.8
04/13/2025 08:06:44 pm,109.350,-14.170000,0.6,1.8
04/13/2025 08:06:44 pm,109.400,-14.295000,0.6,1.8
04/13/2025 08:06:44 pm,109.450,-14.380000,0.6,1.8
04/13/2025 08:06:44 pm,109.500,-14.530000,0.7,1.8
04/13/2025 08:06:44 pm,109.550,-14.590000,0.7,1.8
04/13/2025 08:06:44 pm,109.600,-14.685000,0.7,1.9
04/13/2025 08:06:44 pm,109.650,-14.735000,0.8,1.9
04/13/2025 08:06:44 pm,109.700,-14.750000,0.8,1.9
04/13/2025 08:06:44 pm,109.750,-14.750000,0.8,1.9
04/13/2025 08:06:44 pm,109.800,-14.745000,0.8,1.9
04/13/2025 08:06:44 pm,109.850,-14.745000,0.8,1.9
04/13/2025 08:06:44 pm,109.900,-14.745000,0.8,1.9
04/13/2025 08:06:44 pm,109.950,-14.745000,0.8,1.9
04/13/2025 08:06:45 pm,110.000,-14.750000,0.8,1.9
04/13/2025 08:06:45 pm,110.050,-14.835000,0.8,1.9
04/13/2025 08:06:45 pm,110.100,-15.020000,1.0,2.0
04/13/2025 08:06:45 pm,110.150,-15.275000,1.2,2.1
04/13/2025 08:06:45 pm,110.200,-15.415000,1.3,2.1
04/13/2025 08:06:45 pm,110.250,-15.540000,1.4,2.2
04/13/2025 08:06:45 pm,110.300,-15.565000,1.5,2.2
04/13/2025 08:06:45 pm,110.350,-15.615000,1.5,2.2
04/13/2025 08:06:45 pm,110.400,-15.790000,1.6,2.2
04/13/2025 08:06:45 pm,110.450,-15.910000,1.7,2.2
04/13/2025 08:06:45 pm,110.500,-16.040000,1.8,2.3
04/13/2025 08:06:45 pm,110.550,-16.150000,1.9,2.3
04/13/2025 08:06:45 pm,110.600,-16.250000,2.0,2.3
04/13/2025 08:06:45 pm,110.650,-16.410000,2.1,2.3
04/13/2025 08:06:45 pm,110.700,-16.595000,2.2,2.3
04/13/2025 08:06:45 pm,110.750,-16.625000,2.2,2.3
04/13/2025 08:06:45 pm,110.800,-16.775000,2.2,2.4
04/13/2025 08:06:45 pm,110.850,-17.050000,2.3,2.4
04/13/2025 08:06:45 pm,110.900,-17.225000,2.3,2.4
04/13/2025 08:06:45 pm,110.950,-17.400000,2.3,2.4
04/13/2025 08:06:46 pm,111.000,-17.555000,2.3,2.4
04/13/2025 08:06:46 pm,111.050,-17.710000,2.3,2.4
04/13/2025 08:06:46 pm,111.100,-17.900000,2.2,2.3
04/13/2025 08:06:46 pm,111.150,-18.040000,2.2,2.3
04/13/2025 08:06:46 pm,111.200,-18.185000,2.1,2.3
04/13/2025 08:06:46 pm,111.250,-18.330000,2.0,2.3
04/13/2025 08:06:46 pm,111.300,-18.430000,1.9,2.3
04/13/2025 08:06:46 pm,111.350,-18.470000,1.9,2.3
04/13/2025 08:06:46 pm,111.400,-18.580000,1.8,2.3
04/13/2025 08:06:46 pm,111.450,-18.665000,1.8,2.2
04/13/2025 08:06:46 pm,111.500,-18.755000,1.7,2.2
04/13/2025 08:06:46 pm,111.550,-18.870000,1.6,2.2
04/13/2025 08:06:46 pm,111.600,-18.995000,1.5,2.2
04/13/2025 08:06:46 pm,111.650,-19.105000,1.4,2.2
04/13/2025 08:06:46 pm,111.700,-19.145000,1.4,2.2
04/13/2025 08:06:46 pm,111.750,-19.230000,1.4,2.1
04/13/2025 08:06:46 pm,111.800,-19.410000,1.2,2.1
04/13/2025 08:06:46 pm,111.850,-19.550000,1.1,2.0
04/13/2025 08:06:46 pm,111.900,-19.585000,1.1,2.0
04/13/2025 08:06:46 pm,111.950,-19.680000,1.0,2.0
04/13/2025 08:06:47 pm,112.000,-19.860000,0.9,2.0
04/13/2025 08:06:47 pm,112.050,-20.020000,0.8,1.9
04/13/2025 08:06:47 pm,112.100,-20.170000,0.8,1.9
04/13/2025 08:06:47 pm,112.150,-20.285000,0.7,1.9
04/13/2025 08:06:47 pm,112.200,-20.400000,0.7,1.8
04/13/2025 08:06:47 pm,112.250,-20.565000,0.6,1.8
04/13/2025 08:06:47 pm,112.300,-20.715000,0.6,1.7
04/13/2025 08:06:47 pm,112.350,-20.800000,0.5,1.7
04/13/2025 08:06:47 pm,112.400,-20.945000,0.5,1.7
04/13/2025 08:06:47 pm,112.450,-21.110000,0.5,1.7
04/13/2025 08:06:47 pm,112.500,-21.305000,0.5,1.7
04/13/2025 08:06:47 pm,112.550,-21.505000,0.5,1.7
04/13/2025 08:06:47 pm,112.600,-21.690000,0.5,1.7
04/13/2025 08:06:47 pm,112.650,-21.815000,0.5,1.7
04/13/2025 08:06:47 pm,112.700,-22.000000,0.6,1.8
04/13/2025 08:06:47 pm,112.750,-22.210000,0.6,1.8
04/13/2025 08:06:47 pm,112.800,-22.535000,0.7,1.9
04/13/2025 08:06:47 pm,112.850,-22.830000,0.9,1.9
04/13/2025 08:06:47 pm,112.900,-23.010000,0.9,2.0
04/13/2025 08:06:47 pm,112.950,-23.190000,1.0,2.0
04/13/2025 08:06:48 pm,113.000,-23.290000,1.1,2.0
04/13/2025 08:06:48 pm,113.050,-23.320000,1.1,2.0
04/13/2025 08:06:48 pm,113.100,-23.365000,1.1,2.0
04/13/2025 08:06:48 pm,113.150,-23.445000,1.1,2.1
04/13/2025 08:06:48 pm,113.200,-23.550000,1.2,2.1
04/13/2025 08:06:48 pm,113.250,-23.605000,1.2,2.1
04/13/2025 08:06:48 pm,113.300,-23.710000,1.2,2.1
04/13/2025 08:06:48 pm,113.350,-23.825000,1.3,2.1
04/13/2025 08:06:48 pm,113.400,-23.950000,1.3,2.1
04/13/2025 08:06:48 pm,113.450,-24.065000,1.4,2.1
04/13/2025 08:06:48 pm,113.500,-24.165000,1.4,2.1
04/13/2025 08:06:48 pm,113.550,-24.345000,1.4,2.1
04/13/2025 08:06:48 pm,113.600,-24.480000,1.4,2.1
04/13/2025 08:06:48 pm,113.650,-24.650000,1.4,2.1
04/13/2025 08:06:48 pm,113.700,-24.780000,1.4,2.1
04/13/2025 08:06:48 pm,113.750,-24.830000,1.4,2.1
04/13/2025 08:06:48 pm,113.800,-24.980000,1.4,2.1
04/13/2025 08:06:48 pm,113.850,-25.140000,1.4,2.1
04/13/2025 08:06:48 pm,113.900,-25.185000,1.3,2.1
04/13/2025 08:06:48 pm,113.950,-25.190000,1.3,2.1
04/13/2025 08:06:49 pm,114.000,-25.355000,1.3,2.1
04/13/2025 08:06:49 pm,114.050,-25.485000,1.3,2.1
04/13/2025 08:06:49 pm,114.100,-25.605000,1.2,2.1
04/13/2025 08:06:49 pm,114.150,-25.685000,1.2,2.1
04/13/2025 08:06:49 pm,114.200,-25.880000,1.1,2.1
04/13/2025 08:06:49 pm,114.250,-26.040000,1.1,2.0
04/13/2025 08:06:49 pm,114.300,-26.135000,1.0,2.0
04/13/2025 08:06:49 pm,114.350,-26.290000,1.0,2.0
04/13/2025 08:06:49 pm,114.400,-26.555000,0.9,1.9
04/13/2025 08:06:49 pm,114.450,-26.685000,0.8,1.9
04/13/2025 08:06:49 pm,114.500,-26.880000,0.8,1.9
04/13/2025 08:06:49 pm,114.550,-27.045000,0.7,1.8
04/13/2025 08:06:49 pm,114.600,-27.320000,0.6,1.8
04/13/2025 08:06:49 pm,114.650,-27.590000,0.6,1.7
04/13/2025 08:06:49 pm,114.700,-27.715000,0.5,1.7
04/13/2025 08:06:49 pm,114.750,-27.780000,0.5,1.7
04/13/2025 08:06:49 pm,114.800,-27.890000,0.5,1.7
04/13/2025 08:06:49 pm,114.850,-28.015000,0.5,1.7
04/13/2025 08:06:49 pm,114.900,-28.210000,0.5,1.7
04/13/2025 08:06:49 pm,114.950,-28.380000,0.5,1.7
04/13/2025 08:06:50 pm,115.000,-28.455000,0.5,1.7
04/13/2025 08:06:50 pm,115.050,-28.575000,0.5,1.7
04/13/2025 08:06:50 pm,115.100,-28.765000,0.5,1.7
04/13/2025 08:06:50 pm,115.150,-28.980000,0.5,1.7
04/13/2025 08:06:50 pm,115.200,-29.110000,0.5,1.7
04/13/2025 08:06:50 pm,115.250,-29.230000,0.5,1.7
04/13/2025 08:06:50 pm,115.300,-29.405000,0.5,1.7
04/13/2025 08:06:50 pm,115.350,-29.580000,0.6,1.8
04/13/2025 08:06:50 pm,115.400,-29.655000,0.6,1.8
04/13/2025 08:06:50 pm,115.450,-29.670000,0.6,1.8
04/13/2025 08:06:50 pm,115.500,-29.690000,0.6,1.8
04/13/2025 08:06:50 pm,115.550,-29.785000,0.6,1.8
04/13/2025 08:06:50 pm,115.600,-29.865000,0.7,1.8
04/13/2025 08:06:50 pm,115.650,-29.890000,0.7,1.8
04/13/2025 08:06:50 pm,115.700,-29.925000,0.7,1.8
04/13/2025 08:06:50 pm,115.750,-30.080000,0.7,1.8
04/13/2025 08:06:50 pm,115.800,-30.205000,0.7,1.9
04/13/2025 08:06:50 pm,115.850,-30.230000,0.7,1.9
04/13/2025 08:06:50 pm,115.900,-30.230000,0.7,1.9
04/13/2025 08:06:50 pm,115.950,-30.230000,0.7,1.9
04/13/2025 08:06:51 pm,116.000,-30.285000,0.7,1.9
04/13/2025 08:06:51 pm,116.050,-30.400000,0.7,1.9
04/13/2025 08:06:51 pm,116.100,-30.500000,0.8,1.9
04/13/2025 08:06:51 pm,116.150,-30.585000,0.8,1.9
04/13/2025 08:06:51 pm,116.200,-30.875000,0.9,1.9
04/13/2025 08:06:51 pm,116.250,-31.045000,0.9,2.0
04/13/2025 08:06:51 pm,116.300,-31.140000,0.9,2.0
04/13/2025 08:06:51 pm,116.350,-31.210000,0.9,2.0
04/13/2025 08:06:51 pm,116.400,-31.290000,0.9,2.0
04/13/2025 08:06:51 pm,116.450,-31.425000,1.0,2.0
04/13/2025 08:06:51 pm,116.500,-31.590000,1.0,2.0
04/13/2025 08:06:51 pm,116.550,-31.625000,1.0,2.0
04/13/2025 08:06:51 pm,116.600,-31.645000,1.0,2.0
04/13/2025 08:06:51 pm,116.650,-31.685000,1.0,2.0
04/13/2025 08:06:51 pm,116.700,-31.755000,1.0,2.0
04/13/2025 08:06:51 pm,116.750,-31.865000,1.0,2.0
04/13/2025 08:06:51 pm,116.800,-31.955000,1.0,2.0
04/13/2025 08:06:51 pm,116.850,-32.055000,1.0,2.0
04/13/2025 08:06:51 pm,116.900,-32.185000,1.0,2.0
04/13/2025 08:06:51 pm,116.950,-32.300000,1.0,2.0
04/13/2025 08:06:52 pm,117.000,-32.480000,1.0,2.0
04/13/2025 08:06:52 pm,117.050,-32.665000,1.0,2.0
04/13/2025 08:06:52 pm,117.100,-32.855000,0.9,2.0
04/13/2025 08:06:52 pm,117.150,-32.970000,0.9,2.0
04/13/2025 08:06:52 pm,117.200,-33.175000,0.9,1.9
04/13/2025 08:06:52 pm,117.250,-33.305000,0.8,1.9
04/13/2025 08:06:52 pm,117.300,-33.490000,0.8,1.9
04/13/2025 08:06:52 pm,117.350,-33.720000,0.8,1.9
04/13/2025 08:06:52 pm,117.400,-33.880000,0.7,1.9
04/13/2025 08:06:52 pm,117.450,-34.125000,0.7,1.8
04/13/2025 08:06:52 pm,117.500,-34.370000,0.6,1.8
04/13/2025 08:06:52 pm,117.550,-34.525000,0.6,1.8
04/13/2025 08:06:52 pm,117.600,-34.720000,0.5,1.7
04/13/2025 08:06:52 pm,117.650,-34.825000,0.5,1.7
04/13/2025 08:06:52 pm,117.700,-34.880000,0.5,1.7
04/13/2025 08:06:52 pm,117.750,-34.890000,0.5,1.7
04/13/2025 08:06:52 pm,117.800,-34.890000,0.5,1.7
04/13/2025 08:06:52 pm,117.850,-34.935000,0.5,1.7
04/13/2025 08:06:52 pm,117.900,-35.015000,0.5,1.7
04/13/2025 08:06:52 pm,117.950,-35.165000,0.5,1.7
04/13/2025 08:06:53 pm,118.000,-35.270000,0.5,1.7
04/13/2025 08:06:53 pm,118.050,-35.375000,0.5,1.7
04/13/2025 08:06:53 pm,118.100,-35.550000,0.5,1.7
04/13/2025 08:06:53 pm,118.150,-35.675000,0.5,1.7
04/13/2025 08:06:53 pm,118.200,-35.800000,0.5,1.7
04/13/2025 08:06:53 pm,118.250,-36.025000,0.5,1.7
04/13/2025 08:06:53 pm,118.300,-36.230000,0.5,1.7
04/13/2025 08:06:53 pm,118.350,-36.320000,0.5,1.7
04/13/2025 08:06:53 pm,118.400,-36.425000,0.5,1.7
04/13/2025 08:06:53 pm,118.450,-36.570000,0.5,1.7
04/13/2025 08:06:53 pm,118.500,-36.675000,0.5,1.7
04/13/2025 08:06:53 pm,118.550,-36.710000,0.5,1.7
04/13/2025 08:06:53 pm,118.600,-36.805000,0.5,1.7
04/13/2025 08:06:53 pm,118.650,-36.860000,0.6,1.7
04/13/2025 08:06:53 pm,118.700,-36.920000,0.6,1.8
04/13/2025 08:06:53 pm,118.750,-37.060000,0.6,1.8
04/13/2025 08:06:53 pm,118.800,-37.155000,0.6,1.8
04/13/2025 08:06:53 pm,118.850,-37.200000,0.6,1.8
04/13/2025 08:06:53 pm,118.900,-37.385000,0.6,1.8
04/13/2025 08:06:53 pm,118.950,-37.545000,0.7,1.8
04/13/2025 08:06:54 pm,119.000,-37.630000,0.7,1.8
04/13/2025 08:06:54 pm,119.050,-37.770000,0.7,1.8
04/13/2025 08:06:54 pm,119.100,-37.905000,0.7,1.8
04/13/2025 08:06:54 pm,119.150,-38.010000,0.7,1.9
04/13/2025 08:06:54 pm,119.200,-38.115000,0.7,1.9
04/13/2025 08:06:54 pm,119.250,-38.255000,0.8,1.9
04/13/2025 08:06:54 pm,119.300,-38.385000,0.8,1.9
04/13/2025 08:06:54 pm,119.350,-38.480000,0.8,1.9
04/13/2025 08:06:54 pm,119.400,-38.515000,0.8,1.9
04/13/2025 08:06:54 pm,119.450,-38.575000,0.8,1.9
04/13/2025 08:06:54 pm,119.500,-38.720000,0.8,1.9
04/13/2025 08:06:54 pm,119.550,-38.910000,0.8,1.9
04/13/2025 08:06:54 pm,119.600,-39.065000,0.8,1.9
04/13/2025 08:06:54 pm,119.650,-39.170000,0.8,1.9
04/13/2025 08:06:54 pm,119.700,-39.250000,0.8,1.9
04/13/2025 08:06:54 pm,119.750,-39.355000,0.8,1.9
04/13/2025 08:06:54 pm,119.800,-39.480000,0.8,1.9
04/13/2025 08:06:54 pm,119.850,-39.570000,0.8,1.9
04/13/2025 08:06:54 pm,119.900,-39.625000,0.8,1.9
04/13/2025 08:06:54 pm,119.950,-39.730000,0.8,1.9
04/13/2025 08:06:55 pm,120.000,-39.900000,0.8,1.9
04/13/2025 08:06:55 pm,120.050,-40.090000,0.8,1.9
04/13/2025 08:06:55 pm,120.100,-40.155000,0.8,1.9
04/13/2025 08:06:55 pm,120.150,-40.260000,0.7,1.9
04/13/2025 08:06:55 pm,120.200,-40.380000,0.7,1.9
04/13/2025 08:06:55 pm,120.250,-40.475000,0.7,1.9
04/13/2025 08:06:55 pm,120.300,-40.520000,0.7,1.9
04/13/2025 08:06:55 pm,120.350,-40.565000,0.7,1.9
04/13/2025 08:06:55 pm,120.400,-40.680000,0.7,1.8
04/13/2025 08:06:55 pm,120.450,-40.765000,0.7,1.8
04/13/2025 08:06:55 pm,120.500,-40.800000,0.7,1.8
04/13/2025 08:06:55 pm,120.550,-40.880000,0.7,1.8
04/13/2025 08:06:55 pm,120.600,-40.930000,0.7,1.8
04/13/2025 08:06:55 pm,120.650,-41.060000,0.6,1.8
04/13/2025 08:06:55 pm,120.700,-41.150000,0.6,1.8
04/13/2025 08:06:55 pm,120.750,-41.195000,0.6,1.8
04/13/2025 08:06:55 pm,120.800,-41.305000,0.6,1.8
04/13/2025 08:06:55 pm,120.850,-41.395000,0.6,1.8
04/13/2025 08:06:55 pm,120.900,-41.505000,0.6,1.8
04/13/2025 08:06:55 pm,120.950,-41.670000,0.5,1.7
04/13/2025 08:06:56 pm,121.000,-41.780000,0.5,1.7
04/13/2025 08:06:56 pm,121.050,-41.960000,0.5,1.7
04/13/2025 08:06:56 pm,121.100,-42.125000,0.5,1.7
04/13/2025 08:06:56 pm,121.150,-42.255000,0.5,1.7
04/13/2025 08:06:56 pm,121.200,-42.405000,0.5,1.7
04/13/2025 08:06:56 pm,121.250,-42.535000,0.5,1.7
04/13/2025 08:06:56 pm,121.300,-42.640000,0.5,1.7
04/13/2025 08:06:56 pm,121.350,-42.830000,0.5,1.7
04/13/2025 08:06:56 pm,121.400,-43.030000,0.5,1.7
04/13/2025 08:06:56 pm,121.450,-43.120000,0.5,1.7
04/13/2025 08:06:56 pm,121.500,-43.295000,0.5,1.7
04/13/2025 08:06:56 pm,121.550,-43.365000,0.5,1.7
04/13/2025 08:06:56 pm,121.600,-43.475000,0.5,1.7
04/13/2025 08:06:56 pm,121.650,-43.670000,0.5,1.7
04/13/2025 08:06:56 pm,121.700,-43.820000,0.5,1.7
04/13/2025 08:06:56 pm,121.750,-43.985000,0.5,1.7
04/13/2025 08:06:56 pm,121.800,-44.070000,0.5,1.7
04/13/2025 08:06:56 pm,121.850,-44.250000,0.5,1.7
04/13/2025 08:06:56 pm,121.900,-44.395000,0.5,1.7
04/13/2025 08:06:56 pm,121.950,-44.455000,0.5,1.7
04/13/2025 08:06:57 pm,122.000,-44.455000,0.5,1.7
04/13/2025 08:06:57 pm,122.050,-44.455000,0.5,1.7
04/13/2025 08:06:57 pm,122.100,-44.610000,0.6,1.7
04/13/2025 08:06:57 pm,122.150,-44.690000,0.6,1.8
04/13/2025 08:06:57 pm,122.200,-44.705000,0.6,1.8
04/13/2025 08:06:57 pm,122.250,-44.765000,0.6,1.8
04/13/2025 08:06:57 pm,122.300,-44.805000,0.6,1.8
04/13/2025 08:06:57 pm,122.350,-44.840000,0.6,1.8
04/13/2025 08:06:57 pm,122.400,-44.840000,0.6,1.8
04/13/2025 08:06:57 pm,122.450,-44.840000,0.6,1.8
04/13/2025 08:06:57 pm,122.500,-44.860000,0.6,1.8
04/13/2025 08:06:57 pm,122.550,-44.975000,0.6,1.8
04/13/2025 08:06:57 pm,122.600,-45.055000,0.6,1.8
04/13/2025 08:06:57 pm,122.650,-45.170000,0.6,1.8
04/13/2025 08:06:57 pm,122.700,-45.360000,0.6,1.8
04/13/2025 08:06:57 pm,122.750,-45.445000,0.7,1.8
04/13/2025 08:06:57 pm,122.800,-45.595000,0.7,1.8
04/13/2025 08:06:57 pm,122.850,-45.750000,0.7,1.8
04/13/2025 08:06:57 pm,122.900,-45.870000,0.7,1.8
04/13/2025 08:06:57 pm,122.950,-46.050000,0.7,1.8
04/13/2025 08:06:58 pm,123.000,-46.240000,0.7,1.8
04/13/2025 08:06:58 pm,123.050,-46.295000,0.7,1.9
04/13/2025 08:06:58 pm,123.100,-46.365000,0.7,1.9
04/13/2025 08:06:58 pm,123.150,-46.555000,0.7,1.9
04/13/2025 08:06:58 pm,123.200,-46.735000,0.7,1.9
04/13/2025 08:06:58 pm,123.250,-46.875000,0.7,1.8
04/13/2025 08:06:58 pm,123.300,-47.070000,0.7,1.8
04/13/2025 08:06:58 pm,123.350,-47.155000,0.7,1.8
04/13/2025 08:06:58 pm,123.400,-47.300000,0.7,1.8
04/13/2025 08:06:58 pm,123.450,-47.615000,0.7,1.8
04/13/2025 08:06:58 pm,123.500,-47.870000,0.6,1.8
04/13/2025 08:06:58 pm,123.550,-48.090000,0.6,1.8
04/13/2025 08:06:58 pm,123.600,-48.235000,0.6,1.8
04/13/2025 08:06:58 pm,123.650,-48.345000,0.6,1.8
04/13/2025 08:06:58 pm,123.700,-48.470000,0.6,1.7
04/13/2025 08:06:58 pm,123.750,-48.580000,0.5,1.7
04/13/2025 08:06:58 pm,123.800,-48.750000,0.5,1.7
04/13/2025 08:06:58 pm,123.850,-48.850000,0.5,1.7
04/13/2025 08:06:58 pm,123.900,-48.985000,0.5,1.7
04/13/2025 08:06:58 pm,123.950,-49.175000,0.5,1.7
04/13/2025 08:06:59 pm,124.000,-49.215000,0.5,1.7
04/13/2025 08:06:59 pm,124.050,-49.230000,0.5,1.7
04/13/2025 08:06:59 pm,124.100,-49.340000,0.5,1.7
04/13/2025 08:06:59 pm,124.150,-49.415000,0.5,1.7
04/13/2025 08:06:59 pm,124.200,-49.475000,0.5,1.7
04/13/2025 08:06:59 pm,124.250,-49.510000,0.5,1.7
04/13/2025 08:06:59 pm,124.300,-49.515000,0.5,1.7
04/13/2025 08:06:59 pm,124.350,-49.525000,0.5,1.7
04/13/2025 08:06:59 pm,124.400,-49.535000,0.5,1.7
04/13/2025 08:06:59 pm,124.450,-49.635000,0.5,1.7
04/13/2025 08:06:59 pm,124.500,-49.645000,0.5,1.7
04/13/2025 08:06:59 pm,124.550,-49.645000,0.5,1.7
04/13/2025 08:06:59 pm,124.600,-49.645000,0.5,1.7
04/13/2025 08:06:59 pm,124.650,-49.645000,0.5,1.7
04/13/2025 08:06:59 pm,124.700,-49.645000,0.5,1.7
04/13/2025 08:06:59 pm,124.750,-49.645000,0.5,1.7
04/13/2025 08:06:59 pm,124.800,-49.680000,0.5,1.7
04/13/2025 08:06:59 pm,124.850,-49.680000,0.5,1.7
04/13/2025 08:06:59 pm,124.900,-49.680000,0.5,1.7
04/13/2025 08:06:59 pm,124.950,-49.680000,0.5,1.7
04/13/2025 08:07:00 pm,125.000,-49.680000,0.5,1.7
04/13/2025 08:07:00 pm,125.050,-49.680000,0.5,1.7
04/13/2025 08:07:00 pm,125.100,-49.680000,0.5,1.7
04/13/2025 08:07:00 pm,125.150,-49.680000,0.5,1.7
04/13/2025 08:07:00 pm,125.200,-49.680000,0.5,1.7
04/13/2025 08:07:00 pm,125.250,-49.685000,0.5,1.7
04/13/2025 08:07:00 pm,125.300,-49.795000,0.5,1.7
04/13/2025 08:07:00 pm,125.350,-49.910000,0.5,1.7
04/13/2025 08:07:00 pm,125.400,-50.105000,0.5,1.7
04/13/2025 08:07:00 pm,125.450,-50.225000,0.5,1.7
04/13/2025 08:07:00 pm,125.500,-50.430000,0.5,1.7
04/13/2025 08:07:00 pm,125.550,-50.590000,0.5,1.7
04/13/2025 08:07:00 pm,125.600,-50.700000,0.5,1.7
04/13/2025 08:07:00 pm,125.650,-50.820000,0.5,1.7
04/13/2025 08:07:00 pm,125.700,-50.875000,0.5,1.7
04/13/2025 08:07:00 pm,125.750,-50.990000,0.5,1.7
04/13/2025 08:07:00 pm,125.800,-51.085000,0.5,1.7
04/13/2025 08:07:00 pm,125.850,-51.210000,0.5,1.7
04/13/2025 08:07:00 pm,125.900,-51.335000,0.5,1.7
04/13/2025 08:07:00 pm,125.950,-51.425000,0.5,1.7
04/13/2025 08:07:01 pm,126.000,-51.530000,0.5,1.7
04/13/2025 08:07:01 pm,126.050,-51.645000,0.5,1.7
04/13/2025 08:07:01 pm,126.100,-51.795000,0.5,1.7
04/13/2025 08:07:01 pm,126.150,-52.010000,0.5,1.7
04/13/2025 08:07:01 pm,126.200,-52.245000,0.5,1.7
04/13/2025 08:07:01 pm,126.250,-52.455000,0.6,1.7
04/13/2025 08:07:01 pm,126.300,-52.730000,0.6,1.8
04/13/2025 08:07:01 pm,126.350,-52.825000,0.6,1.8
04/13/2025 08:07:01 pm,126.400,-53.060000,0.6,1.8
04/13/2025 08:07:01 pm,126.450,-53.385000,0.6,1.8
04/13/2025 08:07:01 pm,126.500,-53.580000,0.6,1.8
04/13/2025 08:07:01 pm,126.550,-53.770000,0.6,1.8
04/13/2025 08:07:01 pm,126.600,-53.935000,0.6,1.8
04/13/2025 08:07:01 pm,126.650,-54.055000,0.6,1.8
04/13/2025 08:07:01 pm,126.700,-54.205000,0.6,1.8
04/13/2025 08:07:01 pm,126.750,-54.270000,0.6,1.8
04/13/2025 08:07:01 pm,126.800,-54.365000,0.6,1.8
04/13/2025 08:07:01 pm,126.850,-54.575000,0.6,1.8
04/13/2025 08:07:01 pm,126.900,-54.665000,0.6,1.8
04/13/2025 08:07:01 pm,126.950,-54.815000,0.6,1.8
04/13/2025 08:07:02 pm,127.000,-54.865000,0.6,1.8
04/13/2025 08:07:02 pm,127.050,-54.945000,0.6,1.8
04/13/2025 08:07:02 pm,127.100,-55.065000,0.6,1.8
04/13/2025 08:07:02 pm,127.150,-55.190000,0.6,1.8
04/13/2025 08:07:02 pm,127.200,-55.380000,0.6,1.8
04/13/2025 08:07:02 pm,127.250,-55.540000,0.6,1.7
04/13/2025 08:07:02 pm,127.300,-55.630000,0.5,1.7
04/13/2025 08:07:02 pm,127.350,-55.740000,0.5,1.7
04/13/2025 08:07:02 pm,127.400,-56.025000,0.5,1.7
04/13/2025 08:07:02 pm,127.450,-56.115000,0.5,1.7
04/13/2025 08:07:02 pm,127.500,-56.140000,0.5,1.7
04/13/2025 08:07:02 pm,127.550,-56.325000,0.5,1.7
04/13/2025 08:07:02 pm,127.600,-56.525000,0.5,1.7
04/13/2025 08:07:02 pm,127.650,-56.660000,0.5,1.7
04/13/2025 08:07:02 pm,127.700,-56.845000,0.5,1.7
04/13/2025 08:07:02 pm,127.750,-56.950000,0.5,1.7
04/13/2025 08:07:02 pm,127.800,-57.055000,0.5,1.7
04/13/2025 08:07:02 pm,127.850,-57.290000,0.5,1.7
04/13/2025 08:07:02 pm,127.900,-57.570000,0.5,1.7
04/13/2025 08:07:02 pm,127.950,-57.805000,0.4,1.7
04/13/2025 08:07:03 pm,128.000,-57.975000,0.5,1.7
04/13/2025 08:07:03 pm,128.050,-58.200000,0.5,1.7
04/13/2025 08:07:03 pm,128.100,-58.405000,0.5,1.7
04/13/2025 08:07:03 pm,128.150,-58.560000,0.5,1.7
04/13/2025 08:07:03 pm,128.200,-58.640000,0.5,1.7
04/13/2025 08:07:03 pm,128.250,-58.645000,0.5,1.7
04/13/2025 08:07:03 pm,128.300,-58.705000,0.5,1.7
04/13/2025 08:07:03 pm,128.350,-58.900000,0.5,1.7
04/13/2025 08:07:03 pm,128.400,-59.010000,0.5,1.7
04/13/2025 08:07:03 pm,128.450,-59.155000,0.5,1.7
04/13/2025 08:07:03 pm,128.500,-59.400000,0.5,1.7
04/13/2025 08:07:03 pm,128.550,-59.625000,0.5,1.7
04/13/2025 08:07:03 pm,128.600,-59.945000,0.5,1.7
04/13/2025 08:07:03 pm,128.650,-60.080000,0.6,1.8
04/13/2025 08:07:03 pm,128.700,-60.135000,0.6,1.7
04/13/2025 08:07:03 pm,128.750,-60.270000,0.6,1.8
04/13/2025 08:07:03 pm,128.800,-60.355000,0.6,1.8
04/13/2025 08:07:03 pm,128.850,-60.515000,0.6,1.8
04/13/2025 08:07:03 pm,128.900,-60.590000,0.6,1.8
04/13/2025 08:07:03 pm,128.950,-60.775000,0.6,1.8
04/13/2025 08:07:04 pm,129.000,-60.910000,0.6,1.8
04/13/2025 08:07:04 pm,129.050,-61.050000,0.6,1.8
04/13/2025 08:07:04 pm,129.100,-61.200000,0.6,1.8
04/13/2025 08:07:04 pm,129.150,-61.390000,0.6,1.8
04/13/2025 08:07:04 pm,129.200,-61.480000,0.6,1.8
04/13/2025 08:07:04 pm,129.250,-61.700000,0.6,1.8
04/13/2025 08:07:04 pm,129.300,-61.845000,0.6,1.8
04/13/2025 08:07:04 pm,129.350,-62.040000,0.6,1.8
04/13/2025 08:07:04 pm,129.400,-62.225000,0.6,1.8
04/13/2025 08:07:04 pm,129.450,-62.365000,0.6,1.8
04/13/2025 08:07:04 pm,129.500,-62.535000,0.6,1.8
04/13/2025 08:07:04 pm,129.550,-62.640000,0.6,1.8
04/13/2025 08:07:04 pm,129.600,-62.785000,0.6,1.7
04/13/2025 08:07:04 pm,129.650,-62.910000,0.5,1.7
04/13/2025 08:07:04 pm,129.700,-62.930000,0.5,1.7
04/13/2025 08:07:04 pm,129.750,-62.940000,0.5,1.7
04/13/2025 08:07:04 pm,129.800,-62.980000,0.5,1.7
04/13/2025 08:07:04 pm,129.850,-63.150000,0.5,1.7
04/13/2025 08:07:04 pm,129.900,-63.290000,0.5,1.7
04/13/2025 08:07:04 pm,129.950,-63.435000,0.5,1.7
04/13/2025 08:07:05 pm,130.000,-63.590000,0.5,1.7
04/13/2025 08:07:05 pm,130.050,-63.610000,0.5,1.7
04/13/2025 08:07:05 pm,130.100,-63.765000,0.5,1.7
04/13/2025 08:07:05 pm,130.150,-63.865000,0.5,1.7
04/13/2025 08:07:05 pm,130.200,-63.900000,0.5,1.7
04/13/2025 08:07:05 pm,130.250,-63.985000,0.5,1.7
04/13/2025 08:07:05 pm,130.300,-64.095000,0.5,1.7
04/13/2025 08:07:05 pm,130.350,-64.120000,0.5,1.7
04/13/2025 08:07:05 pm,130.400,-64.175000,0.5,1.7
04/13/2025 08:07:05 pm,130.450,-64.180000,0.5,1.7
04/13/2025 08:07:05 pm,130.500,-64.180000,0.5,1.7
04/13/2025 08:07:05 pm,130.550,-64.180000,0.5,1.7
04/13/2025 08:07:05 pm,130.600,-64.180000,0.5,1.7
04/13/2025 08:07:05 pm,130.650,-64.180000,0.5,1.7
04/13/2025 08:07:05 pm,130.700,-64.180000,0.5,1.7
04/13/2025 08:07:05 pm,130.750,-64.180000,0.5,1.7
04/13/2025 08:07:05 pm,130.800,-64.180000,0.5,1.7
04/13/2025 08:07:05 pm,130.850,-64.180000,0.5,1.7
04/13/2025 08:07:05 pm,130.900,-64.185000,0.5,1.7
04/13/2025 08:07:05 pm,130.950,-64.185000,0.5,1.7
04/13/2025 08:07:06 pm,131.000,-64.185000,0.5,1.7
04/13/2025 08:07:06 pm,131.050,-64.185000,0.5,1.7
04/13/2025 08:07:06 pm,131.100,-64.175000,0.5,1.7
04/13/2025 08:07:06 pm,131.150,-64.175000,0.5,1.7
04/13/2025 08:07:06 pm,131.200,-64.175000,0.5,1.7
04/13/2025 08:07:06 pm,131.250,-64.175000,0.5,1.7
04/13/2025 08:07:06 pm,131.300,-64.175000,0.5,1.7
04/13/2025 08:07:06 pm,131.350,-64.175000,0.5,1.7
04/13/2025 08:07:06 pm,131.400,-64.175000,0.5,1.7
04/13/2025 08:07:06 pm,131.450,-64.185000,0.5,1.7
04/13/2025 08:07:06 pm,131.500,-64.195000,0.5,1.7
04/13/2025 08:07:06 pm,131.550,-64.230000,0.5,1.7
04/13/2025 08:07:06 pm,131.600,-64.235000,0.5,1.7
04/13/2025 08:07:06 pm,131.650,-64.235000,0.5,1.7
04/13/2025 08:07:06 pm,131.700,-64.235000,0.5,1.7
04/13/2025 08:07:06 pm,131.750,-64.250000,0.5,1.7
04/13/2025 08:07:06 pm,131.800,-64.260000,0.5,1.7
04/13/2025 08:07:06 pm,131.850,-64.280000,0.5,1.7
04/13/2025 08:07:06 pm,131.900,-64.295000,0.5,1.7
04/13/2025 08:07:06 pm,131.950,-64.300000,0.5,1.7
04/13/2025 08:07:07 pm,132.000,-64.300000,0.5,1.7
04/13/2025 08:07:07 pm,132.050,-64.300000,0.5,1.7
04/13/2025 08:07:07 pm,132.100,-64.300000,0.5,1.7
04/13/2025 08:07:07 pm,132.150,-64.300000,0.5,1.7
04/13/2025 08:07:07 pm,132.200,-64.300000,0.5,1.7
04/13/2025 08:07:07 pm,132.250,-64.300000,0.5,1.7
04/13/2025 08:07:07 pm,132.300,-64.300000,0.5,1.7
04/13/2025 08:07:07 pm,132.350,-64.300000,0.5,1.7
04/13/2025 08:07:07 pm,132.400,-64.300000,0.5,1.7
04/13/2025 08:07:07 pm,132.450,-64.300000,0.5,1.7
04/13/2025 08:07:07 pm,132.500,-64.300000,0.5,1.7
04/13/2025 08:07:07 pm,132.550,-64.300000,0.5,1.7
04/13/2025 08:07:07 pm,132.600,-64.300000,0.5,1.7
04/13/2025 08:07:07 pm,132.650,-64.280000,0.5,1.7
04/13/2025 08:07:07 pm,132.700,-64.255000,0.5,1.7
04/13/2025 08:07:07 pm,132.750,-64.125000,0.5,1.7
04/13/2025 08:07:07 pm,132.800,-64.075000,0.5,1.7
04/13/2025 08:07:07 pm,132.850,-64.075000,0.5,1.7
04/13/2025 08:07:07 pm,132.900,-64.075000,0.5,1.7
04/13/2025 08:07:07 pm,132.950,-64.075000,0.5,1.7
04/13/2025 08:07:08 pm,133.000,-64.075000,0.5,1.7
04/13/2025 08:07:08 pm,133.050,-64.075000,0.5,1.7
04/13/2025 08:07:08 pm,133.100,-64.075000,0.5,1.7
04/13/2025 08:07:08 pm,133.150,-64.075000,0.5,1.7
04/13/2025 08:07:08 pm,133.200,-64.075000,0.5,1.7
04/13/2025 08:07:08 pm,133.250,-64.075000,0.5,1.7
04/13/2025 08:07:08 pm,133.300,-64.075000,0.5,1.7
04/13/2025 08:07:08 pm,133.350,-64.075000,0.5,1.7
04/13/2025 08:07:08 pm,133.400,-64.075000,0.5,1.7
04/13/2025 08:07:08 pm,133.450,-64.075000,0.5,1.7
04/13/2025 08:07:08 pm,133.500,-64.075000,0.5,1.7
04/13/2025 08:07:08 pm,133.550,-64.075000,0.5,1.7
04/13/2025 08:07:08 pm,133.600,-64.075000,0.5,1.7
04/13/2025 08:07:08 pm,133.650,-64.075000,0.5,1.7
04/13/2025 08:07:08 pm,133.700,-64.075000,0.5,1.7
04/13/2025 08:07:08 pm,133.750,-64.075000,0.5,1.7
04/13/2025 08:07:08 pm,133.800,-64.075000,0.5,1.7
04/13/2025 08:07:08 pm,133.850,-64.075000,0.5,1.7
04/13/2025 08:07:08 pm,133.900,-64.075000,0.5,1.7
04/13/2025 08:07:08 pm,133.950,-64.075000,0.5,1.7
04/13/2025 08:07:09 pm,134.000,-64.075000,0.5,1.7
04/13/2025 08:07:09 pm,134.050,-64.075000,0.5,1.7
04/13/2025 08:07:09 pm,134.100,-64.075000,0.5,1.7
04/13/2025 08:07:09 pm,134.150,-64.075000,0.5,1.7
04/13/2025 08:07:09 pm,134.200,-64.075000,0.5,1.7
04/13/2025 08:07:09 pm,134.250,-64.075000,0.5,1.7
04/13/2025 08:07:09 pm,134.300,-64.075000,0.5,1.7
04/13/2025 08:07:09 pm,134.350,-64.075000,0.5,1.7
04/13/2025 08:07:09 pm,134.400,-64.075000,0.5,1.7
04/13/2025 08:07:09 pm,134.450,-64.075000,0.5,1.7
04/13/2025 08:07:09 pm,134.500,-64.075000,0.5,1.7
04/13/2025 08:07:09 pm,134.550,-64.075000,0.5,1.7
04/13/2025 08:07:09 pm,134.600,-64.075000,0.5,1.7
04/13/2025 08:07:09 pm,134.650,-64.075000,0.5,1.7
04/13/2025 08:07:09 pm,134.700,-64.075000,0.5,1.7
04/13/2025 08:07:09 pm,134.750,-64.075000,0.5,1.7
04/13/2025 08:07:09 pm,134.800,-64.075000,0.5,1.7
04/13/2025 08:07:09 pm,134.850,-64.075000,0.5,1.7
04/13/2025 08:07:09 pm,134.900,-64.075000,0.5,1.7
04/13/2025 08:07:09 pm,134.950,-64.075000,0.5,1.7
04/13/2025 08:07:10 pm,135.000,-64.075000,0.5,1.7
04/13/2025 08:07:10 pm,135.050,-64.075000,0.5,1.7
04/13/2025 08:07:10 pm,135.100,-64.075000,0.5,1.7
04/13/2025 08:07:10 pm,135.150,-64.075000,0.5,1.7
04/13/2025 08:07:10 pm,135.200,-64.075000,0.5,1.7
04/13/2025 08:07:10 pm,135.250,-64.075000,0.5,1.7
04/13/2025 08:07:10 pm,135.300,-64.075000,0.5,1.7
04/13/2025 08:07:10 pm,135.350,-64.075000,0.5,1.7
04/13/2025 08:07:10 pm,135.400,-64.075000,0.5,1.7
04/13/2025 08:07:10 pm,135.450,-64.075000,0.5,1.7
04/13/2025 08:07:10 pm,135.500,-64.075000,0.5,1.7
04/13/2025 08:07:10 pm,135.550,-64.075000,0.5,1.7
04/13/2025 08:07:10 pm,135.600,-64.075000,0.5,1.7
04/13/2025 08:07:10 pm,135.650,-64.075000,0.5,1.7
04/13/2025 08:07:10 pm,135.700,-64.075000,0.5,1.7
04/13/2025 08:07:10 pm,135.750,-64.075000,0.5,1.7
04/13/2025 08:07:10 pm,135.800,-64.075000,0.5,1.7
04/13/2025 08:07:10 pm,135.850,-64.075000,0.5,1.7
04/13/2025 08:07:10 pm,135.900,-64.075000,0.5,1.7
04/13/2025 08:07:10 pm,135.950,-64.075000,0.5,1.7
04/13/2025 08:07:11 pm,136.000,-64.075000,0.5,1.7
04/13/2025 08:07:11 pm,136.050,-64.075000,0.5,1.7
04/13/2025 08:07:11 pm,136.100,-64.075000,0.5,1.7
04/13/2025 08:07:11 pm,136.150,-64.075000,0.5,1.7
04/13/2025 08:07:11 pm,136.200,-64.075000,0.5,1.7
04/13/2025 08:07:11 pm,136.250,-64.075000,0.5,1.7
04/13/2025 08:07:11 pm,136.300,-64.075000,0.5,1.7
04/13/2025 08:07:11 pm,136.350,-64.075000,0.5,1.7
04/13/2025 08:07:11 pm,136.400,-64.075000,0.5,1.7
04/13/2025 08:07:11 pm,136.450,-64.075000,0.5,1.7
04/13/2025 08:07:11 pm,136.500,-64.075000,0.5,1.7
04/13/2025 08:07:11 pm,136.550,-64.075000,0.5,1.7
04/13/2025 08:07:11 pm,136.600,-64.075000,0.5,1.7
04/13/2025 08:07:11 pm,136.650,-64.075000,0.5,1.7
04/13/2025 08:07:11 pm,136.700,-64.075000,0.5,1.7
04/13/2025 08:07:11 pm,136.750,-64.075000,0.5,1.7
04/13/2025 08:07:11 pm,136.800,-64.075000,0.5,1.7
04/13/2025 08:07:11 pm,136.850,-64.075000,0.5,1.7
04/13/2025 08:07:11 pm,136.900,-64.075000,0.5,1.7
04/13/2025 08:07:11 pm,136.950,-64.075000,0.5,1.7
04/13/2025 08:07:12 pm,137.000,-64.075000,0.5,1.7
04/13/2025 08:07:12 pm,137.050,-64.075000,0.5,1.7
04/13/2025 08:07:12 pm,137.100,-64.075000,0.5,1.7
04/13/2025 08:07:12 pm,137.150,-64.075000,0.5,1.7
04/13/2025 08:07:12 pm,137.200,-64.075000,0.5,1.7
04/13/2025 08:07:12 pm,137.250,-64.075000,0.5,1.7
04/13/2025 08:07:12 pm,137.300,-64.075000,0.5,1.7
04/13/2025 08:07:12 pm,137.350,-64.075000,0.5,1.7
04/13/2025 08:07:12 pm,137.400,-64.075000,0.5,1.7
04/13/2025 08:07:12 pm,137.450,-64.075000,0.5,1.7
04/13/2025 08:07:12 pm,137.500,-64.075000,0.5,1.7
04/13/2025 08:07:12 pm,137.550,-64.075000,0.5,1.7
04/13/2025 08:07:12 pm,137.600,-64.075000,0.5,1.7
04/13/2025 08:07:12 pm,137.650,-64.075000,0.5,1.7
04/13/2025 08:07:12 pm,137.700,-64.075000,0.5,1.7
04/13/2025 08:07:12 pm,137.750,-64.075000,0.5,1.7
04/13/2025 08:07:12 pm,137.800,-64.075000,0.5,1.7
04/13/2025 08:07:12 pm,137.850,-64.075000,0.5,1.7
04/13/2025 08:07:12 pm,137.900,-64.075000,0.5,1.7
04/13/2025 08:07:12 pm,137.950,-64.075000,0.5,1.7
04/13/2025 08:07:13 pm,138.000,-64.075000,0.5,1.7
04/13/2025 08:07:13 pm,138.050,-64.075000,0.5,1.7
04/13/2025 08:07:13 pm,138.100,-64.075000,0.5,1.7
04/13/2025 08:07:13 pm,138.150,-64.075000,0.5,1.7
04/13/2025 08:07:13 pm,138.200,-64.075000,0.5,1.7
04/13/2025 08:07:13 pm,138.250,-64.075000,0.5,1.7
04/13/2025 08:07:13 pm,138.300,-64.075000,0.5,1.7
04/13/2025 08:07:13 pm,138.350,-64.075000,0.5,1.7
04/13/2025 08:07:13 pm,138.400,-64.075000,0.5,1.7
04/13/2025 08:07:13 pm,138.450,-64.075000,0.5,1.7
04/13/2025 08:07:13 pm,138.500,-64.075000,0.5,1.7
04/13/2025 08:07:13 pm,138.550,-64.075000,0.5,1.7
04/13/2025 08:07:13 pm,138.600,-64.075000,0.5,1.7
04/13/2025 08:07:13 pm,138.650,-64.075000,0.5,1.7
04/13/2025 08:07:13 pm,138.700,-64.075000,0.5,1.7
04/13/2025 08:07:13 pm,138.750,-64.075000,0.5,1.7
04/13/2025 08:07:13 pm,138.800,-64.075000,0.5,1.7
04/13/2025 08:07:13 pm,138.850,-64.075000,0.5,1.7
04/13/2025 08:07:13 pm,138.900,-64.075000,0.5,1.7
04/13/2025 08:07:13 pm,138.950,-64.075000,0.5,1.7
04/13/2025 08:07:14 pm,139.000,-64.075000,0.5,1.7
04/13/2025 08:07:14 pm,139.050,-64.075000,0.5,1.7
04/13/2025 08:07:14 pm,139.100,-64.075000,0.5,1.7
04/13/2025 08:07:14 pm,139.150,-64.075000,0.5,1.7
04/13/2025 08:07:14 pm,139.200,-64.075000,0.5,1.7
04/13/2025 08:07:14 pm,139.250,-64.075000,0.5,1.7
04/13/2025 08:07:14 pm,139.300,-64.075000,0.5,1.7
04/13/2025 08:07:14 pm,139.350,-64.075000,0.5,1.7
04/13/2025 08:07:14 pm,139.400,-64.075000,0.5,1.7
04/13/2025 08:07:14 pm,139.450,-64.075000,0.5,1.7
04/13/2025 08:07:14 pm,139.500,-64.075000,0.5,1.7
04/13/2025 08:07:14 pm,139.550,-64.075000,0.5,1.7
04/13/2025 08:07:14 pm,139.600,-64.075000,0.5,1.7
04/13/2025 08:07:14 pm,139.650,-64.075000,0.5,1.7
04/13/2025 08:07:14 pm,139.700,-64.075000,0.5,1.7
04/13/2025 08:07:14 pm,139.750,-64.075000,0.5,1.7
04/13/2025 08:07:14 pm,139.800,-64.075000,0.5,1.7
04/13/2025 08:07:14 pm,139.850,-64.075000,0.5,1.7
04/13/2025 08:07:14 pm,139.900,-64.075000,0.5,1.7
04/13/2025 08:07:14 pm,139.950,-64.075000,0.5,1.7
04/13/2025 08:07:15 pm,140.000,-64.075000,0.5,1.7
04/13/2025 08:07:15 pm,140.050,-64.075000,0.5,1.7
04/13/2025 08:07:15 pm,140.100,-64.075000,0.5,1.7
04/13/2025 08:07:15 pm,140.150,-64.075000,0.5,1.7
04/13/2025 08:07:15 pm,140.200,-64.075000,0.5,1.7
04/13/2025 08:07:15 pm,140.250,-64.075000,0.5,1.7
04/13/2025 08:07:15 pm,140.300,-64.075000,0.5,1.7
04/13/2025 08:07:15 pm,140.350,-64.075000,0.5,1.7
04/13/2025 08:07:15 pm,140.400,-64.075000,0.5,1.7
04/13/2025 08:07:15 pm,140.450,-64.075000,0.5,1.7
04/13/2025 08:07:15 pm,140.500,-64.075000,0.5,1.7
04/13/2025 08:07:15 pm,140.550,-64.075000,0.5,1.7
04/13/2025 08:07:15 pm,140.600,-64.075000,0.5,1.7
04/13/2025 08:07:15 pm,140.650,-64.075000,0.5,1.7
04/13/2025 08:07:15 pm,140.700,-64.075000,0.5,1.7
04/13/2025 08:07:15 pm,140.750,-64.075000,0.5,1.7
04/13/2025 08:07:15 pm,140.800,-64.075000,0.5,1.7
04/13/2025 08:07:15 pm,140.850,-64.075000,0.5,1.7
04/13/2025 08:07:15 pm,140.900,-64.075000,0.5,1.7
04/13/2025 08:07:15 pm,140.950,-64.075000,0.5,1.7
04/13/2025 08:07:16 pm,141.000,-64.075000,0.5,1.7
04/13/2025 08:07:16 pm,141.050,-64.075000,0.5,1.7
04/13/2025 08:07:16 pm,141.100,-64.075000,0.5,1.7
04/13/2025 08:07:16 pm,141.150,-64.075000,0.5,1.7
04/13/2025 08:07:16 pm,141.200,-64.075000,0.5,1.7
04/13/2025 08:07:16 pm,141.250,-64.075000,0.5,1.7
04/13/2025 08:07:16 pm,141.300,-64.075000,0.5,1.7
04/13/2025 08:07:16 pm,141.350,-64.075000,0.5,1.7
04/13/2025 08:07:16 pm,141.400,-64.075000,0.5,1.7
04/13/2025 08:07:16 pm,141.450,-64.075000,0.5,1.7
04/13/2025 08:07:16 pm,141.500,-64.075000,0.5,1.7
04/13/2025 08:07:16 pm,141.550,-64.075000,0.5,1.7
04/13/2025 08:07:16 pm,141.600,-64.075000,0.5,1.7
04/13/2025 08:07:16 pm,141.650,-64.075000,0.5,1.7
04/13/2025 08:07:16 pm,141.700,-64.075000,0.5,1.7
04/13/2025 08:07:16 pm,141.750,-64.075000,0.5,1.7
04/13/2025 08:07:16 pm,141.800,-64.075000,0.5,1.7
04/13/2025 08:07:16 pm,141.850,-64.075000,0.5,1.7
04/13/2025 08:07:16 pm,141.900,-64.075000,0.5,1.7
04/13/2025 08:07:16 pm,141.950,-64.075000,0.5,1.7
04/13/2025 08:07:17 pm,142.000,-64.075000,0.5,1.7
04/13/2025 08:07:17 pm,142.050,-64.075000,0.5,1.7
04/13/2025 08:07:17 pm,142.100,-64.075000,0.5,1.7
