"Date and Time Run 1","Time (s) Run 1","Position (mm) Run 1","Light Intensity (%) Run 1","Log of Light Intensity Run 1"
04/13/2025 08:32:43 pm,0.000,0.000000,10.8,3.0
04/13/2025 08:32:43 pm,0.050,0.000000,10.9,3.0
04/13/2025 08:32:43 pm,0.100,0.000000,10.8,3.0
04/13/2025 08:32:43 pm,0.150,0.000000,10.8,3.0
04/13/2025 08:32:43 pm,0.200,0.000000,10.8,3.0
04/13/2025 08:32:43 pm,0.250,0.000000,10.8,3.0
04/13/2025 08:32:43 pm,0.300,0.000000,10.8,3.0
04/13/2025 08:32:43 pm,0.350,0.000000,10.8,3.0
04/13/2025 08:32:43 pm,0.400,0.000000,10.8,3.0
04/13/2025 08:32:43 pm,0.450,0.000000,10.8,3.0
04/13/2025 08:32:43 pm,0.500,0.000000,10.8,3.0
04/13/2025 08:32:43 pm,0.550,0.000000,10.9,3.0
04/13/2025 08:32:43 pm,0.600,0.000000,10.9,3.0
04/13/2025 08:32:43 pm,0.650,0.000000,10.8,3.0
04/13/2025 08:32:43 pm,0.700,0.000000,10.9,3.0
04/13/2025 08:32:43 pm,0.750,0.000000,10.8,3.0
04/13/2025 08:32:43 pm,0.800,0.000000,10.9,3.0
04/13/2025 08:32:43 pm,0.850,0.000000,10.9,3.0
04/13/2025 08:32:43 pm,0.900,0.000000,10.8,3.0
04/13/2025 08:32:43 pm,0.950,0.000000,10.8,3.0
04/13/2025 08:32:44 pm,1.000,0.000000,10.8,3.0
04/13/2025 08:32:44 pm,1.050,0.000000,10.9,3.0
04/13/2025 08:32:44 pm,1.100,0.000000,10.8,3.0
04/13/2025 08:32:44 pm,1.150,0.000000,10.8,3.0
04/13/2025 08:32:44 pm,1.200,0.000000,10.8,3.0
04/13/2025 08:32:44 pm,1.250,0.000000,10.8,3.0
04/13/2025 08:32:44 pm,1.300,0.000000,10.8,3.0
04/13/2025 08:32:44 pm,1.350,0.000000,10.8,3.0
04/13/2025 08:32:44 pm,1.400,0.000000,10.8,3.0
04/13/2025 08:32:44 pm,1.450,0.000000,10.8,3.0
04/13/2025 08:32:44 pm,1.500,0.000000,10.8,3.0
04/13/2025 08:32:44 pm,1.550,0.000000,10.9,3.0
04/13/2025 08:32:44 pm,1.600,0.000000,10.9,3.0
04/13/2025 08:32:44 pm,1.650,0.000000,10.8,3.0
04/13/2025 08:32:44 pm,1.700,0.000000,10.8,3.0
04/13/2025 08:32:44 pm,1.750,0.000000,10.9,3.0
04/13/2025 08:32:44 pm,1.800,0.000000,10.9,3.0
04/13/2025 08:32:44 pm,1.850,0.000000,10.9,3.0
04/13/2025 08:32:44 pm,1.900,0.000000,10.9,3.0
04/13/2025 08:32:44 pm,1.950,0.000000,10.9,3.0
04/13/2025 08:32:45 pm,2.000,0.000000,10.9,3.0
04/13/2025 08:32:45 pm,2.050,0.000000,10.9,3.0
04/13/2025 08:32:45 pm,2.100,0.000000,10.9,3.0
04/13/2025 08:32:45 pm,2.150,0.000000,10.9,3.0
04/13/2025 08:32:45 pm,2.200,0.000000,10.8,3.0
04/13/2025 08:32:45 pm,2.250,0.000000,10.9,3.0
04/13/2025 08:32:45 pm,2.300,0.000000,10.8,3.0
04/13/2025 08:32:45 pm,2.350,0.000000,10.9,3.0
04/13/2025 08:32:45 pm,2.400,0.000000,10.9,3.0
04/13/2025 08:32:45 pm,2.450,0.000000,10.8,3.0
04/13/2025 08:32:45 pm,2.500,0.000000,10.9,3.0
04/13/2025 08:32:45 pm,2.550,0.000000,10.9,3.0
04/13/2025 08:32:45 pm,2.600,0.000000,10.8,3.0
04/13/2025 08:32:45 pm,2.650,0.000000,10.9,3.0
04/13/2025 08:32:45 pm,2.700,0.000000,10.9,3.0
04/13/2025 08:32:45 pm,2.750,0.000000,10.9,3.0
04/13/2025 08:32:45 pm,2.800,0.000000,10.9,3.0
04/13/2025 08:32:45 pm,2.850,0.000000,10.8,3.0
04/13/2025 08:32:45 pm,2.900,0.000000,10.8,3.0
04/13/2025 08:32:45 pm,2.950,0.000000,10.8,3.0
04/13/2025 08:32:46 pm,3.000,0.000000,10.8,3.0
04/13/2025 08:32:46 pm,3.050,0.000000,10.8,3.0
04/13/2025 08:32:46 pm,3.100,0.000000,10.9,3.0
04/13/2025 08:32:46 pm,3.150,0.000000,10.8,3.0
04/13/2025 08:32:46 pm,3.200,0.000000,10.9,3.0
04/13/2025 08:32:46 pm,3.250,0.000000,10.8,3.0
04/13/2025 08:32:46 pm,3.300,0.000000,10.8,3.0
04/13/2025 08:32:46 pm,3.350,0.000000,10.8,3.0
04/13/2025 08:32:46 pm,3.400,0.000000,10.8,3.0
04/13/2025 08:32:46 pm,3.450,0.000000,10.8,3.0
04/13/2025 08:32:46 pm,3.500,0.000000,10.8,3.0
04/13/2025 08:32:46 pm,3.550,0.000000,10.8,3.0
04/13/2025 08:32:46 pm,3.600,0.000000,10.8,3.0
04/13/2025 08:32:46 pm,3.650,0.000000,10.9,3.0
04/13/2025 08:32:46 pm,3.700,0.000000,10.8,3.0
04/13/2025 08:32:46 pm,3.750,0.000000,10.8,3.0
04/13/2025 08:32:46 pm,3.800,0.000000,10.8,3.0
04/13/2025 08:32:46 pm,3.850,0.000000,10.8,3.0
04/13/2025 08:32:46 pm,3.900,0.000000,10.8,3.0
04/13/2025 08:32:46 pm,3.950,0.000000,10.8,3.0
04/13/2025 08:32:47 pm,4.000,0.000000,10.8,3.0
04/13/2025 08:32:47 pm,4.050,0.000000,10.8,3.0
04/13/2025 08:32:47 pm,4.100,0.000000,10.8,3.0
04/13/2025 08:32:47 pm,4.150,0.000000,10.8,3.0
04/13/2025 08:32:47 pm,4.200,0.000000,10.8,3.0
04/13/2025 08:32:47 pm,4.250,0.000000,10.8,3.0
04/13/2025 08:32:47 pm,4.300,0.000000,10.8,3.0
04/13/2025 08:32:47 pm,4.350,0.000000,10.8,3.0
04/13/2025 08:32:47 pm,4.400,0.000000,10.8,3.0
04/13/2025 08:32:47 pm,4.450,0.000000,10.8,3.0
04/13/2025 08:32:47 pm,4.500,0.000000,10.8,3.0
04/13/2025 08:32:47 pm,4.550,0.000000,10.8,3.0
04/13/2025 08:32:47 pm,4.600,0.000000,10.8,3.0
04/13/2025 08:32:47 pm,4.650,0.000000,10.8,3.0
04/13/2025 08:32:47 pm,4.700,0.000000,10.8,3.0
04/13/2025 08:32:47 pm,4.750,0.000000,10.8,3.0
04/13/2025 08:32:47 pm,4.800,0.000000,10.8,3.0
04/13/2025 08:32:47 pm,4.850,0.000000,10.8,3.0
04/13/2025 08:32:47 pm,4.900,0.000000,10.8,3.0
04/13/2025 08:32:47 pm,4.950,0.000000,10.8,3.0
04/13/2025 08:32:48 pm,5.000,0.000000,10.8,3.0
04/13/2025 08:32:48 pm,5.050,0.000000,10.8,3.0
04/13/2025 08:32:48 pm,5.100,0.000000,10.8,3.0
04/13/2025 08:32:48 pm,5.150,0.000000,10.8,3.0
04/13/2025 08:32:48 pm,5.200,0.000000,10.8,3.0
04/13/2025 08:32:48 pm,5.250,0.000000,10.8,3.0
04/13/2025 08:32:48 pm,5.300,0.000000,10.8,3.0
04/13/2025 08:32:48 pm,5.350,0.000000,10.8,3.0
04/13/2025 08:32:48 pm,5.400,0.000000,10.8,3.0
04/13/2025 08:32:48 pm,5.450,0.000000,10.8,3.0
04/13/2025 08:32:48 pm,5.500,0.000000,10.8,3.0
04/13/2025 08:32:48 pm,5.550,0.000000,10.8,3.0
04/13/2025 08:32:48 pm,5.600,0.000000,10.8,3.0
04/13/2025 08:32:48 pm,5.650,0.000000,10.8,3.0
04/13/2025 08:32:48 pm,5.700,0.000000,10.8,3.0
04/13/2025 08:32:48 pm,5.750,0.000000,10.8,3.0
04/13/2025 08:32:48 pm,5.800,0.000000,10.7,3.0
04/13/2025 08:32:48 pm,5.850,0.000000,10.8,3.0
04/13/2025 08:32:48 pm,5.900,0.005000,10.8,3.0
04/13/2025 08:32:48 pm,5.950,0.030000,10.8,3.0
04/13/2025 08:32:49 pm,6.000,0.075000,10.8,3.0
04/13/2025 08:32:49 pm,6.050,0.155000,10.8,3.0
04/13/2025 08:32:49 pm,6.100,0.280000,10.8,3.0
04/13/2025 08:32:49 pm,6.150,0.375000,10.8,3.0
04/13/2025 08:32:49 pm,6.200,0.550000,10.8,3.0
04/13/2025 08:32:49 pm,6.250,0.680000,10.8,3.0
04/13/2025 08:32:49 pm,6.300,0.765000,10.7,3.0
04/13/2025 08:32:49 pm,6.350,0.845000,10.7,3.0
04/13/2025 08:32:49 pm,6.400,0.905000,10.6,3.0
04/13/2025 08:32:49 pm,6.450,0.955000,10.6,3.0
04/13/2025 08:32:49 pm,6.500,0.980000,10.6,3.0
04/13/2025 08:32:49 pm,6.550,1.025000,10.6,3.0
04/13/2025 08:32:49 pm,6.600,1.105000,10.5,3.0
04/13/2025 08:32:49 pm,6.650,1.200000,10.4,3.0
04/13/2025 08:32:49 pm,6.700,1.420000,10.2,3.0
04/13/2025 08:32:49 pm,6.750,1.555000,10.0,3.0
04/13/2025 08:32:49 pm,6.800,1.605000,9.9,3.0
04/13/2025 08:32:49 pm,6.850,1.705000,9.8,3.0
04/13/2025 08:32:49 pm,6.900,1.910000,9.5,3.0
04/13/2025 08:32:49 pm,6.950,2.125000,9.0,3.0
04/13/2025 08:32:50 pm,7.000,2.265000,8.8,2.9
04/13/2025 08:32:50 pm,7.050,2.455000,8.4,2.9
04/13/2025 08:32:50 pm,7.100,2.605000,8.0,2.9
04/13/2025 08:32:50 pm,7.150,2.715000,7.8,2.9
04/13/2025 08:32:50 pm,7.200,2.895000,7.4,2.9
04/13/2025 08:32:50 pm,7.250,3.225000,6.7,2.8
04/13/2025 08:32:50 pm,7.300,3.495000,5.9,2.8
04/13/2025 08:32:50 pm,7.350,3.595000,5.7,2.8
04/13/2025 08:32:50 pm,7.400,3.710000,5.5,2.7
04/13/2025 08:32:50 pm,7.450,3.830000,5.1,2.7
04/13/2025 08:32:50 pm,7.500,3.960000,4.9,2.7
04/13/2025 08:32:50 pm,7.550,4.115000,4.5,2.7
04/13/2025 08:32:50 pm,7.600,4.395000,4.0,2.6
04/13/2025 08:32:50 pm,7.650,4.745000,3.3,2.5
04/13/2025 08:32:50 pm,7.700,5.085000,2.5,2.4
04/13/2025 08:32:50 pm,7.750,5.280000,2.2,2.3
04/13/2025 08:32:50 pm,7.800,5.350000,2.0,2.3
04/13/2025 08:32:50 pm,7.850,5.460000,1.9,2.3
04/13/2025 08:32:50 pm,7.900,5.580000,1.7,2.2
04/13/2025 08:32:50 pm,7.950,5.620000,1.7,2.2
04/13/2025 08:32:51 pm,8.000,5.840000,1.4,2.2
04/13/2025 08:32:51 pm,8.050,5.930000,1.3,2.1
04/13/2025 08:32:51 pm,8.100,6.035000,1.3,2.1
04/13/2025 08:32:51 pm,8.150,6.235000,1.0,2.0
04/13/2025 08:32:51 pm,8.200,6.290000,1.0,2.0
04/13/2025 08:32:51 pm,8.250,6.505000,0.8,1.9
04/13/2025 08:32:51 pm,8.300,6.640000,0.7,1.8
04/13/2025 08:32:51 pm,8.350,6.770000,0.7,1.8
04/13/2025 08:32:51 pm,8.400,6.955000,0.6,1.8
04/13/2025 08:32:51 pm,8.450,7.045000,0.5,1.7
04/13/2025 08:32:51 pm,8.500,7.260000,0.5,1.7
04/13/2025 08:32:51 pm,8.550,7.375000,0.5,1.7
04/13/2025 08:32:51 pm,8.600,7.415000,0.5,1.7
04/13/2025 08:32:51 pm,8.650,7.585000,0.5,1.7
04/13/2025 08:32:51 pm,8.700,7.700000,0.5,1.7
04/13/2025 08:32:51 pm,8.750,7.950000,0.5,1.7
04/13/2025 08:32:51 pm,8.800,8.070000,0.5,1.7
04/13/2025 08:32:51 pm,8.850,8.115000,0.5,1.7
04/13/2025 08:32:51 pm,8.900,8.155000,0.5,1.7
04/13/2025 08:32:51 pm,8.950,8.255000,0.5,1.7
04/13/2025 08:32:52 pm,9.000,8.375000,0.5,1.7
04/13/2025 08:32:52 pm,9.050,8.560000,0.6,1.7
04/13/2025 08:32:52 pm,9.100,8.665000,0.6,1.8
04/13/2025 08:32:52 pm,9.150,8.695000,0.6,1.8
04/13/2025 08:32:52 pm,9.200,8.875000,0.6,1.8
04/13/2025 08:32:52 pm,9.250,9.090000,0.7,1.8
04/13/2025 08:32:52 pm,9.300,9.305000,0.7,1.9
04/13/2025 08:32:52 pm,9.350,9.530000,0.8,1.9
04/13/2025 08:32:52 pm,9.400,9.690000,0.8,1.9
04/13/2025 08:32:52 pm,9.450,9.945000,0.8,1.9
04/13/2025 08:32:52 pm,9.500,10.135000,0.9,1.9
04/13/2025 08:32:52 pm,9.550,10.235000,0.9,2.0
04/13/2025 08:32:52 pm,9.600,10.390000,0.9,2.0
04/13/2025 08:32:52 pm,9.650,10.550000,0.9,2.0
04/13/2025 08:32:52 pm,9.700,10.660000,0.9,2.0
04/13/2025 08:32:52 pm,9.750,10.875000,0.9,2.0
04/13/2025 08:32:52 pm,9.800,11.060000,0.9,2.0
04/13/2025 08:32:52 pm,9.850,11.265000,0.9,1.9
04/13/2025 08:32:52 pm,9.900,11.455000,0.9,1.9
04/13/2025 08:32:52 pm,9.950,11.585000,0.9,1.9
04/13/2025 08:32:53 pm,10.000,11.695000,0.8,1.9
04/13/2025 08:32:53 pm,10.050,11.890000,0.8,1.9
04/13/2025 08:32:53 pm,10.100,12.000000,0.8,1.9
04/13/2025 08:32:53 pm,10.150,12.145000,0.8,1.9
04/13/2025 08:32:53 pm,10.200,12.275000,0.8,1.9
04/13/2025 08:32:53 pm,10.250,12.360000,0.7,1.9
04/13/2025 08:32:53 pm,10.300,12.485000,0.7,1.9
04/13/2025 08:32:53 pm,10.350,12.745000,0.7,1.8
04/13/2025 08:32:53 pm,10.400,12.920000,0.6,1.8
04/13/2025 08:32:53 pm,10.450,13.150000,0.6,1.8
04/13/2025 08:32:53 pm,10.500,13.400000,0.6,1.7
04/13/2025 08:32:53 pm,10.550,13.580000,0.5,1.7
04/13/2025 08:32:53 pm,10.600,13.790000,0.5,1.7
04/13/2025 08:32:53 pm,10.650,14.085000,0.5,1.7
04/13/2025 08:32:53 pm,10.700,14.130000,0.5,1.7
04/13/2025 08:32:53 pm,10.750,14.150000,0.5,1.7
04/13/2025 08:32:53 pm,10.800,14.240000,0.5,1.7
04/13/2025 08:32:53 pm,10.850,14.260000,0.5,1.7
04/13/2025 08:32:53 pm,10.900,14.340000,0.5,1.7
04/13/2025 08:32:53 pm,10.950,14.490000,0.4,1.7
04/13/2025 08:32:54 pm,11.000,14.565000,0.4,1.6
04/13/2025 08:32:54 pm,11.050,14.595000,0.4,1.6
04/13/2025 08:32:54 pm,11.100,14.610000,0.4,1.6
04/13/2025 08:32:54 pm,11.150,14.670000,0.4,1.6
04/13/2025 08:32:54 pm,11.200,14.800000,0.4,1.6
04/13/2025 08:32:54 pm,11.250,14.920000,0.4,1.6
04/13/2025 08:32:54 pm,11.300,14.995000,0.4,1.6
04/13/2025 08:32:54 pm,11.350,15.075000,0.4,1.6
04/13/2025 08:32:54 pm,11.400,15.185000,0.4,1.6
04/13/2025 08:32:54 pm,11.450,15.265000,0.4,1.7
04/13/2025 08:32:54 pm,11.500,15.320000,0.4,1.6
04/13/2025 08:32:54 pm,11.550,15.420000,0.4,1.7
04/13/2025 08:32:54 pm,11.600,15.630000,0.5,1.7
04/13/2025 08:32:54 pm,11.650,15.750000,0.5,1.7
04/13/2025 08:32:54 pm,11.700,15.795000,0.5,1.7
04/13/2025 08:32:54 pm,11.750,15.875000,0.5,1.7
04/13/2025 08:32:54 pm,11.800,15.955000,0.5,1.7
04/13/2025 08:32:54 pm,11.850,16.075000,0.5,1.7
04/13/2025 08:32:54 pm,11.900,16.420000,0.5,1.7
04/13/2025 08:32:54 pm,11.950,16.575000,0.5,1.7
04/13/2025 08:32:55 pm,12.000,16.580000,0.5,1.7
04/13/2025 08:32:55 pm,12.050,16.650000,0.5,1.7
04/13/2025 08:32:55 pm,12.100,16.830000,0.5,1.7
04/13/2025 08:32:55 pm,12.150,16.865000,0.5,1.7
04/13/2025 08:32:55 pm,12.200,16.960000,0.5,1.7
04/13/2025 08:32:55 pm,12.250,17.065000,0.5,1.7
04/13/2025 08:32:55 pm,12.300,17.090000,0.6,1.7
04/13/2025 08:32:55 pm,12.350,17.150000,0.6,1.7
04/13/2025 08:32:55 pm,12.400,17.235000,0.6,1.8
04/13/2025 08:32:55 pm,12.450,17.320000,0.6,1.7
04/13/2025 08:32:55 pm,12.500,17.405000,0.6,1.8
04/13/2025 08:32:55 pm,12.550,17.520000,0.6,1.8
04/13/2025 08:32:55 pm,12.600,17.645000,0.6,1.8
04/13/2025 08:32:55 pm,12.650,17.780000,0.6,1.8
04/13/2025 08:32:55 pm,12.700,18.035000,0.6,1.8
04/13/2025 08:32:55 pm,12.750,18.330000,0.6,1.8
04/13/2025 08:32:55 pm,12.800,18.615000,0.6,1.8
04/13/2025 08:32:55 pm,12.850,18.770000,0.6,1.8
04/13/2025 08:32:55 pm,12.900,18.860000,0.6,1.8
04/13/2025 08:32:55 pm,12.950,19.030000,0.6,1.8
04/13/2025 08:32:56 pm,13.000,19.180000,0.6,1.8
04/13/2025 08:32:56 pm,13.050,19.335000,0.6,1.7
04/13/2025 08:32:56 pm,13.100,19.665000,0.5,1.7
04/13/2025 08:32:56 pm,13.150,19.795000,0.5,1.7
04/13/2025 08:32:56 pm,13.200,19.920000,0.5,1.7
04/13/2025 08:32:56 pm,13.250,20.060000,0.5,1.7
04/13/2025 08:32:56 pm,13.300,20.240000,0.5,1.7
04/13/2025 08:32:56 pm,13.350,20.485000,0.5,1.7
04/13/2025 08:32:56 pm,13.400,20.640000,0.5,1.7
04/13/2025 08:32:56 pm,13.450,20.830000,0.5,1.7
04/13/2025 08:32:56 pm,13.500,20.975000,0.5,1.7
04/13/2025 08:32:56 pm,13.550,21.195000,0.5,1.7
04/13/2025 08:32:56 pm,13.600,21.435000,0.4,1.6
04/13/2025 08:32:56 pm,13.650,21.600000,0.4,1.6
04/13/2025 08:32:56 pm,13.700,21.760000,0.4,1.6
04/13/2025 08:32:56 pm,13.750,21.885000,0.4,1.6
04/13/2025 08:32:56 pm,13.800,22.015000,0.4,1.6
04/13/2025 08:32:56 pm,13.850,22.140000,0.4,1.6
04/13/2025 08:32:56 pm,13.900,22.270000,0.4,1.6
04/13/2025 08:32:56 pm,13.950,22.365000,0.4,1.6
04/13/2025 08:32:57 pm,14.000,22.465000,0.4,1.6
04/13/2025 08:32:57 pm,14.050,22.550000,0.4,1.6
04/13/2025 08:32:57 pm,14.100,22.685000,0.4,1.6
04/13/2025 08:32:57 pm,14.150,22.890000,0.4,1.6
04/13/2025 08:32:57 pm,14.200,23.100000,0.4,1.6
04/13/2025 08:32:57 pm,14.250,23.305000,0.5,1.7
04/13/2025 08:32:57 pm,14.300,23.460000,0.5,1.7
04/13/2025 08:32:57 pm,14.350,23.530000,0.5,1.7
04/13/2025 08:32:57 pm,14.400,23.605000,0.5,1.7
04/13/2025 08:32:57 pm,14.450,23.710000,0.5,1.7
04/13/2025 08:32:57 pm,14.500,23.830000,0.5,1.7
04/13/2025 08:32:57 pm,14.550,23.955000,0.5,1.7
04/13/2025 08:32:57 pm,14.600,24.025000,0.5,1.7
04/13/2025 08:32:57 pm,14.650,24.140000,0.5,1.7
04/13/2025 08:32:57 pm,14.700,24.225000,0.5,1.7
04/13/2025 08:32:57 pm,14.750,24.275000,0.5,1.7
04/13/2025 08:32:57 pm,14.800,24.415000,0.5,1.7
04/13/2025 08:32:57 pm,14.850,24.620000,0.5,1.7
04/13/2025 08:32:57 pm,14.900,24.675000,0.5,1.7
04/13/2025 08:32:57 pm,14.950,24.730000,0.5,1.7
04/13/2025 08:32:58 pm,15.000,24.865000,0.5,1.7
04/13/2025 08:32:58 pm,15.050,25.040000,0.5,1.7
04/13/2025 08:32:58 pm,15.100,25.175000,0.5,1.7
04/13/2025 08:32:58 pm,15.150,25.230000,0.5,1.7
04/13/2025 08:32:58 pm,15.200,25.425000,0.5,1.7
04/13/2025 08:32:58 pm,15.250,25.630000,0.5,1.7
04/13/2025 08:32:58 pm,15.300,25.785000,0.5,1.7
04/13/2025 08:32:58 pm,15.350,25.945000,0.5,1.7
04/13/2025 08:32:58 pm,15.400,26.040000,0.5,1.7
04/13/2025 08:32:58 pm,15.450,26.185000,0.5,1.7
04/13/2025 08:32:58 pm,15.500,26.340000,0.5,1.7
04/13/2025 08:32:58 pm,15.550,26.420000,0.5,1.7
04/13/2025 08:32:58 pm,15.600,26.600000,0.5,1.7
04/13/2025 08:32:58 pm,15.650,26.705000,0.5,1.7
04/13/2025 08:32:58 pm,15.700,26.830000,0.5,1.7
04/13/2025 08:32:58 pm,15.750,26.955000,0.5,1.7
04/13/2025 08:32:58 pm,15.800,27.000000,0.5,1.7
04/13/2025 08:32:58 pm,15.850,27.005000,0.5,1.7
04/13/2025 08:32:58 pm,15.900,27.050000,0.5,1.7
04/13/2025 08:32:58 pm,15.950,27.180000,0.5,1.7
04/13/2025 08:32:59 pm,16.000,27.245000,0.5,1.7
04/13/2025 08:32:59 pm,16.050,27.250000,0.5,1.7
04/13/2025 08:32:59 pm,16.100,27.305000,0.5,1.7
04/13/2025 08:32:59 pm,16.150,27.325000,0.5,1.7
04/13/2025 08:32:59 pm,16.200,27.395000,0.5,1.7
04/13/2025 08:32:59 pm,16.250,27.405000,0.5,1.7
04/13/2025 08:32:59 pm,16.300,27.405000,0.5,1.7
04/13/2025 08:32:59 pm,16.350,27.405000,0.5,1.7
04/13/2025 08:32:59 pm,16.400,27.510000,0.5,1.7
04/13/2025 08:32:59 pm,16.450,27.610000,0.5,1.7
04/13/2025 08:32:59 pm,16.500,27.620000,0.5,1.7
04/13/2025 08:32:59 pm,16.550,27.640000,0.5,1.7
04/13/2025 08:32:59 pm,16.600,27.645000,0.5,1.7
04/13/2025 08:32:59 pm,16.650,27.680000,0.5,1.7
04/13/2025 08:32:59 pm,16.700,27.745000,0.5,1.7
04/13/2025 08:32:59 pm,16.750,27.780000,0.5,1.7
04/13/2025 08:32:59 pm,16.800,27.780000,0.5,1.7
04/13/2025 08:32:59 pm,16.850,27.780000,0.5,1.7
04/13/2025 08:32:59 pm,16.900,27.780000,0.5,1.7
04/13/2025 08:32:59 pm,16.950,27.815000,0.5,1.7
04/13/2025 08:33:00 pm,17.000,27.860000,0.5,1.7
04/13/2025 08:33:00 pm,17.050,27.940000,0.5,1.7
04/13/2025 08:33:00 pm,17.100,28.155000,0.5,1.7
04/13/2025 08:33:00 pm,17.150,28.460000,0.5,1.7
04/13/2025 08:33:00 pm,17.200,28.760000,0.4,1.6
04/13/2025 08:33:00 pm,17.250,28.785000,0.4,1.6
04/13/2025 08:33:00 pm,17.300,28.835000,0.4,1.6
04/13/2025 08:33:00 pm,17.350,28.955000,0.4,1.6
04/13/2025 08:33:00 pm,17.400,29.125000,0.4,1.6
04/13/2025 08:33:00 pm,17.450,29.300000,0.4,1.6
04/13/2025 08:33:00 pm,17.500,29.460000,0.4,1.6
04/13/2025 08:33:00 pm,17.550,29.565000,0.4,1.6
04/13/2025 08:33:00 pm,17.600,29.735000,0.4,1.6
04/13/2025 08:33:00 pm,17.650,29.850000,0.4,1.6
04/13/2025 08:33:00 pm,17.700,29.960000,0.4,1.6
04/13/2025 08:33:00 pm,17.750,30.105000,0.4,1.6
04/13/2025 08:33:00 pm,17.800,30.165000,0.4,1.6
04/13/2025 08:33:00 pm,17.850,30.295000,0.4,1.6
04/13/2025 08:33:00 pm,17.900,30.385000,0.4,1.7
04/13/2025 08:33:00 pm,17.950,30.580000,0.4,1.6
04/13/2025 08:33:01 pm,18.000,30.725000,0.4,1.6
04/13/2025 08:33:01 pm,18.050,30.835000,0.5,1.7
04/13/2025 08:33:01 pm,18.100,30.925000,0.5,1.7
04/13/2025 08:33:01 pm,18.150,31.005000,0.4,1.7
04/13/2025 08:33:01 pm,18.200,31.070000,0.5,1.7
04/13/2025 08:33:01 pm,18.250,31.125000,0.5,1.7
04/13/2025 08:33:01 pm,18.300,31.205000,0.5,1.7
04/13/2025 08:33:01 pm,18.350,31.240000,0.5,1.7
04/13/2025 08:33:01 pm,18.400,31.290000,0.5,1.7
04/13/2025 08:33:01 pm,18.450,31.390000,0.5,1.7
04/13/2025 08:33:01 pm,18.500,31.530000,0.5,1.7
04/13/2025 08:33:01 pm,18.550,31.775000,0.5,1.7
04/13/2025 08:33:01 pm,18.600,31.935000,0.5,1.7
04/13/2025 08:33:01 pm,18.650,32.035000,0.5,1.7
04/13/2025 08:33:01 pm,18.700,32.110000,0.5,1.7
04/13/2025 08:33:01 pm,18.750,32.215000,0.5,1.7
04/13/2025 08:33:01 pm,18.800,32.280000,0.5,1.7
04/13/2025 08:33:01 pm,18.850,32.390000,0.5,1.7
04/13/2025 08:33:01 pm,18.900,32.635000,0.5,1.7
04/13/2025 08:33:01 pm,18.950,32.740000,0.5,1.7
04/13/2025 08:33:02 pm,19.000,32.885000,0.5,1.7
04/13/2025 08:33:02 pm,19.050,33.150000,0.5,1.7
04/13/2025 08:33:02 pm,19.100,33.345000,0.5,1.7
04/13/2025 08:33:02 pm,19.150,33.495000,0.5,1.7
04/13/2025 08:33:02 pm,19.200,33.595000,0.5,1.7
04/13/2025 08:33:02 pm,19.250,33.605000,0.5,1.7
04/13/2025 08:33:02 pm,19.300,33.675000,0.5,1.7
04/13/2025 08:33:02 pm,19.350,33.855000,0.5,1.7
04/13/2025 08:33:02 pm,19.400,34.040000,0.5,1.7
04/13/2025 08:33:02 pm,19.450,34.225000,0.5,1.7
04/13/2025 08:33:02 pm,19.500,34.265000,0.5,1.7
04/13/2025 08:33:02 pm,19.550,34.310000,0.5,1.7
04/13/2025 08:33:02 pm,19.600,34.560000,0.4,1.7
04/13/2025 08:33:02 pm,19.650,34.815000,0.5,1.7
04/13/2025 08:33:02 pm,19.700,34.960000,0.5,1.7
04/13/2025 08:33:02 pm,19.750,34.970000,0.5,1.7
04/13/2025 08:33:02 pm,19.800,35.005000,0.4,1.6
04/13/2025 08:33:02 pm,19.850,35.175000,0.4,1.7
04/13/2025 08:33:02 pm,19.900,35.440000,0.4,1.6
04/13/2025 08:33:02 pm,19.950,35.605000,0.4,1.6
04/13/2025 08:33:03 pm,20.000,35.670000,0.4,1.6
04/13/2025 08:33:03 pm,20.050,35.855000,0.4,1.6
04/13/2025 08:33:03 pm,20.100,36.095000,0.4,1.6
04/13/2025 08:33:03 pm,20.150,36.230000,0.4,1.6
04/13/2025 08:33:03 pm,20.200,36.370000,0.4,1.6
04/13/2025 08:33:03 pm,20.250,36.500000,0.4,1.6
04/13/2025 08:33:03 pm,20.300,36.610000,0.4,1.6
04/13/2025 08:33:03 pm,20.350,36.740000,0.4,1.6
04/13/2025 08:33:03 pm,20.400,36.900000,0.4,1.6
04/13/2025 08:33:03 pm,20.450,36.970000,0.4,1.6
04/13/2025 08:33:03 pm,20.500,37.105000,0.4,1.6
04/13/2025 08:33:03 pm,20.550,37.195000,0.4,1.6
04/13/2025 08:33:03 pm,20.600,37.290000,0.4,1.6
04/13/2025 08:33:03 pm,20.650,37.415000,0.4,1.6
04/13/2025 08:33:03 pm,20.700,37.540000,0.4,1.6
04/13/2025 08:33:03 pm,20.750,37.670000,0.4,1.6
04/13/2025 08:33:03 pm,20.800,37.825000,0.4,1.6
04/13/2025 08:33:03 pm,20.850,37.960000,0.4,1.6
04/13/2025 08:33:03 pm,20.900,38.025000,0.4,1.6
04/13/2025 08:33:03 pm,20.950,38.115000,0.4,1.6
04/13/2025 08:33:04 pm,21.000,38.350000,0.5,1.7
04/13/2025 08:33:04 pm,21.050,38.525000,0.5,1.7
04/13/2025 08:33:04 pm,21.100,38.560000,0.4,1.7
04/13/2025 08:33:04 pm,21.150,38.700000,0.5,1.7
04/13/2025 08:33:04 pm,21.200,38.890000,0.5,1.7
04/13/2025 08:33:04 pm,21.250,38.985000,0.5,1.7
04/13/2025 08:33:04 pm,21.300,39.055000,0.5,1.7
04/13/2025 08:33:04 pm,21.350,39.105000,0.5,1.7
04/13/2025 08:33:04 pm,21.400,39.200000,0.5,1.7
04/13/2025 08:33:04 pm,21.450,39.285000,0.5,1.7
04/13/2025 08:33:04 pm,21.500,39.355000,0.5,1.7
04/13/2025 08:33:04 pm,21.550,39.430000,0.5,1.7
04/13/2025 08:33:04 pm,21.600,39.460000,0.5,1.7
04/13/2025 08:33:04 pm,21.650,39.485000,0.5,1.7
04/13/2025 08:33:04 pm,21.700,39.625000,0.5,1.7
04/13/2025 08:33:04 pm,21.750,39.700000,0.5,1.7
04/13/2025 08:33:04 pm,21.800,39.850000,0.5,1.7
04/13/2025 08:33:04 pm,21.850,40.015000,0.5,1.7
04/13/2025 08:33:04 pm,21.900,40.105000,0.5,1.7
04/13/2025 08:33:04 pm,21.950,40.210000,0.5,1.7
04/13/2025 08:33:05 pm,22.000,40.295000,0.5,1.7
04/13/2025 08:33:05 pm,22.050,40.415000,0.5,1.7
04/13/2025 08:33:05 pm,22.100,40.510000,0.5,1.7
04/13/2025 08:33:05 pm,22.150,40.560000,0.5,1.7
04/13/2025 08:33:05 pm,22.200,40.700000,0.5,1.7
04/13/2025 08:33:05 pm,22.250,40.915000,0.5,1.7
04/13/2025 08:33:05 pm,22.300,40.985000,0.5,1.7
04/13/2025 08:33:05 pm,22.350,40.990000,0.5,1.7
04/13/2025 08:33:05 pm,22.400,41.010000,0.4,1.6
04/13/2025 08:33:05 pm,22.450,41.040000,0.5,1.7
04/13/2025 08:33:05 pm,22.500,41.075000,0.5,1.7
04/13/2025 08:33:05 pm,22.550,41.175000,0.5,1.7
04/13/2025 08:33:05 pm,22.600,41.235000,0.5,1.7
04/13/2025 08:33:05 pm,22.650,41.295000,0.5,1.7
04/13/2025 08:33:05 pm,22.700,41.350000,0.5,1.7
04/13/2025 08:33:05 pm,22.750,41.480000,0.5,1.7
04/13/2025 08:33:05 pm,22.800,41.625000,0.5,1.7
04/13/2025 08:33:05 pm,22.850,41.780000,0.5,1.7
04/13/2025 08:33:05 pm,22.900,41.895000,0.5,1.7
04/13/2025 08:33:05 pm,22.950,41.975000,0.5,1.7
04/13/2025 08:33:06 pm,23.000,42.075000,0.4,1.6
04/13/2025 08:33:06 pm,23.050,42.200000,0.4,1.6
04/13/2025 08:33:06 pm,23.100,42.425000,0.4,1.6
04/13/2025 08:33:06 pm,23.150,42.565000,0.4,1.7
04/13/2025 08:33:06 pm,23.200,42.715000,0.4,1.6
04/13/2025 08:33:06 pm,23.250,42.770000,0.4,1.6
04/13/2025 08:33:06 pm,23.300,42.870000,0.4,1.6
04/13/2025 08:33:06 pm,23.350,42.970000,0.4,1.6
04/13/2025 08:33:06 pm,23.400,42.980000,0.4,1.6
04/13/2025 08:33:06 pm,23.450,43.025000,0.4,1.6
04/13/2025 08:33:06 pm,23.500,43.140000,0.4,1.6
04/13/2025 08:33:06 pm,23.550,43.250000,0.4,1.6
04/13/2025 08:33:06 pm,23.600,43.420000,0.4,1.6
04/13/2025 08:33:06 pm,23.650,43.600000,0.4,1.6
04/13/2025 08:33:06 pm,23.700,43.810000,0.4,1.6
04/13/2025 08:33:06 pm,23.750,44.105000,0.4,1.6
04/13/2025 08:33:06 pm,23.800,44.145000,0.4,1.6
04/13/2025 08:33:06 pm,23.850,44.195000,0.4,1.6
04/13/2025 08:33:06 pm,23.900,44.335000,0.4,1.6
04/13/2025 08:33:06 pm,23.950,44.370000,0.4,1.6
04/13/2025 08:33:07 pm,24.000,44.430000,0.4,1.6
04/13/2025 08:33:07 pm,24.050,44.560000,0.4,1.6
04/13/2025 08:33:07 pm,24.100,44.715000,0.4,1.6
04/13/2025 08:33:07 pm,24.150,44.780000,0.4,1.6
04/13/2025 08:33:07 pm,24.200,44.900000,0.4,1.6
04/13/2025 08:33:07 pm,24.250,44.990000,0.4,1.6
04/13/2025 08:33:07 pm,24.300,45.170000,0.4,1.6
04/13/2025 08:33:07 pm,24.350,45.285000,0.4,1.6
04/13/2025 08:33:07 pm,24.400,45.410000,0.4,1.6
04/13/2025 08:33:07 pm,24.450,45.570000,0.4,1.7
04/13/2025 08:33:07 pm,24.500,45.705000,0.4,1.6
04/13/2025 08:33:07 pm,24.550,45.925000,0.4,1.6
04/13/2025 08:33:07 pm,24.600,46.145000,0.4,1.6
04/13/2025 08:33:07 pm,24.650,46.305000,0.5,1.7
04/13/2025 08:33:07 pm,24.700,46.590000,0.5,1.7
04/13/2025 08:33:07 pm,24.750,46.930000,0.5,1.7
04/13/2025 08:33:07 pm,24.800,47.210000,0.5,1.7
04/13/2025 08:33:07 pm,24.850,47.365000,0.5,1.7
04/13/2025 08:33:07 pm,24.900,47.525000,0.5,1.7
04/13/2025 08:33:07 pm,24.950,47.640000,0.4,1.6
04/13/2025 08:33:08 pm,25.000,47.750000,0.5,1.7
04/13/2025 08:33:08 pm,25.050,47.880000,0.5,1.7
04/13/2025 08:33:08 pm,25.100,47.985000,0.5,1.7
04/13/2025 08:33:08 pm,25.150,48.040000,0.5,1.7
04/13/2025 08:33:08 pm,25.200,48.175000,0.5,1.7
04/13/2025 08:33:08 pm,25.250,48.265000,0.5,1.7
04/13/2025 08:33:08 pm,25.300,48.325000,0.5,1.7
04/13/2025 08:33:08 pm,25.350,48.365000,0.4,1.7
04/13/2025 08:33:08 pm,25.400,48.440000,0.4,1.6
04/13/2025 08:33:08 pm,25.450,48.520000,0.5,1.7
04/13/2025 08:33:08 pm,25.500,48.645000,0.5,1.7
04/13/2025 08:33:08 pm,25.550,48.745000,0.4,1.6
04/13/2025 08:33:08 pm,25.600,48.835000,0.4,1.6
04/13/2025 08:33:08 pm,25.650,48.925000,0.4,1.6
04/13/2025 08:33:08 pm,25.700,49.155000,0.4,1.6
04/13/2025 08:33:08 pm,25.750,49.330000,0.4,1.7
04/13/2025 08:33:08 pm,25.800,49.355000,0.4,1.6
04/13/2025 08:33:08 pm,25.850,49.360000,0.4,1.6
04/13/2025 08:33:08 pm,25.900,49.410000,0.4,1.6
04/13/2025 08:33:08 pm,25.950,49.500000,0.4,1.6
04/13/2025 08:33:09 pm,26.000,49.585000,0.4,1.6
04/13/2025 08:33:09 pm,26.050,49.665000,0.4,1.6
04/13/2025 08:33:09 pm,26.100,49.695000,0.4,1.6
04/13/2025 08:33:09 pm,26.150,49.740000,0.4,1.6
04/13/2025 08:33:09 pm,26.200,49.880000,0.4,1.6
04/13/2025 08:33:09 pm,26.250,49.985000,0.4,1.6
04/13/2025 08:33:09 pm,26.300,50.085000,0.4,1.6
04/13/2025 08:33:09 pm,26.350,50.235000,0.4,1.6
04/13/2025 08:33:09 pm,26.400,50.325000,0.4,1.6
04/13/2025 08:33:09 pm,26.450,50.415000,0.4,1.6
04/13/2025 08:33:09 pm,26.500,50.560000,0.5,1.7
04/13/2025 08:33:09 pm,26.550,50.650000,0.4,1.6
04/13/2025 08:33:09 pm,26.600,50.770000,0.4,1.6
04/13/2025 08:33:09 pm,26.650,50.845000,0.4,1.6
04/13/2025 08:33:09 pm,26.700,50.900000,0.4,1.6
04/13/2025 08:33:09 pm,26.750,50.975000,0.4,1.6
04/13/2025 08:33:09 pm,26.800,51.035000,0.4,1.6
04/13/2025 08:33:09 pm,26.850,51.100000,0.4,1.6
04/13/2025 08:33:09 pm,26.900,51.165000,0.4,1.6
04/13/2025 08:33:09 pm,26.950,51.275000,0.4,1.6
04/13/2025 08:33:10 pm,27.000,51.480000,0.4,1.6
04/13/2025 08:33:10 pm,27.050,51.810000,0.4,1.6
04/13/2025 08:33:10 pm,27.100,52.005000,0.4,1.6
04/13/2025 08:33:10 pm,27.150,52.105000,0.4,1.6
04/13/2025 08:33:10 pm,27.200,52.135000,0.4,1.6
04/13/2025 08:33:10 pm,27.250,52.135000,0.4,1.6
04/13/2025 08:33:10 pm,27.300,52.135000,0.4,1.6
04/13/2025 08:33:10 pm,27.350,52.160000,0.4,1.6
04/13/2025 08:33:10 pm,27.400,52.225000,0.4,1.6
04/13/2025 08:33:10 pm,27.450,52.275000,0.4,1.6
04/13/2025 08:33:10 pm,27.500,52.290000,0.4,1.6
04/13/2025 08:33:10 pm,27.550,52.355000,0.4,1.6
04/13/2025 08:33:10 pm,27.600,52.400000,0.4,1.6
04/13/2025 08:33:10 pm,27.650,52.485000,0.4,1.6
04/13/2025 08:33:10 pm,27.700,52.550000,0.4,1.6
04/13/2025 08:33:10 pm,27.750,52.610000,0.4,1.6
04/13/2025 08:33:10 pm,27.800,52.660000,0.4,1.6
04/13/2025 08:33:10 pm,27.850,52.715000,0.4,1.6
04/13/2025 08:33:10 pm,27.900,52.770000,0.4,1.6
04/13/2025 08:33:10 pm,27.950,52.820000,0.4,1.6
04/13/2025 08:33:11 pm,28.000,52.910000,0.4,1.6
04/13/2025 08:33:11 pm,28.050,52.985000,0.4,1.6
04/13/2025 08:33:11 pm,28.100,53.015000,0.4,1.7
04/13/2025 08:33:11 pm,28.150,53.090000,0.4,1.6
04/13/2025 08:33:11 pm,28.200,53.235000,0.4,1.6
04/13/2025 08:33:11 pm,28.250,53.295000,0.4,1.7
04/13/2025 08:33:11 pm,28.300,53.310000,0.4,1.7
04/13/2025 08:33:11 pm,28.350,53.310000,0.4,1.6
04/13/2025 08:33:11 pm,28.400,53.310000,0.4,1.7
04/13/2025 08:33:11 pm,28.450,53.405000,0.4,1.6
04/13/2025 08:33:11 pm,28.500,53.425000,0.4,1.7
04/13/2025 08:33:11 pm,28.550,53.425000,0.4,1.6
04/13/2025 08:33:11 pm,28.600,53.425000,0.4,1.6
04/13/2025 08:33:11 pm,28.650,53.425000,0.4,1.6
04/13/2025 08:33:11 pm,28.700,53.425000,0.4,1.6
04/13/2025 08:33:11 pm,28.750,53.425000,0.4,1.6
04/13/2025 08:33:11 pm,28.800,53.425000,0.4,1.6
04/13/2025 08:33:11 pm,28.850,53.465000,0.4,1.6
04/13/2025 08:33:11 pm,28.900,53.555000,0.4,1.6
04/13/2025 08:33:11 pm,28.950,53.895000,0.5,1.7
04/13/2025 08:33:12 pm,29.000,54.185000,0.4,1.6
04/13/2025 08:33:12 pm,29.050,54.205000,0.4,1.6
04/13/2025 08:33:12 pm,29.100,54.205000,0.4,1.6
04/13/2025 08:33:12 pm,29.150,54.205000,0.4,1.6
04/13/2025 08:33:12 pm,29.200,54.210000,0.4,1.6
04/13/2025 08:33:12 pm,29.250,54.390000,0.5,1.7
04/13/2025 08:33:12 pm,29.300,54.565000,0.4,1.6
04/13/2025 08:33:12 pm,29.350,54.605000,0.5,1.7
04/13/2025 08:33:12 pm,29.400,54.605000,0.4,1.7
04/13/2025 08:33:12 pm,29.450,54.635000,0.4,1.6
04/13/2025 08:33:12 pm,29.500,54.800000,0.5,1.7
04/13/2025 08:33:12 pm,29.550,54.935000,0.5,1.7
04/13/2025 08:33:12 pm,29.600,54.965000,0.4,1.6
04/13/2025 08:33:12 pm,29.650,55.055000,0.4,1.6
04/13/2025 08:33:12 pm,29.700,55.235000,0.4,1.7
04/13/2025 08:33:12 pm,29.750,55.335000,0.4,1.7
04/13/2025 08:33:12 pm,29.800,55.375000,0.4,1.6
04/13/2025 08:33:12 pm,29.850,55.600000,0.4,1.6
04/13/2025 08:33:12 pm,29.900,55.685000,0.4,1.6
04/13/2025 08:33:12 pm,29.950,55.725000,0.4,1.6
04/13/2025 08:33:13 pm,30.000,55.880000,0.4,1.6
04/13/2025 08:33:13 pm,30.050,55.935000,0.4,1.6
04/13/2025 08:33:13 pm,30.100,56.060000,0.4,1.7
04/13/2025 08:33:13 pm,30.150,56.265000,0.4,1.6
04/13/2025 08:33:13 pm,30.200,56.460000,0.4,1.6
04/13/2025 08:33:13 pm,30.250,56.655000,0.4,1.6
04/13/2025 08:33:13 pm,30.300,56.945000,0.4,1.6
04/13/2025 08:33:13 pm,30.350,57.120000,0.4,1.6
04/13/2025 08:33:13 pm,30.400,57.225000,0.4,1.6
04/13/2025 08:33:13 pm,30.450,57.380000,0.4,1.6
04/13/2025 08:33:13 pm,30.500,57.550000,0.4,1.6
04/13/2025 08:33:13 pm,30.550,57.665000,0.4,1.6
04/13/2025 08:33:13 pm,30.600,57.745000,0.4,1.6
04/13/2025 08:33:13 pm,30.650,57.845000,0.4,1.6
04/13/2025 08:33:13 pm,30.700,57.955000,0.4,1.6
04/13/2025 08:33:13 pm,30.750,58.060000,0.4,1.6
04/13/2025 08:33:13 pm,30.800,58.130000,0.4,1.6
04/13/2025 08:33:13 pm,30.850,58.180000,0.4,1.6
04/13/2025 08:33:13 pm,30.900,58.305000,0.4,1.6
04/13/2025 08:33:13 pm,30.950,58.460000,0.4,1.6
04/13/2025 08:33:14 pm,31.000,58.555000,0.4,1.6
04/13/2025 08:33:14 pm,31.050,58.660000,0.4,1.6
04/13/2025 08:33:14 pm,31.100,58.795000,0.4,1.6
04/13/2025 08:33:14 pm,31.150,58.930000,0.4,1.6
04/13/2025 08:33:14 pm,31.200,59.110000,0.4,1.6
04/13/2025 08:33:14 pm,31.250,59.310000,0.4,1.6
04/13/2025 08:33:14 pm,31.300,59.435000,0.4,1.6
04/13/2025 08:33:14 pm,31.350,59.520000,0.4,1.6
04/13/2025 08:33:14 pm,31.400,59.720000,0.4,1.6
04/13/2025 08:33:14 pm,31.450,59.935000,0.4,1.6
04/13/2025 08:33:14 pm,31.500,60.075000,0.4,1.6
04/13/2025 08:33:14 pm,31.550,60.135000,0.4,1.6
04/13/2025 08:33:14 pm,31.600,60.265000,0.4,1.6
04/13/2025 08:33:14 pm,31.650,60.330000,0.4,1.6
04/13/2025 08:33:14 pm,31.700,60.410000,0.4,1.6
04/13/2025 08:33:14 pm,31.750,60.515000,0.4,1.6
04/13/2025 08:33:14 pm,31.800,60.610000,0.4,1.6
04/13/2025 08:33:14 pm,31.850,60.745000,0.4,1.6
04/13/2025 08:33:14 pm,31.900,60.985000,0.4,1.6
04/13/2025 08:33:14 pm,31.950,61.095000,0.4,1.6
04/13/2025 08:33:15 pm,32.000,61.095000,0.4,1.6
04/13/2025 08:33:15 pm,32.050,61.095000,0.4,1.6
04/13/2025 08:33:15 pm,32.100,61.095000,0.4,1.6
04/13/2025 08:33:15 pm,32.150,61.120000,0.4,1.6
04/13/2025 08:33:15 pm,32.200,61.200000,0.4,1.6
04/13/2025 08:33:15 pm,32.250,61.280000,0.4,1.6
04/13/2025 08:33:15 pm,32.300,61.370000,0.4,1.6
04/13/2025 08:33:15 pm,32.350,61.420000,0.4,1.6
04/13/2025 08:33:15 pm,32.400,61.500000,0.4,1.6
04/13/2025 08:33:15 pm,32.450,61.505000,0.4,1.6
04/13/2025 08:33:15 pm,32.500,61.505000,0.4,1.7
04/13/2025 08:33:15 pm,32.550,61.505000,0.4,1.6
04/13/2025 08:33:15 pm,32.600,61.510000,0.4,1.6
04/13/2025 08:33:15 pm,32.650,61.625000,0.4,1.6
04/13/2025 08:33:15 pm,32.700,61.790000,0.4,1.6
04/13/2025 08:33:15 pm,32.750,61.975000,0.4,1.6
04/13/2025 08:33:15 pm,32.800,62.145000,0.4,1.6
04/13/2025 08:33:15 pm,32.850,62.265000,0.5,1.7
04/13/2025 08:33:15 pm,32.900,62.400000,0.4,1.6
04/13/2025 08:33:15 pm,32.950,62.515000,0.4,1.6
04/13/2025 08:33:16 pm,33.000,62.735000,0.4,1.6
04/13/2025 08:33:16 pm,33.050,62.860000,0.4,1.6
04/13/2025 08:33:16 pm,33.100,62.965000,0.4,1.6
04/13/2025 08:33:16 pm,33.150,63.135000,0.4,1.6
04/13/2025 08:33:16 pm,33.200,63.210000,0.4,1.7
04/13/2025 08:33:16 pm,33.250,63.300000,0.4,1.6
04/13/2025 08:33:16 pm,33.300,63.395000,0.4,1.6
04/13/2025 08:33:16 pm,33.350,63.400000,0.4,1.6
04/13/2025 08:33:16 pm,33.400,63.425000,0.4,1.6
04/13/2025 08:33:16 pm,33.450,63.435000,0.4,1.6
04/13/2025 08:33:16 pm,33.500,63.485000,0.4,1.6
04/13/2025 08:33:16 pm,33.550,63.645000,0.4,1.6
04/13/2025 08:33:16 pm,33.600,63.930000,0.4,1.6
04/13/2025 08:33:16 pm,33.650,64.235000,0.4,1.6
04/13/2025 08:33:16 pm,33.700,64.330000,0.4,1.6
04/13/2025 08:33:16 pm,33.750,64.420000,0.4,1.6
04/13/2025 08:33:16 pm,33.800,64.470000,0.4,1.6
04/13/2025 08:33:16 pm,33.850,64.620000,0.4,1.6
04/13/2025 08:33:16 pm,33.900,64.915000,0.4,1.6
04/13/2025 08:33:16 pm,33.950,65.210000,0.4,1.6
04/13/2025 08:33:17 pm,34.000,65.425000,0.4,1.6
04/13/2025 08:33:17 pm,34.050,65.535000,0.4,1.6
04/13/2025 08:33:17 pm,34.100,65.720000,0.4,1.6
04/13/2025 08:33:17 pm,34.150,65.865000,0.4,1.6
04/13/2025 08:33:17 pm,34.200,66.050000,0.4,1.6
04/13/2025 08:33:17 pm,34.250,66.240000,0.4,1.6
04/13/2025 08:33:17 pm,34.300,66.405000,0.4,1.6
04/13/2025 08:33:17 pm,34.350,66.510000,0.4,1.6
04/13/2025 08:33:17 pm,34.400,66.590000,0.4,1.6
04/13/2025 08:33:17 pm,34.450,66.790000,0.4,1.6
04/13/2025 08:33:17 pm,34.500,66.955000,0.4,1.6
04/13/2025 08:33:17 pm,34.550,67.205000,0.4,1.6
04/13/2025 08:33:17 pm,34.600,67.425000,0.4,1.6
04/13/2025 08:33:17 pm,34.650,67.585000,0.4,1.6
04/13/2025 08:33:17 pm,34.700,67.730000,0.4,1.6
04/13/2025 08:33:17 pm,34.750,68.025000,0.4,1.6
04/13/2025 08:33:17 pm,34.800,68.290000,0.4,1.6
04/13/2025 08:33:17 pm,34.850,68.440000,0.4,1.6
04/13/2025 08:33:17 pm,34.900,68.585000,0.4,1.6
04/13/2025 08:33:17 pm,34.950,68.710000,0.4,1.7
04/13/2025 08:33:18 pm,35.000,68.820000,0.4,1.6
04/13/2025 08:33:18 pm,35.050,68.995000,0.4,1.6
04/13/2025 08:33:18 pm,35.100,69.065000,0.4,1.6
04/13/2025 08:33:18 pm,35.150,69.125000,0.4,1.6
04/13/2025 08:33:18 pm,35.200,69.250000,0.4,1.6
04/13/2025 08:33:18 pm,35.250,69.380000,0.4,1.6
04/13/2025 08:33:18 pm,35.300,69.450000,0.4,1.6
04/13/2025 08:33:18 pm,35.350,69.595000,0.4,1.6
04/13/2025 08:33:18 pm,35.400,69.785000,0.4,1.6
04/13/2025 08:33:18 pm,35.450,69.935000,0.4,1.6
04/13/2025 08:33:18 pm,35.500,70.150000,0.4,1.6
04/13/2025 08:33:18 pm,35.550,70.310000,0.4,1.6
04/13/2025 08:33:18 pm,35.600,70.425000,0.4,1.6
04/13/2025 08:33:18 pm,35.650,70.530000,0.4,1.6
04/13/2025 08:33:18 pm,35.700,70.635000,0.4,1.6
04/13/2025 08:33:18 pm,35.750,70.665000,0.4,1.6
04/13/2025 08:33:18 pm,35.800,70.690000,0.4,1.6
04/13/2025 08:33:18 pm,35.850,70.715000,0.4,1.6
04/13/2025 08:33:18 pm,35.900,70.760000,0.4,1.6
04/13/2025 08:33:18 pm,35.950,70.760000,0.4,1.6
04/13/2025 08:33:19 pm,36.000,70.770000,0.4,1.6
04/13/2025 08:33:19 pm,36.050,70.800000,0.4,1.6
04/13/2025 08:33:19 pm,36.100,70.865000,0.4,1.6
04/13/2025 08:33:19 pm,36.150,71.025000,0.4,1.6
04/13/2025 08:33:19 pm,36.200,71.065000,0.4,1.6
04/13/2025 08:33:19 pm,36.250,71.070000,0.4,1.6
04/13/2025 08:33:19 pm,36.300,71.090000,0.4,1.6
04/13/2025 08:33:19 pm,36.350,71.150000,0.4,1.6
04/13/2025 08:33:19 pm,36.400,71.220000,0.4,1.6
04/13/2025 08:33:19 pm,36.450,71.370000,0.4,1.6
04/13/2025 08:33:19 pm,36.500,71.470000,0.4,1.6
04/13/2025 08:33:19 pm,36.550,71.545000,0.4,1.6
04/13/2025 08:33:19 pm,36.600,71.640000,0.4,1.6
04/13/2025 08:33:19 pm,36.650,71.715000,0.4,1.6
04/13/2025 08:33:19 pm,36.700,71.830000,0.4,1.6
04/13/2025 08:33:19 pm,36.750,71.955000,0.4,1.6
04/13/2025 08:33:19 pm,36.800,72.090000,0.4,1.6
04/13/2025 08:33:19 pm,36.850,72.260000,0.4,1.6
04/13/2025 08:33:19 pm,36.900,72.360000,0.4,1.6
04/13/2025 08:33:19 pm,36.950,72.510000,0.4,1.6
04/13/2025 08:33:20 pm,37.000,72.655000,0.4,1.6
04/13/2025 08:33:20 pm,37.050,72.740000,0.4,1.6
04/13/2025 08:33:20 pm,37.100,72.845000,0.4,1.6
04/13/2025 08:33:20 pm,37.150,72.860000,0.4,1.6
04/13/2025 08:33:20 pm,37.200,72.885000,0.4,1.6
04/13/2025 08:33:20 pm,37.250,72.905000,0.4,1.6
04/13/2025 08:33:20 pm,37.300,72.930000,0.4,1.6
04/13/2025 08:33:20 pm,37.350,73.045000,0.4,1.6
04/13/2025 08:33:20 pm,37.400,73.300000,0.4,1.6
04/13/2025 08:33:20 pm,37.450,73.500000,0.4,1.6
04/13/2025 08:33:20 pm,37.500,73.520000,0.4,1.6
04/13/2025 08:33:20 pm,37.550,73.520000,0.4,1.6
04/13/2025 08:33:20 pm,37.600,73.520000,0.4,1.6
04/13/2025 08:33:20 pm,37.650,73.520000,0.4,1.6
04/13/2025 08:33:20 pm,37.700,73.520000,0.4,1.6
04/13/2025 08:33:20 pm,37.750,73.520000,0.4,1.6
04/13/2025 08:33:20 pm,37.800,73.520000,0.4,1.6
04/13/2025 08:33:20 pm,37.850,73.525000,0.4,1.6
04/13/2025 08:33:20 pm,37.900,73.630000,0.4,1.6
04/13/2025 08:33:20 pm,37.950,73.730000,0.4,1.6
04/13/2025 08:33:21 pm,38.000,73.740000,0.4,1.6
04/13/2025 08:33:21 pm,38.050,73.750000,0.4,1.6
04/13/2025 08:33:21 pm,38.100,74.010000,0.4,1.6
04/13/2025 08:33:21 pm,38.150,74.285000,0.4,1.6
04/13/2025 08:33:21 pm,38.200,74.745000,0.4,1.6
04/13/2025 08:33:21 pm,38.250,74.905000,0.4,1.6
04/13/2025 08:33:21 pm,38.300,74.905000,0.4,1.6
04/13/2025 08:33:21 pm,38.350,74.905000,0.4,1.6
04/13/2025 08:33:21 pm,38.400,74.905000,0.4,1.6
04/13/2025 08:33:21 pm,38.450,74.905000,0.4,1.6
04/13/2025 08:33:21 pm,38.500,74.905000,0.4,1.6
04/13/2025 08:33:21 pm,38.550,74.905000,0.4,1.6
04/13/2025 08:33:21 pm,38.600,75.085000,0.4,1.6
04/13/2025 08:33:21 pm,38.650,75.670000,0.4,1.6
04/13/2025 08:33:21 pm,38.700,75.960000,0.4,1.6
04/13/2025 08:33:21 pm,38.750,76.070000,0.4,1.6
04/13/2025 08:33:21 pm,38.800,76.115000,0.4,1.6
04/13/2025 08:33:21 pm,38.850,76.445000,0.4,1.6
04/13/2025 08:33:21 pm,38.900,76.605000,0.4,1.6
04/13/2025 08:33:21 pm,38.950,76.665000,0.4,1.6
04/13/2025 08:33:22 pm,39.000,76.850000,0.4,1.6
04/13/2025 08:33:22 pm,39.050,76.985000,0.4,1.6
04/13/2025 08:33:22 pm,39.100,77.090000,0.4,1.6
04/13/2025 08:33:22 pm,39.150,77.150000,0.4,1.6
04/13/2025 08:33:22 pm,39.200,77.240000,0.4,1.6
04/13/2025 08:33:22 pm,39.250,77.300000,0.4,1.6
04/13/2025 08:33:22 pm,39.300,77.370000,0.4,1.6
04/13/2025 08:33:22 pm,39.350,77.410000,0.4,1.6
04/13/2025 08:33:22 pm,39.400,77.455000,0.4,1.6
04/13/2025 08:33:22 pm,39.450,77.470000,0.4,1.6
04/13/2025 08:33:22 pm,39.500,77.470000,0.4,1.6
04/13/2025 08:33:22 pm,39.550,77.470000,0.4,1.6
04/13/2025 08:33:22 pm,39.600,77.475000,0.4,1.6
04/13/2025 08:33:22 pm,39.650,77.635000,0.4,1.6
04/13/2025 08:33:22 pm,39.700,78.030000,0.4,1.6
04/13/2025 08:33:22 pm,39.750,78.175000,0.4,1.6
04/13/2025 08:33:22 pm,39.800,78.270000,0.4,1.6
04/13/2025 08:33:22 pm,39.850,78.370000,0.4,1.6
04/13/2025 08:33:22 pm,39.900,78.555000,0.4,1.6
04/13/2025 08:33:22 pm,39.950,78.675000,0.4,1.6
04/13/2025 08:33:23 pm,40.000,78.750000,0.4,1.6
04/13/2025 08:33:23 pm,40.050,78.840000,0.4,1.6
04/13/2025 08:33:23 pm,40.100,79.035000,0.4,1.6
04/13/2025 08:33:23 pm,40.150,79.230000,0.4,1.6
04/13/2025 08:33:23 pm,40.200,79.360000,0.4,1.6
04/13/2025 08:33:23 pm,40.250,79.565000,0.4,1.6
04/13/2025 08:33:23 pm,40.300,79.785000,0.4,1.6
04/13/2025 08:33:23 pm,40.350,79.945000,0.4,1.6
04/13/2025 08:33:23 pm,40.400,80.140000,0.4,1.6
04/13/2025 08:33:23 pm,40.450,80.140000,0.4,1.6
04/13/2025 08:33:23 pm,40.500,80.140000,0.4,1.6
04/13/2025 08:33:23 pm,40.550,80.140000,0.4,1.6
04/13/2025 08:33:23 pm,40.600,80.140000,0.4,1.6
04/13/2025 08:33:23 pm,40.650,80.145000,0.4,1.6
04/13/2025 08:33:23 pm,40.700,80.280000,0.4,1.6
04/13/2025 08:33:23 pm,40.750,80.345000,0.4,1.6
04/13/2025 08:33:23 pm,40.800,80.385000,0.4,1.6
04/13/2025 08:33:23 pm,40.850,80.530000,0.4,1.6
04/13/2025 08:33:23 pm,40.900,80.550000,0.4,1.6
04/13/2025 08:33:23 pm,40.950,80.570000,0.4,1.6
04/13/2025 08:33:24 pm,41.000,80.705000,0.4,1.6
04/13/2025 08:33:24 pm,41.050,80.715000,0.4,1.6
04/13/2025 08:33:24 pm,41.100,80.735000,0.4,1.6
04/13/2025 08:33:24 pm,41.150,80.865000,0.4,1.6
04/13/2025 08:33:24 pm,41.200,80.920000,0.4,1.6
04/13/2025 08:33:24 pm,41.250,80.965000,0.4,1.6
04/13/2025 08:33:24 pm,41.300,81.000000,0.4,1.6
04/13/2025 08:33:24 pm,41.350,81.010000,0.4,1.6
04/13/2025 08:33:24 pm,41.400,81.020000,0.4,1.6
04/13/2025 08:33:24 pm,41.450,81.095000,0.4,1.6
04/13/2025 08:33:24 pm,41.500,81.140000,0.4,1.6
04/13/2025 08:33:24 pm,41.550,81.195000,0.4,1.6
04/13/2025 08:33:24 pm,41.600,81.325000,0.4,1.6
04/13/2025 08:33:24 pm,41.650,81.425000,0.4,1.6
04/13/2025 08:33:24 pm,41.700,81.450000,0.4,1.6
04/13/2025 08:33:24 pm,41.750,81.475000,0.4,1.6
04/13/2025 08:33:24 pm,41.800,81.555000,0.4,1.6
04/13/2025 08:33:24 pm,41.850,81.690000,0.4,1.6
04/13/2025 08:33:24 pm,41.900,81.775000,0.4,1.6
04/13/2025 08:33:24 pm,41.950,81.875000,0.4,1.6
04/13/2025 08:33:25 pm,42.000,81.890000,0.4,1.6
04/13/2025 08:33:25 pm,42.050,81.985000,0.4,1.6
04/13/2025 08:33:25 pm,42.100,82.075000,0.4,1.6
04/13/2025 08:33:25 pm,42.150,82.155000,0.4,1.6
04/13/2025 08:33:25 pm,42.200,82.265000,0.4,1.6
04/13/2025 08:33:25 pm,42.250,82.370000,0.4,1.6
04/13/2025 08:33:25 pm,42.300,82.550000,0.4,1.6
04/13/2025 08:33:25 pm,42.350,82.665000,0.4,1.6
04/13/2025 08:33:25 pm,42.400,82.800000,0.4,1.6
04/13/2025 08:33:25 pm,42.450,82.955000,0.4,1.6
04/13/2025 08:33:25 pm,42.500,83.020000,0.4,1.6
04/13/2025 08:33:25 pm,42.550,83.035000,0.4,1.6
04/13/2025 08:33:25 pm,42.600,83.080000,0.4,1.6
04/13/2025 08:33:25 pm,42.650,83.105000,0.4,1.6
04/13/2025 08:33:25 pm,42.700,83.120000,0.4,1.6
04/13/2025 08:33:25 pm,42.750,83.285000,0.4,1.6
04/13/2025 08:33:25 pm,42.800,83.415000,0.4,1.6
04/13/2025 08:33:25 pm,42.850,83.550000,0.4,1.6
04/13/2025 08:33:25 pm,42.900,83.555000,0.4,1.6
04/13/2025 08:33:25 pm,42.950,83.555000,0.4,1.6
04/13/2025 08:33:26 pm,43.000,83.555000,0.4,1.6
04/13/2025 08:33:26 pm,43.050,83.565000,0.4,1.6
04/13/2025 08:33:26 pm,43.100,83.625000,0.4,1.6
04/13/2025 08:33:26 pm,43.150,83.865000,0.4,1.6
04/13/2025 08:33:26 pm,43.200,84.020000,0.4,1.6
04/13/2025 08:33:26 pm,43.250,84.055000,0.4,1.6
04/13/2025 08:33:26 pm,43.300,84.080000,0.4,1.6
04/13/2025 08:33:26 pm,43.350,84.140000,0.4,1.6
04/13/2025 08:33:26 pm,43.400,84.195000,0.4,1.6
04/13/2025 08:33:26 pm,43.450,84.355000,0.4,1.6
04/13/2025 08:33:26 pm,43.500,84.550000,0.4,1.6
04/13/2025 08:33:26 pm,43.550,84.795000,0.4,1.6
04/13/2025 08:33:26 pm,43.600,84.970000,0.4,1.6
04/13/2025 08:33:26 pm,43.650,85.090000,0.4,1.6
04/13/2025 08:33:26 pm,43.700,85.270000,0.4,1.6
04/13/2025 08:33:26 pm,43.750,85.520000,0.4,1.6
04/13/2025 08:33:26 pm,43.800,85.905000,0.4,1.6
04/13/2025 08:33:26 pm,43.850,86.225000,0.4,1.6
04/13/2025 08:33:26 pm,43.900,86.380000,0.4,1.6
04/13/2025 08:33:26 pm,43.950,86.565000,0.4,1.6
04/13/2025 08:33:27 pm,44.000,86.670000,0.4,1.6
04/13/2025 08:33:27 pm,44.050,86.695000,0.4,1.6
04/13/2025 08:33:27 pm,44.100,86.815000,0.4,1.6
04/13/2025 08:33:27 pm,44.150,86.855000,0.4,1.6
04/13/2025 08:33:27 pm,44.200,86.900000,0.4,1.6
04/13/2025 08:33:27 pm,44.250,87.000000,0.4,1.6
04/13/2025 08:33:27 pm,44.300,87.165000,0.4,1.6
04/13/2025 08:33:27 pm,44.350,87.190000,0.4,1.6
04/13/2025 08:33:27 pm,44.400,87.200000,0.4,1.6
04/13/2025 08:33:27 pm,44.450,87.215000,0.4,1.6
04/13/2025 08:33:27 pm,44.500,87.225000,0.4,1.6
04/13/2025 08:33:27 pm,44.550,87.345000,0.4,1.6
04/13/2025 08:33:27 pm,44.600,87.485000,0.4,1.6
04/13/2025 08:33:27 pm,44.650,87.490000,0.4,1.6
04/13/2025 08:33:27 pm,44.700,87.520000,0.4,1.6
04/13/2025 08:33:27 pm,44.750,87.525000,0.4,1.6
04/13/2025 08:33:27 pm,44.800,87.545000,0.4,1.6
04/13/2025 08:33:27 pm,44.850,87.550000,0.4,1.6
04/13/2025 08:33:27 pm,44.900,87.555000,0.4,1.6
04/13/2025 08:33:27 pm,44.950,87.555000,0.4,1.6
04/13/2025 08:33:28 pm,45.000,87.570000,0.4,1.6
04/13/2025 08:33:28 pm,45.050,87.570000,0.4,1.6
04/13/2025 08:33:28 pm,45.100,87.580000,0.4,1.6
04/13/2025 08:33:28 pm,45.150,87.590000,0.4,1.6
04/13/2025 08:33:28 pm,45.200,87.600000,0.4,1.6
04/13/2025 08:33:28 pm,45.250,87.615000,0.4,1.6
04/13/2025 08:33:28 pm,45.300,87.615000,0.4,1.6
04/13/2025 08:33:28 pm,45.350,87.615000,0.4,1.6
04/13/2025 08:33:28 pm,45.400,87.610000,0.4,1.6
04/13/2025 08:33:28 pm,45.450,87.585000,0.4,1.6
04/13/2025 08:33:28 pm,45.500,87.570000,0.4,1.6
04/13/2025 08:33:28 pm,45.550,87.565000,0.4,1.6
04/13/2025 08:33:28 pm,45.600,87.565000,0.4,1.6
04/13/2025 08:33:28 pm,45.650,87.565000,0.4,1.6
04/13/2025 08:33:28 pm,45.700,87.565000,0.4,1.6
04/13/2025 08:33:28 pm,45.750,87.565000,0.4,1.6
04/13/2025 08:33:28 pm,45.800,87.565000,0.4,1.6
04/13/2025 08:33:28 pm,45.850,87.520000,0.4,1.6
04/13/2025 08:33:28 pm,45.900,87.400000,0.4,1.6
04/13/2025 08:33:28 pm,45.950,87.375000,0.4,1.6
04/13/2025 08:33:29 pm,46.000,87.265000,0.4,1.6
04/13/2025 08:33:29 pm,46.050,87.050000,0.4,1.6
04/13/2025 08:33:29 pm,46.100,86.760000,0.4,1.6
04/13/2025 08:33:29 pm,46.150,86.645000,0.4,1.6
04/13/2025 08:33:29 pm,46.200,86.535000,0.4,1.6
04/13/2025 08:33:29 pm,46.250,86.445000,0.4,1.6
04/13/2025 08:33:29 pm,46.300,86.365000,0.4,1.6
04/13/2025 08:33:29 pm,46.350,86.260000,0.4,1.6
04/13/2025 08:33:29 pm,46.400,86.150000,0.5,1.7
04/13/2025 08:33:29 pm,46.450,86.065000,0.4,1.6
04/13/2025 08:33:29 pm,46.500,85.960000,0.4,1.6
04/13/2025 08:33:29 pm,46.550,85.860000,0.4,1.6
04/13/2025 08:33:29 pm,46.600,85.705000,0.4,1.6
04/13/2025 08:33:29 pm,46.650,85.580000,0.4,1.6
04/13/2025 08:33:29 pm,46.700,85.485000,0.4,1.6
04/13/2025 08:33:29 pm,46.750,85.335000,0.4,1.6
04/13/2025 08:33:29 pm,46.800,85.205000,0.4,1.6
04/13/2025 08:33:29 pm,46.850,85.025000,0.4,1.6
04/13/2025 08:33:29 pm,46.900,84.835000,0.4,1.6
04/13/2025 08:33:29 pm,46.950,84.575000,0.4,1.6
04/13/2025 08:33:30 pm,47.000,84.320000,0.4,1.6
04/13/2025 08:33:30 pm,47.050,84.080000,0.4,1.6
04/13/2025 08:33:30 pm,47.100,83.960000,0.4,1.6
04/13/2025 08:33:30 pm,47.150,83.755000,0.4,1.6
04/13/2025 08:33:30 pm,47.200,83.605000,0.4,1.6
04/13/2025 08:33:30 pm,47.250,83.470000,0.4,1.6
04/13/2025 08:33:30 pm,47.300,83.060000,0.4,1.6
04/13/2025 08:33:30 pm,47.350,82.910000,0.4,1.6
04/13/2025 08:33:30 pm,47.400,82.800000,0.4,1.6
04/13/2025 08:33:30 pm,47.450,82.510000,0.4,1.6
04/13/2025 08:33:30 pm,47.500,82.455000,0.4,1.6
04/13/2025 08:33:30 pm,47.550,82.425000,0.4,1.6
04/13/2025 08:33:30 pm,47.600,82.380000,0.4,1.6
04/13/2025 08:33:30 pm,47.650,82.380000,0.4,1.6
04/13/2025 08:33:30 pm,47.700,82.385000,0.4,1.6
04/13/2025 08:33:30 pm,47.750,82.385000,0.4,1.6
04/13/2025 08:33:30 pm,47.800,82.390000,0.4,1.6
04/13/2025 08:33:30 pm,47.850,82.390000,0.4,1.6
04/13/2025 08:33:30 pm,47.900,82.390000,0.4,1.6
04/13/2025 08:33:30 pm,47.950,82.390000,0.4,1.6
04/13/2025 08:33:31 pm,48.000,82.390000,0.4,1.6
04/13/2025 08:33:31 pm,48.050,82.390000,0.4,1.6
04/13/2025 08:33:31 pm,48.100,82.390000,0.4,1.6
04/13/2025 08:33:31 pm,48.150,82.385000,0.4,1.6
04/13/2025 08:33:31 pm,48.200,82.375000,0.4,1.6
04/13/2025 08:33:31 pm,48.250,82.280000,0.4,1.6
04/13/2025 08:33:31 pm,48.300,82.065000,0.4,1.6
04/13/2025 08:33:31 pm,48.350,81.980000,0.4,1.6
04/13/2025 08:33:31 pm,48.400,81.840000,0.4,1.6
04/13/2025 08:33:31 pm,48.450,81.685000,0.4,1.6
04/13/2025 08:33:31 pm,48.500,81.510000,0.4,1.6
04/13/2025 08:33:31 pm,48.550,81.325000,0.4,1.6
04/13/2025 08:33:31 pm,48.600,81.145000,0.4,1.6
04/13/2025 08:33:31 pm,48.650,80.980000,0.4,1.6
04/13/2025 08:33:31 pm,48.700,80.730000,0.4,1.6
04/13/2025 08:33:31 pm,48.750,80.490000,0.4,1.6
04/13/2025 08:33:31 pm,48.800,80.430000,0.4,1.6
04/13/2025 08:33:31 pm,48.850,80.255000,0.4,1.6
04/13/2025 08:33:31 pm,48.900,80.095000,0.4,1.6
04/13/2025 08:33:31 pm,48.950,79.810000,0.4,1.6
04/13/2025 08:33:32 pm,49.000,79.625000,0.4,1.6
04/13/2025 08:33:32 pm,49.050,79.620000,0.4,1.6
04/13/2025 08:33:32 pm,49.100,79.510000,0.4,1.6
04/13/2025 08:33:32 pm,49.150,79.410000,0.4,1.6
04/13/2025 08:33:32 pm,49.200,79.405000,0.4,1.6
04/13/2025 08:33:32 pm,49.250,79.335000,0.4,1.6
04/13/2025 08:33:32 pm,49.300,79.315000,0.4,1.6
04/13/2025 08:33:32 pm,49.350,79.315000,0.4,1.6
04/13/2025 08:33:32 pm,49.400,79.315000,0.4,1.6
04/13/2025 08:33:32 pm,49.450,79.315000,0.4,1.6
04/13/2025 08:33:32 pm,49.500,79.315000,0.4,1.6
04/13/2025 08:33:32 pm,49.550,79.315000,0.4,1.6
04/13/2025 08:33:32 pm,49.600,79.260000,0.4,1.6
04/13/2025 08:33:32 pm,49.650,78.940000,0.4,1.6
04/13/2025 08:33:32 pm,49.700,78.595000,0.4,1.6
04/13/2025 08:33:32 pm,49.750,78.565000,0.4,1.6
04/13/2025 08:33:32 pm,49.800,78.465000,0.4,1.6
04/13/2025 08:33:32 pm,49.850,78.345000,0.4,1.6
04/13/2025 08:33:32 pm,49.900,78.295000,0.4,1.6
04/13/2025 08:33:32 pm,49.950,78.165000,0.4,1.6
04/13/2025 08:33:33 pm,50.000,78.090000,0.4,1.6
04/13/2025 08:33:33 pm,50.050,77.995000,0.4,1.6
04/13/2025 08:33:33 pm,50.100,77.810000,0.4,1.6
04/13/2025 08:33:33 pm,50.150,77.670000,0.4,1.6
04/13/2025 08:33:33 pm,50.200,77.440000,0.4,1.6
04/13/2025 08:33:33 pm,50.250,77.290000,0.4,1.6
04/13/2025 08:33:33 pm,50.300,77.225000,0.4,1.6
04/13/2025 08:33:33 pm,50.350,77.015000,0.4,1.6
04/13/2025 08:33:33 pm,50.400,76.840000,0.4,1.6
04/13/2025 08:33:33 pm,50.450,76.750000,0.4,1.6
04/13/2025 08:33:33 pm,50.500,76.735000,0.4,1.6
04/13/2025 08:33:33 pm,50.550,76.620000,0.4,1.6
04/13/2025 08:33:33 pm,50.600,76.390000,0.4,1.6
04/13/2025 08:33:33 pm,50.650,76.355000,0.4,1.6
04/13/2025 08:33:33 pm,50.700,76.325000,0.4,1.6
04/13/2025 08:33:33 pm,50.750,76.270000,0.4,1.6
04/13/2025 08:33:33 pm,50.800,76.235000,0.4,1.6
04/13/2025 08:33:33 pm,50.850,76.150000,0.4,1.6
04/13/2025 08:33:33 pm,50.900,76.065000,0.4,1.6
04/13/2025 08:33:33 pm,50.950,75.985000,0.4,1.6
04/13/2025 08:33:34 pm,51.000,75.900000,0.4,1.6
04/13/2025 08:33:34 pm,51.050,75.765000,0.4,1.6
04/13/2025 08:33:34 pm,51.100,75.670000,0.4,1.6
04/13/2025 08:33:34 pm,51.150,75.610000,0.4,1.6
04/13/2025 08:33:34 pm,51.200,75.440000,0.4,1.6
04/13/2025 08:33:34 pm,51.250,75.325000,0.4,1.6
04/13/2025 08:33:34 pm,51.300,75.275000,0.4,1.6
04/13/2025 08:33:34 pm,51.350,75.195000,0.4,1.6
04/13/2025 08:33:34 pm,51.400,75.150000,0.4,1.6
04/13/2025 08:33:34 pm,51.450,75.150000,0.4,1.6
04/13/2025 08:33:34 pm,51.500,75.080000,0.4,1.6
04/13/2025 08:33:34 pm,51.550,74.810000,0.4,1.6
04/13/2025 08:33:34 pm,51.600,74.685000,0.4,1.6
04/13/2025 08:33:34 pm,51.650,74.410000,0.4,1.6
04/13/2025 08:33:34 pm,51.700,74.145000,0.4,1.6
04/13/2025 08:33:34 pm,51.750,74.145000,0.4,1.6
04/13/2025 08:33:34 pm,51.800,74.145000,0.4,1.6
04/13/2025 08:33:34 pm,51.850,74.145000,0.4,1.6
04/13/2025 08:33:34 pm,51.900,74.145000,0.4,1.6
04/13/2025 08:33:34 pm,51.950,74.140000,0.4,1.6
04/13/2025 08:33:35 pm,52.000,73.965000,0.4,1.6
04/13/2025 08:33:35 pm,52.050,73.735000,0.4,1.6
04/13/2025 08:33:35 pm,52.100,73.520000,0.4,1.6
04/13/2025 08:33:35 pm,52.150,73.300000,0.4,1.6
04/13/2025 08:33:35 pm,52.200,73.205000,0.4,1.6
04/13/2025 08:33:35 pm,52.250,73.115000,0.4,1.6
04/13/2025 08:33:35 pm,52.300,73.030000,0.4,1.6
04/13/2025 08:33:35 pm,52.350,72.850000,0.4,1.6
04/13/2025 08:33:35 pm,52.400,72.725000,0.4,1.6
04/13/2025 08:33:35 pm,52.450,72.605000,0.4,1.6
04/13/2025 08:33:35 pm,52.500,72.520000,0.4,1.6
04/13/2025 08:33:35 pm,52.550,72.435000,0.4,1.6
04/13/2025 08:33:35 pm,52.600,72.375000,0.4,1.6
04/13/2025 08:33:35 pm,52.650,72.240000,0.4,1.6
04/13/2025 08:33:35 pm,52.700,72.180000,0.4,1.6
04/13/2025 08:33:35 pm,52.750,72.140000,0.4,1.6
04/13/2025 08:33:35 pm,52.800,72.005000,0.4,1.6
04/13/2025 08:33:35 pm,52.850,71.905000,0.4,1.6
04/13/2025 08:33:35 pm,52.900,71.785000,0.4,1.6
04/13/2025 08:33:35 pm,52.950,71.675000,0.4,1.6
04/13/2025 08:33:36 pm,53.000,71.625000,0.4,1.6
04/13/2025 08:33:36 pm,53.050,71.520000,0.4,1.6
04/13/2025 08:33:36 pm,53.100,71.385000,0.4,1.6
04/13/2025 08:33:36 pm,53.150,71.205000,0.4,1.6
04/13/2025 08:33:36 pm,53.200,71.050000,0.4,1.6
04/13/2025 08:33:36 pm,53.250,70.895000,0.4,1.6
04/13/2025 08:33:36 pm,53.300,70.710000,0.4,1.6
04/13/2025 08:33:36 pm,53.350,70.545000,0.4,1.6
04/13/2025 08:33:36 pm,53.400,70.405000,0.4,1.6
04/13/2025 08:33:36 pm,53.450,70.285000,0.4,1.6
04/13/2025 08:33:36 pm,53.500,70.265000,0.4,1.6
04/13/2025 08:33:36 pm,53.550,70.250000,0.4,1.6
04/13/2025 08:33:36 pm,53.600,70.215000,0.4,1.6
04/13/2025 08:33:36 pm,53.650,70.140000,0.4,1.6
04/13/2025 08:33:36 pm,53.700,70.060000,0.4,1.6
04/13/2025 08:33:36 pm,53.750,69.915000,0.4,1.6
04/13/2025 08:33:36 pm,53.800,69.810000,0.4,1.6
04/13/2025 08:33:36 pm,53.850,69.700000,0.4,1.6
04/13/2025 08:33:36 pm,53.900,69.575000,0.4,1.6
04/13/2025 08:33:36 pm,53.950,69.505000,0.4,1.6
04/13/2025 08:33:37 pm,54.000,69.390000,0.4,1.6
04/13/2025 08:33:37 pm,54.050,69.280000,0.4,1.6
04/13/2025 08:33:37 pm,54.100,69.160000,0.4,1.6
04/13/2025 08:33:37 pm,54.150,69.015000,0.4,1.6
04/13/2025 08:33:37 pm,54.200,68.845000,0.4,1.6
04/13/2025 08:33:37 pm,54.250,68.705000,0.4,1.6
04/13/2025 08:33:37 pm,54.300,68.515000,0.4,1.6
04/13/2025 08:33:37 pm,54.350,68.380000,0.4,1.6
04/13/2025 08:33:37 pm,54.400,68.235000,0.5,1.7
04/13/2025 08:33:37 pm,54.450,68.165000,0.4,1.6
04/13/2025 08:33:37 pm,54.500,68.115000,0.4,1.6
04/13/2025 08:33:37 pm,54.550,68.060000,0.4,1.6
04/13/2025 08:33:37 pm,54.600,68.005000,0.4,1.6
04/13/2025 08:33:37 pm,54.650,67.940000,0.4,1.6
04/13/2025 08:33:37 pm,54.700,67.870000,0.4,1.6
04/13/2025 08:33:37 pm,54.750,67.820000,0.4,1.6
04/13/2025 08:33:37 pm,54.800,67.745000,0.4,1.6
04/13/2025 08:33:37 pm,54.850,67.630000,0.4,1.6
04/13/2025 08:33:37 pm,54.900,67.440000,0.4,1.6
04/13/2025 08:33:37 pm,54.950,67.300000,0.4,1.6
04/13/2025 08:33:38 pm,55.000,67.270000,0.4,1.6
04/13/2025 08:33:38 pm,55.050,67.145000,0.4,1.6
04/13/2025 08:33:38 pm,55.100,67.015000,0.4,1.6
04/13/2025 08:33:38 pm,55.150,66.950000,0.4,1.6
04/13/2025 08:33:38 pm,55.200,66.860000,0.4,1.6
04/13/2025 08:33:38 pm,55.250,66.820000,0.4,1.6
04/13/2025 08:33:38 pm,55.300,66.770000,0.4,1.6
04/13/2025 08:33:38 pm,55.350,66.745000,0.4,1.6
04/13/2025 08:33:38 pm,55.400,66.705000,0.4,1.6
04/13/2025 08:33:38 pm,55.450,66.635000,0.4,1.6
04/13/2025 08:33:38 pm,55.500,66.520000,0.4,1.6
04/13/2025 08:33:38 pm,55.550,66.485000,0.4,1.6
04/13/2025 08:33:38 pm,55.600,66.460000,0.4,1.6
04/13/2025 08:33:38 pm,55.650,66.425000,0.4,1.6
04/13/2025 08:33:38 pm,55.700,66.420000,0.4,1.6
04/13/2025 08:33:38 pm,55.750,66.380000,0.4,1.6
04/13/2025 08:33:38 pm,55.800,66.350000,0.4,1.6
04/13/2025 08:33:38 pm,55.850,66.350000,0.4,1.6
04/13/2025 08:33:38 pm,55.900,66.330000,0.4,1.6
04/13/2025 08:33:38 pm,55.950,66.305000,0.4,1.6
04/13/2025 08:33:39 pm,56.000,66.280000,0.4,1.6
04/13/2025 08:33:39 pm,56.050,66.255000,0.4,1.6
04/13/2025 08:33:39 pm,56.100,66.240000,0.4,1.6
04/13/2025 08:33:39 pm,56.150,66.220000,0.4,1.6
04/13/2025 08:33:39 pm,56.200,66.220000,0.4,1.6
04/13/2025 08:33:39 pm,56.250,66.220000,0.4,1.6
04/13/2025 08:33:39 pm,56.300,66.215000,0.4,1.6
04/13/2025 08:33:39 pm,56.350,66.215000,0.4,1.6
04/13/2025 08:33:39 pm,56.400,66.215000,0.4,1.6
04/13/2025 08:33:39 pm,56.450,66.215000,0.4,1.6
04/13/2025 08:33:39 pm,56.500,66.215000,0.4,1.6
04/13/2025 08:33:39 pm,56.550,66.215000,0.4,1.6
04/13/2025 08:33:39 pm,56.600,66.215000,0.4,1.6
04/13/2025 08:33:39 pm,56.650,66.215000,0.4,1.6
04/13/2025 08:33:39 pm,56.700,66.210000,0.4,1.6
04/13/2025 08:33:39 pm,56.750,66.115000,0.4,1.6
04/13/2025 08:33:39 pm,56.800,66.025000,0.4,1.6
04/13/2025 08:33:39 pm,56.850,66.015000,0.4,1.6
04/13/2025 08:33:39 pm,56.900,66.000000,0.4,1.6
04/13/2025 08:33:39 pm,56.950,65.955000,0.4,1.6
04/13/2025 08:33:40 pm,57.000,65.850000,0.4,1.6
04/13/2025 08:33:40 pm,57.050,65.695000,0.4,1.6
04/13/2025 08:33:40 pm,57.100,65.520000,0.4,1.6
04/13/2025 08:33:40 pm,57.150,65.440000,0.4,1.6
04/13/2025 08:33:40 pm,57.200,65.325000,0.4,1.6
04/13/2025 08:33:40 pm,57.250,65.230000,0.4,1.6
04/13/2025 08:33:40 pm,57.300,65.160000,0.4,1.6
04/13/2025 08:33:40 pm,57.350,65.035000,0.4,1.6
04/13/2025 08:33:40 pm,57.400,64.935000,0.4,1.6
04/13/2025 08:33:40 pm,57.450,64.845000,0.4,1.6
04/13/2025 08:33:40 pm,57.500,64.810000,0.4,1.6
04/13/2025 08:33:40 pm,57.550,64.730000,0.4,1.6
04/13/2025 08:33:40 pm,57.600,64.605000,0.4,1.6
04/13/2025 08:33:40 pm,57.650,64.540000,0.4,1.6
04/13/2025 08:33:40 pm,57.700,64.340000,0.4,1.6
04/13/2025 08:33:40 pm,57.750,64.155000,0.4,1.6
04/13/2025 08:33:40 pm,57.800,64.025000,0.4,1.6
04/13/2025 08:33:40 pm,57.850,63.800000,0.4,1.6
04/13/2025 08:33:40 pm,57.900,63.485000,0.4,1.6
04/13/2025 08:33:40 pm,57.950,63.215000,0.4,1.6
04/13/2025 08:33:41 pm,58.000,63.065000,0.4,1.6
04/13/2025 08:33:41 pm,58.050,62.960000,0.4,1.6
04/13/2025 08:33:41 pm,58.100,62.880000,0.4,1.6
04/13/2025 08:33:41 pm,58.150,62.775000,0.4,1.6
04/13/2025 08:33:41 pm,58.200,62.685000,0.4,1.6
04/13/2025 08:33:41 pm,58.250,62.585000,0.4,1.6
04/13/2025 08:33:41 pm,58.300,62.420000,0.4,1.6
04/13/2025 08:33:41 pm,58.350,62.310000,0.4,1.6
04/13/2025 08:33:41 pm,58.400,62.190000,0.4,1.6
04/13/2025 08:33:41 pm,58.450,62.045000,0.4,1.6
04/13/2025 08:33:41 pm,58.500,61.925000,0.4,1.6
04/13/2025 08:33:41 pm,58.550,61.825000,0.4,1.6
04/13/2025 08:33:41 pm,58.600,61.670000,0.4,1.6
04/13/2025 08:33:41 pm,58.650,61.530000,0.4,1.6
04/13/2025 08:33:41 pm,58.700,61.365000,0.4,1.6
04/13/2025 08:33:41 pm,58.750,61.215000,0.4,1.6
04/13/2025 08:33:41 pm,58.800,61.095000,0.4,1.6
04/13/2025 08:33:41 pm,58.850,60.935000,0.4,1.6
04/13/2025 08:33:41 pm,58.900,60.805000,0.4,1.6
04/13/2025 08:33:41 pm,58.950,60.710000,0.4,1.6
04/13/2025 08:33:42 pm,59.000,60.610000,0.4,1.6
04/13/2025 08:33:42 pm,59.050,60.555000,0.4,1.6
04/13/2025 08:33:42 pm,59.100,60.500000,0.4,1.6
04/13/2025 08:33:42 pm,59.150,60.425000,0.4,1.6
04/13/2025 08:33:42 pm,59.200,60.345000,0.4,1.6
04/13/2025 08:33:42 pm,59.250,60.245000,0.4,1.6
04/13/2025 08:33:42 pm,59.300,60.200000,0.4,1.6
04/13/2025 08:33:42 pm,59.350,60.150000,0.4,1.6
04/13/2025 08:33:42 pm,59.400,60.095000,0.4,1.6
04/13/2025 08:33:42 pm,59.450,60.030000,0.4,1.6
04/13/2025 08:33:42 pm,59.500,59.965000,0.4,1.6
04/13/2025 08:33:42 pm,59.550,59.855000,0.4,1.6
04/13/2025 08:33:42 pm,59.600,59.785000,0.4,1.6
04/13/2025 08:33:42 pm,59.650,59.680000,0.4,1.6
04/13/2025 08:33:42 pm,59.700,59.615000,0.4,1.6
04/13/2025 08:33:42 pm,59.750,59.520000,0.4,1.6
04/13/2025 08:33:42 pm,59.800,59.455000,0.4,1.6
04/13/2025 08:33:42 pm,59.850,59.380000,0.4,1.6
04/13/2025 08:33:42 pm,59.900,59.265000,0.4,1.6
04/13/2025 08:33:42 pm,59.950,59.100000,0.4,1.6
04/13/2025 08:33:43 pm,60.000,58.920000,0.4,1.6
04/13/2025 08:33:43 pm,60.050,58.735000,0.4,1.6
04/13/2025 08:33:43 pm,60.100,58.595000,0.4,1.6
04/13/2025 08:33:43 pm,60.150,58.425000,0.4,1.6
04/13/2025 08:33:43 pm,60.200,58.330000,0.4,1.6
04/13/2025 08:33:43 pm,60.250,58.270000,0.4,1.6
04/13/2025 08:33:43 pm,60.300,58.155000,0.4,1.6
04/13/2025 08:33:43 pm,60.350,58.035000,0.4,1.6
04/13/2025 08:33:43 pm,60.400,57.935000,0.4,1.6
04/13/2025 08:33:43 pm,60.450,57.860000,0.4,1.6
04/13/2025 08:33:43 pm,60.500,57.765000,0.4,1.6
04/13/2025 08:33:43 pm,60.550,57.660000,0.4,1.6
04/13/2025 08:33:43 pm,60.600,57.585000,0.4,1.6
04/13/2025 08:33:43 pm,60.650,57.520000,0.4,1.6
04/13/2025 08:33:43 pm,60.700,57.465000,0.4,1.6
04/13/2025 08:33:43 pm,60.750,57.370000,0.4,1.6
04/13/2025 08:33:43 pm,60.800,57.300000,0.4,1.6
04/13/2025 08:33:43 pm,60.850,57.200000,0.4,1.6
04/13/2025 08:33:43 pm,60.900,57.055000,0.4,1.6
04/13/2025 08:33:43 pm,60.950,56.915000,0.4,1.6
04/13/2025 08:33:44 pm,61.000,56.820000,0.4,1.6
04/13/2025 08:33:44 pm,61.050,56.725000,0.4,1.6
04/13/2025 08:33:44 pm,61.100,56.625000,0.4,1.6
04/13/2025 08:33:44 pm,61.150,56.555000,0.4,1.6
04/13/2025 08:33:44 pm,61.200,56.485000,0.4,1.6
04/13/2025 08:33:44 pm,61.250,56.415000,0.4,1.6
04/13/2025 08:33:44 pm,61.300,56.350000,0.4,1.6
04/13/2025 08:33:44 pm,61.350,56.320000,0.4,1.6
04/13/2025 08:33:44 pm,61.400,56.280000,0.4,1.6
04/13/2025 08:33:44 pm,61.450,56.165000,0.4,1.6
04/13/2025 08:33:44 pm,61.500,56.075000,0.4,1.6
04/13/2025 08:33:44 pm,61.550,56.055000,0.4,1.6
04/13/2025 08:33:44 pm,61.600,55.950000,0.4,1.6
04/13/2025 08:33:44 pm,61.650,55.860000,0.4,1.6
04/13/2025 08:33:44 pm,61.700,55.800000,0.4,1.6
04/13/2025 08:33:44 pm,61.750,55.735000,0.4,1.6
04/13/2025 08:33:44 pm,61.800,55.660000,0.4,1.6
04/13/2025 08:33:44 pm,61.850,55.605000,0.5,1.7
04/13/2025 08:33:44 pm,61.900,55.550000,0.4,1.6
04/13/2025 08:33:44 pm,61.950,55.505000,0.4,1.6
04/13/2025 08:33:45 pm,62.000,55.440000,0.4,1.7
04/13/2025 08:33:45 pm,62.050,55.365000,0.4,1.6
04/13/2025 08:33:45 pm,62.100,55.350000,0.4,1.6
04/13/2025 08:33:45 pm,62.150,55.310000,0.4,1.7
04/13/2025 08:33:45 pm,62.200,55.250000,0.4,1.6
04/13/2025 08:33:45 pm,62.250,55.205000,0.4,1.7
04/13/2025 08:33:45 pm,62.300,55.165000,0.4,1.6
04/13/2025 08:33:45 pm,62.350,55.110000,0.5,1.7
04/13/2025 08:33:45 pm,62.400,55.040000,0.4,1.7
04/13/2025 08:33:45 pm,62.450,54.940000,0.4,1.6
04/13/2025 08:33:45 pm,62.500,54.935000,0.4,1.7
04/13/2025 08:33:45 pm,62.550,54.925000,0.4,1.6
04/13/2025 08:33:45 pm,62.600,54.865000,0.4,1.6
04/13/2025 08:33:45 pm,62.650,54.845000,0.4,1.6
04/13/2025 08:33:45 pm,62.700,54.710000,0.4,1.6
04/13/2025 08:33:45 pm,62.750,54.655000,0.4,1.6
04/13/2025 08:33:45 pm,62.800,54.570000,0.4,1.6
04/13/2025 08:33:45 pm,62.850,54.405000,0.4,1.7
04/13/2025 08:33:45 pm,62.900,54.305000,0.5,1.7
04/13/2025 08:33:45 pm,62.950,54.265000,0.5,1.7
04/13/2025 08:33:46 pm,63.000,54.105000,0.4,1.6
04/13/2025 08:33:46 pm,63.050,53.910000,0.4,1.6
04/13/2025 08:33:46 pm,63.100,53.720000,0.4,1.7
04/13/2025 08:33:46 pm,63.150,53.560000,0.4,1.6
04/13/2025 08:33:46 pm,63.200,53.270000,0.4,1.7
04/13/2025 08:33:46 pm,63.250,53.040000,0.4,1.6
04/13/2025 08:33:46 pm,63.300,52.895000,0.4,1.6
04/13/2025 08:33:46 pm,63.350,52.810000,0.4,1.6
04/13/2025 08:33:46 pm,63.400,52.725000,0.4,1.6
04/13/2025 08:33:46 pm,63.450,52.580000,0.4,1.6
04/13/2025 08:33:46 pm,63.500,52.365000,0.4,1.6
04/13/2025 08:33:46 pm,63.550,52.210000,0.4,1.6
04/13/2025 08:33:46 pm,63.600,52.015000,0.4,1.6
04/13/2025 08:33:46 pm,63.650,51.825000,0.4,1.6
04/13/2025 08:33:46 pm,63.700,51.600000,0.4,1.6
04/13/2025 08:33:46 pm,63.750,51.345000,0.4,1.6
04/13/2025 08:33:46 pm,63.800,51.060000,0.4,1.6
04/13/2025 08:33:46 pm,63.850,50.925000,0.4,1.6
04/13/2025 08:33:46 pm,63.900,50.785000,0.4,1.6
04/13/2025 08:33:46 pm,63.950,50.615000,0.4,1.6
04/13/2025 08:33:47 pm,64.000,50.485000,0.4,1.6
04/13/2025 08:33:47 pm,64.050,50.350000,0.4,1.6
04/13/2025 08:33:47 pm,64.100,50.250000,0.4,1.6
04/13/2025 08:33:47 pm,64.150,50.125000,0.4,1.6
04/13/2025 08:33:47 pm,64.200,49.960000,0.4,1.6
04/13/2025 08:33:47 pm,64.250,49.845000,0.4,1.6
04/13/2025 08:33:47 pm,64.300,49.775000,0.4,1.6
04/13/2025 08:33:47 pm,64.350,49.705000,0.4,1.6
04/13/2025 08:33:47 pm,64.400,49.640000,0.4,1.6
04/13/2025 08:33:47 pm,64.450,49.530000,0.4,1.6
04/13/2025 08:33:47 pm,64.500,49.350000,0.4,1.6
04/13/2025 08:33:47 pm,64.550,49.235000,0.4,1.6
04/13/2025 08:33:47 pm,64.600,49.080000,0.4,1.6
04/13/2025 08:33:47 pm,64.650,48.885000,0.5,1.7
04/13/2025 08:33:47 pm,64.700,48.755000,0.4,1.7
04/13/2025 08:33:47 pm,64.750,48.640000,0.4,1.6
04/13/2025 08:33:47 pm,64.800,48.430000,0.4,1.7
04/13/2025 08:33:47 pm,64.850,48.265000,0.5,1.7
04/13/2025 08:33:47 pm,64.900,48.150000,0.5,1.7
04/13/2025 08:33:47 pm,64.950,48.050000,0.5,1.7
04/13/2025 08:33:48 pm,65.000,48.000000,0.4,1.7
04/13/2025 08:33:48 pm,65.050,47.895000,0.5,1.7
04/13/2025 08:33:48 pm,65.100,47.765000,0.5,1.7
04/13/2025 08:33:48 pm,65.150,47.690000,0.5,1.7
04/13/2025 08:33:48 pm,65.200,47.635000,0.4,1.7
04/13/2025 08:33:48 pm,65.250,47.570000,0.5,1.7
04/13/2025 08:33:48 pm,65.300,47.505000,0.5,1.7
04/13/2025 08:33:48 pm,65.350,47.420000,0.5,1.7
04/13/2025 08:33:48 pm,65.400,47.385000,0.5,1.7
04/13/2025 08:33:48 pm,65.450,47.310000,0.4,1.6
04/13/2025 08:33:48 pm,65.500,47.305000,0.4,1.7
04/13/2025 08:33:48 pm,65.550,47.205000,0.4,1.7
04/13/2025 08:33:48 pm,65.600,47.170000,0.5,1.7
04/13/2025 08:33:48 pm,65.650,47.125000,0.5,1.7
04/13/2025 08:33:48 pm,65.700,47.035000,0.4,1.7
04/13/2025 08:33:48 pm,65.750,47.020000,0.4,1.6
04/13/2025 08:33:48 pm,65.800,46.995000,0.5,1.7
04/13/2025 08:33:48 pm,65.850,46.925000,0.5,1.7
04/13/2025 08:33:48 pm,65.900,46.920000,0.5,1.7
04/13/2025 08:33:48 pm,65.950,46.920000,0.4,1.6
04/13/2025 08:33:49 pm,66.000,46.920000,0.5,1.7
04/13/2025 08:33:49 pm,66.050,46.920000,0.5,1.7
04/13/2025 08:33:49 pm,66.100,46.925000,0.5,1.7
04/13/2025 08:33:49 pm,66.150,46.925000,0.4,1.6
04/13/2025 08:33:49 pm,66.200,46.925000,0.5,1.7
04/13/2025 08:33:49 pm,66.250,46.925000,0.5,1.7
04/13/2025 08:33:49 pm,66.300,46.925000,0.5,1.7
04/13/2025 08:33:49 pm,66.350,46.925000,0.5,1.7
04/13/2025 08:33:49 pm,66.400,46.920000,0.5,1.7
04/13/2025 08:33:49 pm,66.450,46.920000,0.5,1.7
04/13/2025 08:33:49 pm,66.500,46.920000,0.5,1.7
04/13/2025 08:33:49 pm,66.550,46.920000,0.5,1.7
04/13/2025 08:33:49 pm,66.600,46.920000,0.5,1.7
04/13/2025 08:33:49 pm,66.650,46.920000,0.4,1.6
04/13/2025 08:33:49 pm,66.700,46.920000,0.4,1.6
04/13/2025 08:33:49 pm,66.750,46.920000,0.5,1.7
04/13/2025 08:33:49 pm,66.800,46.920000,0.5,1.7
04/13/2025 08:33:49 pm,66.850,46.920000,0.5,1.7
04/13/2025 08:33:49 pm,66.900,46.920000,0.5,1.7
04/13/2025 08:33:49 pm,66.950,46.920000,0.4,1.7
04/13/2025 08:33:50 pm,67.000,46.920000,0.4,1.6
04/13/2025 08:33:50 pm,67.050,46.920000,0.5,1.7
04/13/2025 08:33:50 pm,67.100,46.920000,0.5,1.7
04/13/2025 08:33:50 pm,67.150,46.920000,0.4,1.7
04/13/2025 08:33:50 pm,67.200,46.920000,0.5,1.7
04/13/2025 08:33:50 pm,67.250,46.920000,0.5,1.7
04/13/2025 08:33:50 pm,67.300,46.920000,0.4,1.6
04/13/2025 08:33:50 pm,67.350,46.920000,0.5,1.7
04/13/2025 08:33:50 pm,67.400,46.920000,0.5,1.7
04/13/2025 08:33:50 pm,67.450,46.920000,0.5,1.7
04/13/2025 08:33:50 pm,67.500,46.920000,0.4,1.7
04/13/2025 08:33:50 pm,67.550,46.920000,0.5,1.7
04/13/2025 08:33:50 pm,67.600,46.920000,0.5,1.7
04/13/2025 08:33:50 pm,67.650,46.920000,0.5,1.7
04/13/2025 08:33:50 pm,67.700,46.920000,0.5,1.7
04/13/2025 08:33:50 pm,67.750,46.920000,0.5,1.7
04/13/2025 08:33:50 pm,67.800,46.905000,0.5,1.7
04/13/2025 08:33:50 pm,67.850,46.860000,0.4,1.6
04/13/2025 08:33:50 pm,67.900,46.850000,0.5,1.7
04/13/2025 08:33:50 pm,67.950,46.850000,0.5,1.7
04/13/2025 08:33:51 pm,68.000,46.765000,0.4,1.7
04/13/2025 08:33:51 pm,68.050,46.725000,0.5,1.7
04/13/2025 08:33:51 pm,68.100,46.725000,0.4,1.7
04/13/2025 08:33:51 pm,68.150,46.680000,0.5,1.7
04/13/2025 08:33:51 pm,68.200,46.620000,0.4,1.6
04/13/2025 08:33:51 pm,68.250,46.555000,0.5,1.7
04/13/2025 08:33:51 pm,68.300,46.470000,0.4,1.6
04/13/2025 08:33:51 pm,68.350,46.445000,0.5,1.7
04/13/2025 08:33:51 pm,68.400,46.410000,0.4,1.6
04/13/2025 08:33:51 pm,68.450,46.390000,0.5,1.7
04/13/2025 08:33:51 pm,68.500,46.370000,0.4,1.6
04/13/2025 08:33:51 pm,68.550,46.325000,0.4,1.6
04/13/2025 08:33:51 pm,68.600,46.255000,0.4,1.6
04/13/2025 08:33:51 pm,68.650,46.205000,0.5,1.7
04/13/2025 08:33:51 pm,68.700,46.205000,0.5,1.7
04/13/2025 08:33:51 pm,68.750,46.205000,0.4,1.6
04/13/2025 08:33:51 pm,68.800,46.205000,0.4,1.6
04/13/2025 08:33:51 pm,68.850,46.205000,0.4,1.7
04/13/2025 08:33:51 pm,68.900,46.205000,0.4,1.6
04/13/2025 08:33:51 pm,68.950,46.205000,0.4,1.7
04/13/2025 08:33:52 pm,69.000,46.205000,0.4,1.7
04/13/2025 08:33:52 pm,69.050,46.205000,0.4,1.6
04/13/2025 08:33:52 pm,69.100,46.205000,0.5,1.7
04/13/2025 08:33:52 pm,69.150,46.205000,0.4,1.7
04/13/2025 08:33:52 pm,69.200,46.205000,0.5,1.7
04/13/2025 08:33:52 pm,69.250,46.205000,0.5,1.7
04/13/2025 08:33:52 pm,69.300,46.205000,0.4,1.6
04/13/2025 08:33:52 pm,69.350,46.205000,0.5,1.7
04/13/2025 08:33:52 pm,69.400,46.205000,0.4,1.7
04/13/2025 08:33:52 pm,69.450,46.185000,0.4,1.6
04/13/2025 08:33:52 pm,69.500,46.155000,0.4,1.6
04/13/2025 08:33:52 pm,69.550,46.140000,0.4,1.7
04/13/2025 08:33:52 pm,69.600,46.140000,0.4,1.7
04/13/2025 08:33:52 pm,69.650,46.115000,0.4,1.6
04/13/2025 08:33:52 pm,69.700,46.080000,0.4,1.6
04/13/2025 08:33:52 pm,69.750,46.050000,0.4,1.6
04/13/2025 08:33:52 pm,69.800,46.020000,0.5,1.7
04/13/2025 08:33:52 pm,69.850,46.005000,0.4,1.7
04/13/2025 08:33:52 pm,69.900,46.005000,0.4,1.7
04/13/2025 08:33:52 pm,69.950,45.970000,0.5,1.7
04/13/2025 08:33:53 pm,70.000,45.900000,0.4,1.6
04/13/2025 08:33:53 pm,70.050,45.870000,0.5,1.7
04/13/2025 08:33:53 pm,70.100,45.870000,0.4,1.6
04/13/2025 08:33:53 pm,70.150,45.825000,0.4,1.6
04/13/2025 08:33:53 pm,70.200,45.785000,0.4,1.6
04/13/2025 08:33:53 pm,70.250,45.785000,0.4,1.6
04/13/2025 08:33:53 pm,70.300,45.785000,0.4,1.6
04/13/2025 08:33:53 pm,70.350,45.785000,0.4,1.6
04/13/2025 08:33:53 pm,70.400,45.785000,0.4,1.6
04/13/2025 08:33:53 pm,70.450,45.785000,0.4,1.7
04/13/2025 08:33:53 pm,70.500,45.785000,0.4,1.6
04/13/2025 08:33:53 pm,70.550,45.785000,0.4,1.6
04/13/2025 08:33:53 pm,70.600,45.785000,0.4,1.6
04/13/2025 08:33:53 pm,70.650,45.765000,0.4,1.6
04/13/2025 08:33:53 pm,70.700,45.700000,0.5,1.7
04/13/2025 08:33:53 pm,70.750,45.605000,0.4,1.6
04/13/2025 08:33:53 pm,70.800,45.480000,0.4,1.6
04/13/2025 08:33:53 pm,70.850,45.315000,0.4,1.6
04/13/2025 08:33:53 pm,70.900,45.070000,0.4,1.7
04/13/2025 08:33:53 pm,70.950,44.825000,0.4,1.6
04/13/2025 08:33:54 pm,71.000,44.590000,0.4,1.6
04/13/2025 08:33:54 pm,71.050,44.415000,0.4,1.6
04/13/2025 08:33:54 pm,71.100,44.290000,0.4,1.6
04/13/2025 08:33:54 pm,71.150,44.065000,0.4,1.6
04/13/2025 08:33:54 pm,71.200,43.705000,0.4,1.6
04/13/2025 08:33:54 pm,71.250,43.385000,0.4,1.6
04/13/2025 08:33:54 pm,71.300,43.160000,0.4,1.6
04/13/2025 08:33:54 pm,71.350,42.820000,0.4,1.6
04/13/2025 08:33:54 pm,71.400,42.505000,0.4,1.6
04/13/2025 08:33:54 pm,71.450,42.320000,0.4,1.6
04/13/2025 08:33:54 pm,71.500,42.020000,0.4,1.7
04/13/2025 08:33:54 pm,71.550,41.685000,0.5,1.7
04/13/2025 08:33:54 pm,71.600,41.475000,0.4,1.7
04/13/2025 08:33:54 pm,71.650,41.255000,0.5,1.7
04/13/2025 08:33:54 pm,71.700,40.965000,0.5,1.7
04/13/2025 08:33:54 pm,71.750,40.565000,0.5,1.7
04/13/2025 08:33:54 pm,71.800,40.175000,0.5,1.7
04/13/2025 08:33:54 pm,71.850,39.850000,0.5,1.7
04/13/2025 08:33:54 pm,71.900,39.610000,0.5,1.7
04/13/2025 08:33:54 pm,71.950,39.345000,0.5,1.7
04/13/2025 08:33:55 pm,72.000,39.015000,0.5,1.7
04/13/2025 08:33:55 pm,72.050,38.740000,0.5,1.7
04/13/2025 08:33:55 pm,72.100,38.545000,0.5,1.7
04/13/2025 08:33:55 pm,72.150,38.280000,0.4,1.6
04/13/2025 08:33:55 pm,72.200,38.010000,0.4,1.7
04/13/2025 08:33:55 pm,72.250,37.665000,0.4,1.6
04/13/2025 08:33:55 pm,72.300,37.585000,0.4,1.6
04/13/2025 08:33:55 pm,72.350,37.525000,0.4,1.6
04/13/2025 08:33:55 pm,72.400,37.475000,0.4,1.6
04/13/2025 08:33:55 pm,72.450,37.415000,0.4,1.6
04/13/2025 08:33:55 pm,72.500,37.300000,0.4,1.6
04/13/2025 08:33:55 pm,72.550,37.265000,0.4,1.6
04/13/2025 08:33:55 pm,72.600,37.215000,0.4,1.6
04/13/2025 08:33:55 pm,72.650,37.165000,0.4,1.6
04/13/2025 08:33:55 pm,72.700,37.090000,0.4,1.6
04/13/2025 08:33:55 pm,72.750,37.005000,0.4,1.6
04/13/2025 08:33:55 pm,72.800,36.910000,0.4,1.6
04/13/2025 08:33:55 pm,72.850,36.810000,0.4,1.6
04/13/2025 08:33:55 pm,72.900,36.650000,0.4,1.6
04/13/2025 08:33:55 pm,72.950,36.495000,0.4,1.6
04/13/2025 08:33:56 pm,73.000,36.390000,0.4,1.6
04/13/2025 08:33:56 pm,73.050,36.235000,0.4,1.6
04/13/2025 08:33:56 pm,73.100,35.960000,0.4,1.6
04/13/2025 08:33:56 pm,73.150,35.830000,0.4,1.6
04/13/2025 08:33:56 pm,73.200,35.695000,0.4,1.6
04/13/2025 08:33:56 pm,73.250,35.580000,0.4,1.6
04/13/2025 08:33:56 pm,73.300,35.475000,0.4,1.6
04/13/2025 08:33:56 pm,73.350,35.255000,0.4,1.7
04/13/2025 08:33:56 pm,73.400,35.155000,0.4,1.6
04/13/2025 08:33:56 pm,73.450,34.975000,0.5,1.7
04/13/2025 08:33:56 pm,73.500,34.870000,0.5,1.7
04/13/2025 08:33:56 pm,73.550,34.570000,0.5,1.7
04/13/2025 08:33:56 pm,73.600,34.185000,0.5,1.7
04/13/2025 08:33:56 pm,73.650,33.970000,0.5,1.7
04/13/2025 08:33:56 pm,73.700,33.645000,0.5,1.7
04/13/2025 08:33:56 pm,73.750,33.260000,0.5,1.7
04/13/2025 08:33:56 pm,73.800,32.935000,0.5,1.7
04/13/2025 08:33:56 pm,73.850,32.600000,0.5,1.7
04/13/2025 08:33:56 pm,73.900,32.220000,0.5,1.7
04/13/2025 08:33:56 pm,73.950,31.885000,0.5,1.7
04/13/2025 08:33:57 pm,74.000,31.595000,0.5,1.7
04/13/2025 08:33:57 pm,74.050,31.215000,0.5,1.7
04/13/2025 08:33:57 pm,74.100,30.925000,0.5,1.7
04/13/2025 08:33:57 pm,74.150,30.625000,0.4,1.6
04/13/2025 08:33:57 pm,74.200,30.375000,0.4,1.6
04/13/2025 08:33:57 pm,74.250,30.155000,0.4,1.6
04/13/2025 08:33:57 pm,74.300,29.905000,0.4,1.6
04/13/2025 08:33:57 pm,74.350,29.595000,0.4,1.6
04/13/2025 08:33:57 pm,74.400,29.305000,0.4,1.6
04/13/2025 08:33:57 pm,74.450,29.055000,0.4,1.6
04/13/2025 08:33:57 pm,74.500,28.690000,0.4,1.6
04/13/2025 08:33:57 pm,74.550,28.350000,0.4,1.6
04/13/2025 08:33:57 pm,74.600,28.250000,0.4,1.7
04/13/2025 08:33:57 pm,74.650,28.145000,0.5,1.7
04/13/2025 08:33:57 pm,74.700,28.095000,0.5,1.7
04/13/2025 08:33:57 pm,74.750,27.965000,0.5,1.7
04/13/2025 08:33:57 pm,74.800,27.920000,0.5,1.7
04/13/2025 08:33:57 pm,74.850,27.920000,0.4,1.7
04/13/2025 08:33:57 pm,74.900,27.830000,0.5,1.7
04/13/2025 08:33:57 pm,74.950,27.785000,0.5,1.7
04/13/2025 08:33:58 pm,75.000,27.785000,0.5,1.7
04/13/2025 08:33:58 pm,75.050,27.750000,0.5,1.7
04/13/2025 08:33:58 pm,75.100,27.605000,0.5,1.7
04/13/2025 08:33:58 pm,75.150,27.540000,0.5,1.7
04/13/2025 08:33:58 pm,75.200,27.520000,0.5,1.7
04/13/2025 08:33:58 pm,75.250,27.365000,0.5,1.7
04/13/2025 08:33:58 pm,75.300,27.170000,0.5,1.7
04/13/2025 08:33:58 pm,75.350,26.985000,0.5,1.7
04/13/2025 08:33:58 pm,75.400,26.690000,0.5,1.7
04/13/2025 08:33:58 pm,75.450,26.435000,0.5,1.7
04/13/2025 08:33:58 pm,75.500,26.285000,0.5,1.7
04/13/2025 08:33:58 pm,75.550,26.105000,0.5,1.7
04/13/2025 08:33:58 pm,75.600,25.870000,0.5,1.7
04/13/2025 08:33:58 pm,75.650,25.700000,0.5,1.7
04/13/2025 08:33:58 pm,75.700,25.480000,0.5,1.7
04/13/2025 08:33:58 pm,75.750,25.315000,0.5,1.7
04/13/2025 08:33:58 pm,75.800,24.995000,0.5,1.7
04/13/2025 08:33:58 pm,75.850,24.655000,0.5,1.7
04/13/2025 08:33:58 pm,75.900,24.275000,0.5,1.7
04/13/2025 08:33:58 pm,75.950,23.705000,0.5,1.7
04/13/2025 08:33:59 pm,76.000,23.285000,0.4,1.7
04/13/2025 08:33:59 pm,76.050,22.885000,0.4,1.6
04/13/2025 08:33:59 pm,76.100,22.480000,0.4,1.6
04/13/2025 08:33:59 pm,76.150,21.855000,0.5,1.7
04/13/2025 08:33:59 pm,76.200,21.510000,0.5,1.7
04/13/2025 08:33:59 pm,76.250,21.305000,0.5,1.7
04/13/2025 08:33:59 pm,76.300,20.995000,0.5,1.7
04/13/2025 08:33:59 pm,76.350,20.785000,0.5,1.7
04/13/2025 08:33:59 pm,76.400,20.535000,0.5,1.7
04/13/2025 08:33:59 pm,76.450,20.185000,0.5,1.7
04/13/2025 08:33:59 pm,76.500,19.865000,0.5,1.7
04/13/2025 08:33:59 pm,76.550,19.425000,0.6,1.7
04/13/2025 08:33:59 pm,76.600,19.100000,0.6,1.8
04/13/2025 08:33:59 pm,76.650,18.685000,0.6,1.8
04/13/2025 08:33:59 pm,76.700,18.570000,0.6,1.8
04/13/2025 08:33:59 pm,76.750,18.380000,0.6,1.8
04/13/2025 08:33:59 pm,76.800,18.260000,0.6,1.8
04/13/2025 08:33:59 pm,76.850,18.150000,0.6,1.8
04/13/2025 08:33:59 pm,76.900,17.965000,0.6,1.8
04/13/2025 08:33:59 pm,76.950,17.890000,0.6,1.8
04/13/2025 08:34:00 pm,77.000,17.730000,0.6,1.8
04/13/2025 08:34:00 pm,77.050,17.625000,0.6,1.8
04/13/2025 08:34:00 pm,77.100,17.425000,0.6,1.7
04/13/2025 08:34:00 pm,77.150,17.215000,0.5,1.7
04/13/2025 08:34:00 pm,77.200,17.090000,0.5,1.7
04/13/2025 08:34:00 pm,77.250,17.090000,0.5,1.7
04/13/2025 08:34:00 pm,77.300,17.090000,0.5,1.7
04/13/2025 08:34:00 pm,77.350,17.090000,0.5,1.7
04/13/2025 08:34:00 pm,77.400,17.090000,0.5,1.7
04/13/2025 08:34:00 pm,77.450,17.090000,0.5,1.7
04/13/2025 08:34:00 pm,77.500,17.085000,0.5,1.7
04/13/2025 08:34:00 pm,77.550,17.050000,0.5,1.7
04/13/2025 08:34:00 pm,77.600,16.965000,0.5,1.7
04/13/2025 08:34:00 pm,77.650,16.830000,0.5,1.7
04/13/2025 08:34:00 pm,77.700,16.660000,0.5,1.7
04/13/2025 08:34:00 pm,77.750,16.580000,0.5,1.7
04/13/2025 08:34:00 pm,77.800,16.490000,0.5,1.7
04/13/2025 08:34:00 pm,77.850,16.295000,0.5,1.7
04/13/2025 08:34:00 pm,77.900,16.170000,0.5,1.7
04/13/2025 08:34:00 pm,77.950,15.950000,0.5,1.7
04/13/2025 08:34:01 pm,78.000,15.750000,0.4,1.6
04/13/2025 08:34:01 pm,78.050,15.395000,0.4,1.6
04/13/2025 08:34:01 pm,78.100,15.010000,0.4,1.6
04/13/2025 08:34:01 pm,78.150,14.630000,0.5,1.7
04/13/2025 08:34:01 pm,78.200,14.275000,0.5,1.7
04/13/2025 08:34:01 pm,78.250,13.960000,0.5,1.7
04/13/2025 08:34:01 pm,78.300,13.755000,0.6,1.8
04/13/2025 08:34:01 pm,78.350,13.430000,0.6,1.8
04/13/2025 08:34:01 pm,78.400,13.170000,0.7,1.8
04/13/2025 08:34:01 pm,78.450,13.105000,0.7,1.8
04/13/2025 08:34:01 pm,78.500,12.970000,0.7,1.9
04/13/2025 08:34:01 pm,78.550,12.735000,0.7,1.9
04/13/2025 08:34:01 pm,78.600,12.410000,0.8,1.9
04/13/2025 08:34:01 pm,78.650,12.210000,0.8,1.9
04/13/2025 08:34:01 pm,78.700,12.060000,0.9,1.9
04/13/2025 08:34:01 pm,78.750,12.020000,0.9,1.9
04/13/2025 08:34:01 pm,78.800,11.800000,0.9,1.9
04/13/2025 08:34:01 pm,78.850,11.460000,0.9,2.0
04/13/2025 08:34:01 pm,78.900,11.165000,0.9,2.0
04/13/2025 08:34:01 pm,78.950,10.625000,0.9,1.9
04/13/2025 08:34:02 pm,79.000,10.325000,0.8,1.9
04/13/2025 08:34:02 pm,79.050,9.980000,0.8,1.9
04/13/2025 08:34:02 pm,79.100,9.710000,0.8,1.9
04/13/2025 08:34:02 pm,79.150,9.505000,0.7,1.8
04/13/2025 08:34:02 pm,79.200,9.340000,0.6,1.8
04/13/2025 08:34:02 pm,79.250,9.125000,0.6,1.8
04/13/2025 08:34:02 pm,79.300,8.915000,0.6,1.7
04/13/2025 08:34:02 pm,79.350,8.645000,0.5,1.7
04/13/2025 08:34:02 pm,79.400,8.470000,0.5,1.7
04/13/2025 08:34:02 pm,79.450,8.195000,0.5,1.7
04/13/2025 08:34:02 pm,79.500,8.100000,0.5,1.7
04/13/2025 08:34:02 pm,79.550,8.015000,0.5,1.7
04/13/2025 08:34:02 pm,79.600,7.850000,0.5,1.7
04/13/2025 08:34:02 pm,79.650,7.795000,0.5,1.7
04/13/2025 08:34:02 pm,79.700,7.630000,0.5,1.7
04/13/2025 08:34:02 pm,79.750,7.505000,0.5,1.7
04/13/2025 08:34:02 pm,79.800,7.345000,0.6,1.8
04/13/2025 08:34:02 pm,79.850,7.120000,0.7,1.8
04/13/2025 08:34:02 pm,79.900,7.095000,0.7,1.8
04/13/2025 08:34:02 pm,79.950,6.960000,0.8,1.9
04/13/2025 08:34:03 pm,80.000,6.805000,0.9,2.0
04/13/2025 08:34:03 pm,80.050,6.700000,1.0,2.0
04/13/2025 08:34:03 pm,80.100,6.455000,1.2,2.1
04/13/2025 08:34:03 pm,80.150,6.245000,1.5,2.2
04/13/2025 08:34:03 pm,80.200,5.890000,1.9,2.3
04/13/2025 08:34:03 pm,80.250,5.655000,2.4,2.4
04/13/2025 08:34:03 pm,80.300,5.465000,2.7,2.4
04/13/2025 08:34:03 pm,80.350,5.120000,3.3,2.5
04/13/2025 08:34:03 pm,80.400,4.730000,4.5,2.7
04/13/2025 08:34:03 pm,80.450,4.700000,4.4,2.6
04/13/2025 08:34:03 pm,80.500,4.555000,4.9,2.7
04/13/2025 08:34:03 pm,80.550,4.370000,5.4,2.7
04/13/2025 08:34:03 pm,80.600,3.915000,6.2,2.8
04/13/2025 08:34:03 pm,80.650,3.355000,7.7,2.9
04/13/2025 08:34:03 pm,80.700,3.035000,8.4,2.9
04/13/2025 08:34:03 pm,80.750,2.635000,9.1,3.0
04/13/2025 08:34:03 pm,80.800,2.375000,9.7,3.0
04/13/2025 08:34:03 pm,80.850,2.170000,9.9,3.0
04/13/2025 08:34:03 pm,80.900,1.865000,10.3,3.0
04/13/2025 08:34:03 pm,80.950,1.485000,10.6,3.0
04/13/2025 08:34:04 pm,81.000,1.055000,10.8,3.0
04/13/2025 08:34:04 pm,81.050,0.925000,10.8,3.0
04/13/2025 08:34:04 pm,81.100,0.745000,10.8,3.0
04/13/2025 08:34:04 pm,81.150,0.590000,10.7,3.0
04/13/2025 08:34:04 pm,81.200,0.455000,10.6,3.0
04/13/2025 08:34:04 pm,81.250,0.325000,10.6,3.0
04/13/2025 08:34:04 pm,81.300,0.150000,10.4,3.0
04/13/2025 08:34:04 pm,81.350,0.090000,10.3,3.0
04/13/2025 08:34:04 pm,81.400,-0.065000,10.2,3.0
04/13/2025 08:34:04 pm,81.450,-0.265000,9.9,3.0
04/13/2025 08:34:04 pm,81.500,-0.365000,9.7,3.0
04/13/2025 08:34:04 pm,81.550,-0.595000,9.4,3.0
04/13/2025 08:34:04 pm,81.600,-0.800000,9.0,3.0
04/13/2025 08:34:04 pm,81.650,-1.020000,8.6,2.9
04/13/2025 08:34:04 pm,81.700,-1.265000,8.1,2.9
04/13/2025 08:34:04 pm,81.750,-1.355000,7.8,2.9
04/13/2025 08:34:04 pm,81.800,-1.540000,7.5,2.9
04/13/2025 08:34:04 pm,81.850,-1.640000,7.0,2.8
04/13/2025 08:34:04 pm,81.900,-1.690000,7.1,2.8
04/13/2025 08:34:04 pm,81.950,-1.930000,6.5,2.8
04/13/2025 08:34:05 pm,82.000,-2.080000,6.1,2.8
04/13/2025 08:34:05 pm,82.050,-2.295000,5.7,2.8
04/13/2025 08:34:05 pm,82.100,-2.435000,5.3,2.7
04/13/2025 08:34:05 pm,82.150,-2.560000,5.0,2.7
04/13/2025 08:34:05 pm,82.200,-2.655000,4.8,2.7
04/13/2025 08:34:05 pm,82.250,-2.715000,4.6,2.7
04/13/2025 08:34:05 pm,82.300,-2.735000,4.5,2.7
04/13/2025 08:34:05 pm,82.350,-2.810000,4.5,2.6
04/13/2025 08:34:05 pm,82.400,-2.885000,4.3,2.6
04/13/2025 08:34:05 pm,82.450,-2.960000,4.0,2.6
04/13/2025 08:34:05 pm,82.500,-3.010000,3.9,2.6
04/13/2025 08:34:05 pm,82.550,-3.150000,3.6,2.6
04/13/2025 08:34:05 pm,82.600,-3.235000,3.3,2.5
04/13/2025 08:34:05 pm,82.650,-3.405000,3.1,2.5
04/13/2025 08:34:05 pm,82.700,-3.515000,2.8,2.4
04/13/2025 08:34:05 pm,82.750,-3.660000,2.6,2.4
04/13/2025 08:34:05 pm,82.800,-3.855000,2.2,2.3
04/13/2025 08:34:05 pm,82.850,-3.965000,2.1,2.3
04/13/2025 08:34:05 pm,82.900,-4.105000,1.8,2.3
04/13/2025 08:34:05 pm,82.950,-4.145000,1.7,2.2
04/13/2025 08:34:06 pm,83.000,-4.340000,1.5,2.2
04/13/2025 08:34:06 pm,83.050,-4.455000,1.3,2.1
04/13/2025 08:34:06 pm,83.100,-4.540000,1.2,2.1
04/13/2025 08:34:06 pm,83.150,-4.675000,1.1,2.0
04/13/2025 08:34:06 pm,83.200,-4.785000,1.0,2.0
04/13/2025 08:34:06 pm,83.250,-4.895000,0.9,1.9
04/13/2025 08:34:06 pm,83.300,-4.995000,0.8,1.9
04/13/2025 08:34:06 pm,83.350,-5.070000,0.8,1.9
04/13/2025 08:34:06 pm,83.400,-5.180000,0.7,1.8
04/13/2025 08:34:06 pm,83.450,-5.305000,0.6,1.8
04/13/2025 08:34:06 pm,83.500,-5.455000,0.6,1.7
04/13/2025 08:34:06 pm,83.550,-5.680000,0.5,1.7
04/13/2025 08:34:06 pm,83.600,-6.080000,0.4,1.6
04/13/2025 08:34:06 pm,83.650,-6.525000,0.5,1.7
04/13/2025 08:34:06 pm,83.700,-6.750000,0.5,1.7
04/13/2025 08:34:06 pm,83.750,-6.920000,0.5,1.7
04/13/2025 08:34:06 pm,83.800,-7.070000,0.5,1.7
04/13/2025 08:34:06 pm,83.850,-7.185000,0.6,1.8
04/13/2025 08:34:06 pm,83.900,-7.425000,0.6,1.8
04/13/2025 08:34:06 pm,83.950,-7.740000,0.7,1.9
04/13/2025 08:34:07 pm,84.000,-7.995000,0.8,1.9
04/13/2025 08:34:07 pm,84.050,-8.240000,0.8,1.9
04/13/2025 08:34:07 pm,84.100,-8.385000,0.8,1.9
04/13/2025 08:34:07 pm,84.150,-8.540000,0.9,1.9
04/13/2025 08:34:07 pm,84.200,-8.850000,0.9,2.0
04/13/2025 08:34:07 pm,84.250,-9.135000,0.9,2.0
04/13/2025 08:34:07 pm,84.300,-9.415000,0.9,2.0
04/13/2025 08:34:07 pm,84.350,-9.585000,0.9,2.0
04/13/2025 08:34:07 pm,84.400,-9.805000,0.9,2.0
04/13/2025 08:34:07 pm,84.450,-9.945000,0.9,2.0
04/13/2025 08:34:07 pm,84.500,-10.095000,0.9,2.0
04/13/2025 08:34:07 pm,84.550,-10.285000,0.9,1.9
04/13/2025 08:34:07 pm,84.600,-10.515000,0.9,1.9
04/13/2025 08:34:07 pm,84.650,-10.660000,0.8,1.9
04/13/2025 08:34:07 pm,84.700,-10.890000,0.8,1.9
04/13/2025 08:34:07 pm,84.750,-11.075000,0.8,1.9
04/13/2025 08:34:07 pm,84.800,-11.245000,0.7,1.9
04/13/2025 08:34:07 pm,84.850,-11.425000,0.7,1.8
04/13/2025 08:34:07 pm,84.900,-11.555000,0.7,1.8
04/13/2025 08:34:07 pm,84.950,-11.730000,0.6,1.8
04/13/2025 08:34:08 pm,85.000,-11.980000,0.6,1.8
04/13/2025 08:34:08 pm,85.050,-12.040000,0.6,1.8
04/13/2025 08:34:08 pm,85.100,-12.070000,0.6,1.8
04/13/2025 08:34:08 pm,85.150,-12.075000,0.6,1.7
04/13/2025 08:34:08 pm,85.200,-12.135000,0.6,1.7
04/13/2025 08:34:08 pm,85.250,-12.255000,0.5,1.7
04/13/2025 08:34:08 pm,85.300,-12.400000,0.5,1.7
04/13/2025 08:34:08 pm,85.350,-12.565000,0.5,1.7
04/13/2025 08:34:08 pm,85.400,-12.630000,0.5,1.7
04/13/2025 08:34:08 pm,85.450,-12.840000,0.5,1.7
04/13/2025 08:34:08 pm,85.500,-12.995000,0.5,1.7
04/13/2025 08:34:08 pm,85.550,-13.140000,0.4,1.7
04/13/2025 08:34:08 pm,85.600,-13.385000,0.4,1.6
04/13/2025 08:34:08 pm,85.650,-13.590000,0.4,1.6
04/13/2025 08:34:08 pm,85.700,-13.765000,0.4,1.6
04/13/2025 08:34:08 pm,85.750,-13.885000,0.4,1.6
04/13/2025 08:34:08 pm,85.800,-14.130000,0.4,1.6
04/13/2025 08:34:08 pm,85.850,-14.340000,0.4,1.7
04/13/2025 08:34:08 pm,85.900,-14.500000,0.5,1.7
04/13/2025 08:34:08 pm,85.950,-14.660000,0.5,1.7
04/13/2025 08:34:09 pm,86.000,-14.865000,0.5,1.7
04/13/2025 08:34:09 pm,86.050,-15.170000,0.5,1.7
04/13/2025 08:34:09 pm,86.100,-15.440000,0.5,1.7
04/13/2025 08:34:09 pm,86.150,-15.540000,0.5,1.7
04/13/2025 08:34:09 pm,86.200,-15.640000,0.5,1.7
04/13/2025 08:34:09 pm,86.250,-15.690000,0.5,1.7
04/13/2025 08:34:09 pm,86.300,-15.795000,0.5,1.7
04/13/2025 08:34:09 pm,86.350,-16.105000,0.6,1.7
04/13/2025 08:34:09 pm,86.400,-16.385000,0.6,1.8
04/13/2025 08:34:09 pm,86.450,-16.610000,0.6,1.8
04/13/2025 08:34:09 pm,86.500,-16.915000,0.6,1.8
04/13/2025 08:34:09 pm,86.550,-17.165000,0.6,1.8
04/13/2025 08:34:09 pm,86.600,-17.490000,0.6,1.8
04/13/2025 08:34:09 pm,86.650,-17.815000,0.6,1.7
04/13/2025 08:34:09 pm,86.700,-18.000000,0.5,1.7
04/13/2025 08:34:09 pm,86.750,-18.205000,0.5,1.7
04/13/2025 08:34:09 pm,86.800,-18.290000,0.5,1.7
04/13/2025 08:34:09 pm,86.850,-18.495000,0.5,1.7
04/13/2025 08:34:09 pm,86.900,-18.765000,0.5,1.7
04/13/2025 08:34:09 pm,86.950,-18.935000,0.5,1.7
04/13/2025 08:34:10 pm,87.000,-19.020000,0.5,1.7
04/13/2025 08:34:10 pm,87.050,-19.165000,0.5,1.7
04/13/2025 08:34:10 pm,87.100,-19.295000,0.5,1.7
04/13/2025 08:34:10 pm,87.150,-19.350000,0.5,1.7
04/13/2025 08:34:10 pm,87.200,-19.515000,0.5,1.7
04/13/2025 08:34:10 pm,87.250,-19.700000,0.5,1.7
04/13/2025 08:34:10 pm,87.300,-19.855000,0.5,1.7
04/13/2025 08:34:10 pm,87.350,-20.020000,0.4,1.7
04/13/2025 08:34:10 pm,87.400,-20.205000,0.4,1.6
04/13/2025 08:34:10 pm,87.450,-20.350000,0.4,1.6
04/13/2025 08:34:10 pm,87.500,-20.495000,0.4,1.6
04/13/2025 08:34:10 pm,87.550,-20.625000,0.4,1.6
04/13/2025 08:34:10 pm,87.600,-20.740000,0.4,1.6
04/13/2025 08:34:10 pm,87.650,-20.870000,0.4,1.6
04/13/2025 08:34:10 pm,87.700,-20.960000,0.4,1.6
04/13/2025 08:34:10 pm,87.750,-21.120000,0.4,1.6
04/13/2025 08:34:10 pm,87.800,-21.300000,0.4,1.6
04/13/2025 08:34:10 pm,87.850,-21.425000,0.4,1.6
04/13/2025 08:34:10 pm,87.900,-21.605000,0.4,1.6
04/13/2025 08:34:10 pm,87.950,-21.795000,0.4,1.6
04/13/2025 08:34:11 pm,88.000,-21.895000,0.4,1.7
04/13/2025 08:34:11 pm,88.050,-22.085000,0.4,1.6
04/13/2025 08:34:11 pm,88.100,-22.235000,0.5,1.7
04/13/2025 08:34:11 pm,88.150,-22.275000,0.4,1.7
04/13/2025 08:34:11 pm,88.200,-22.430000,0.5,1.7
04/13/2025 08:34:11 pm,88.250,-22.495000,0.5,1.7
04/13/2025 08:34:11 pm,88.300,-22.655000,0.5,1.7
04/13/2025 08:34:11 pm,88.350,-22.875000,0.5,1.7
04/13/2025 08:34:11 pm,88.400,-23.050000,0.5,1.7
04/13/2025 08:34:11 pm,88.450,-23.305000,0.5,1.7
04/13/2025 08:34:11 pm,88.500,-23.475000,0.5,1.7
04/13/2025 08:34:11 pm,88.550,-23.565000,0.5,1.7
04/13/2025 08:34:11 pm,88.600,-23.810000,0.5,1.7
04/13/2025 08:34:11 pm,88.650,-23.940000,0.5,1.7
04/13/2025 08:34:11 pm,88.700,-24.040000,0.5,1.7
04/13/2025 08:34:11 pm,88.750,-24.290000,0.5,1.7
04/13/2025 08:34:11 pm,88.800,-24.425000,0.5,1.7
04/13/2025 08:34:11 pm,88.850,-24.560000,0.5,1.7
04/13/2025 08:34:11 pm,88.900,-24.600000,0.5,1.7
04/13/2025 08:34:11 pm,88.950,-24.645000,0.5,1.7
04/13/2025 08:34:12 pm,89.000,-24.735000,0.5,1.7
04/13/2025 08:34:12 pm,89.050,-24.770000,0.5,1.7
04/13/2025 08:34:12 pm,89.100,-25.015000,0.5,1.7
04/13/2025 08:34:12 pm,89.150,-25.210000,0.5,1.7
04/13/2025 08:34:12 pm,89.200,-25.380000,0.5,1.7
04/13/2025 08:34:12 pm,89.250,-25.575000,0.5,1.7
04/13/2025 08:34:12 pm,89.300,-25.800000,0.5,1.7
04/13/2025 08:34:12 pm,89.350,-25.945000,0.5,1.7
04/13/2025 08:34:12 pm,89.400,-26.360000,0.5,1.7
04/13/2025 08:34:12 pm,89.450,-26.590000,0.4,1.6
04/13/2025 08:34:12 pm,89.500,-26.775000,0.4,1.6
04/13/2025 08:34:12 pm,89.550,-26.990000,0.4,1.6
04/13/2025 08:34:12 pm,89.600,-27.175000,0.4,1.6
04/13/2025 08:34:12 pm,89.650,-27.525000,0.4,1.6
04/13/2025 08:34:12 pm,89.700,-27.880000,0.4,1.6
04/13/2025 08:34:12 pm,89.750,-28.090000,0.4,1.6
04/13/2025 08:34:12 pm,89.800,-28.175000,0.4,1.6
04/13/2025 08:34:12 pm,89.850,-28.180000,0.4,1.6
04/13/2025 08:34:12 pm,89.900,-28.275000,0.4,1.6
04/13/2025 08:34:12 pm,89.950,-28.285000,0.4,1.6
04/13/2025 08:34:13 pm,90.000,-28.285000,0.4,1.6
04/13/2025 08:34:13 pm,90.050,-28.315000,0.4,1.6
04/13/2025 08:34:13 pm,90.100,-28.330000,0.4,1.6
04/13/2025 08:34:13 pm,90.150,-28.515000,0.4,1.6
04/13/2025 08:34:13 pm,90.200,-28.650000,0.4,1.6
04/13/2025 08:34:13 pm,90.250,-28.740000,0.4,1.6
04/13/2025 08:34:13 pm,90.300,-28.940000,0.4,1.6
04/13/2025 08:34:13 pm,90.350,-29.145000,0.4,1.6
04/13/2025 08:34:13 pm,90.400,-29.355000,0.4,1.6
04/13/2025 08:34:13 pm,90.450,-29.575000,0.4,1.7
04/13/2025 08:34:13 pm,90.500,-29.785000,0.4,1.6
04/13/2025 08:34:13 pm,90.550,-29.930000,0.5,1.7
04/13/2025 08:34:13 pm,90.600,-30.100000,0.5,1.7
04/13/2025 08:34:13 pm,90.650,-30.310000,0.5,1.7
04/13/2025 08:34:13 pm,90.700,-30.525000,0.5,1.7
04/13/2025 08:34:13 pm,90.750,-30.750000,0.5,1.7
04/13/2025 08:34:13 pm,90.800,-31.115000,0.5,1.7
04/13/2025 08:34:13 pm,90.850,-31.455000,0.5,1.7
04/13/2025 08:34:13 pm,90.900,-31.780000,0.5,1.7
04/13/2025 08:34:13 pm,90.950,-31.780000,0.5,1.7
04/13/2025 08:34:14 pm,91.000,-31.865000,0.5,1.7
04/13/2025 08:34:14 pm,91.050,-31.925000,0.5,1.7
04/13/2025 08:34:14 pm,91.100,-32.060000,0.5,1.7
04/13/2025 08:34:14 pm,91.150,-32.180000,0.5,1.7
04/13/2025 08:34:14 pm,91.200,-32.360000,0.5,1.7
04/13/2025 08:34:14 pm,91.250,-32.620000,0.5,1.7
04/13/2025 08:34:14 pm,91.300,-32.725000,0.5,1.7
04/13/2025 08:34:14 pm,91.350,-32.835000,0.5,1.7
04/13/2025 08:34:14 pm,91.400,-33.010000,0.5,1.7
04/13/2025 08:34:14 pm,91.450,-33.095000,0.5,1.7
04/13/2025 08:34:14 pm,91.500,-33.205000,0.5,1.7
04/13/2025 08:34:14 pm,91.550,-33.375000,0.5,1.7
04/13/2025 08:34:14 pm,91.600,-33.625000,0.4,1.6
04/13/2025 08:34:14 pm,91.650,-33.780000,0.4,1.6
04/13/2025 08:34:14 pm,91.700,-34.090000,0.4,1.6
04/13/2025 08:34:14 pm,91.750,-34.300000,0.4,1.6
04/13/2025 08:34:14 pm,91.800,-34.535000,0.4,1.6
04/13/2025 08:34:14 pm,91.850,-34.700000,0.4,1.6
04/13/2025 08:34:14 pm,91.900,-34.890000,0.4,1.6
04/13/2025 08:34:14 pm,91.950,-35.150000,0.4,1.7
04/13/2025 08:34:15 pm,92.000,-35.575000,0.4,1.6
04/13/2025 08:34:15 pm,92.050,-35.840000,0.4,1.6
04/13/2025 08:34:15 pm,92.100,-35.900000,0.4,1.6
04/13/2025 08:34:15 pm,92.150,-35.920000,0.4,1.6
04/13/2025 08:34:15 pm,92.200,-35.950000,0.4,1.6
04/13/2025 08:34:15 pm,92.250,-35.960000,0.4,1.6
04/13/2025 08:34:15 pm,92.300,-36.065000,0.4,1.6
04/13/2025 08:34:15 pm,92.350,-36.155000,0.4,1.6
04/13/2025 08:34:15 pm,92.400,-36.235000,0.4,1.6
04/13/2025 08:34:15 pm,92.450,-36.290000,0.4,1.6
04/13/2025 08:34:15 pm,92.500,-36.425000,0.4,1.6
04/13/2025 08:34:15 pm,92.550,-36.625000,0.4,1.6
04/13/2025 08:34:15 pm,92.600,-36.875000,0.4,1.6
04/13/2025 08:34:15 pm,92.650,-37.070000,0.4,1.6
04/13/2025 08:34:15 pm,92.700,-37.195000,0.4,1.6
04/13/2025 08:34:15 pm,92.750,-37.310000,0.4,1.6
04/13/2025 08:34:15 pm,92.800,-37.550000,0.4,1.6
04/13/2025 08:34:15 pm,92.850,-37.795000,0.4,1.7
04/13/2025 08:34:15 pm,92.900,-37.975000,0.4,1.6
04/13/2025 08:34:15 pm,92.950,-38.200000,0.4,1.7
04/13/2025 08:34:16 pm,93.000,-38.515000,0.4,1.6
04/13/2025 08:34:16 pm,93.050,-38.795000,0.4,1.6
04/13/2025 08:34:16 pm,93.100,-38.915000,0.5,1.7
04/13/2025 08:34:16 pm,93.150,-39.020000,0.5,1.7
04/13/2025 08:34:16 pm,93.200,-39.155000,0.4,1.7
04/13/2025 08:34:16 pm,93.250,-39.295000,0.4,1.6
04/13/2025 08:34:16 pm,93.300,-39.480000,0.5,1.7
04/13/2025 08:34:16 pm,93.350,-39.600000,0.5,1.7
04/13/2025 08:34:16 pm,93.400,-39.745000,0.5,1.7
04/13/2025 08:34:16 pm,93.450,-39.960000,0.5,1.7
04/13/2025 08:34:16 pm,93.500,-40.110000,0.4,1.6
04/13/2025 08:34:16 pm,93.550,-40.295000,0.4,1.6
04/13/2025 08:34:16 pm,93.600,-40.570000,0.4,1.6
04/13/2025 08:34:16 pm,93.650,-40.695000,0.4,1.6
04/13/2025 08:34:16 pm,93.700,-40.870000,0.4,1.6
04/13/2025 08:34:16 pm,93.750,-41.000000,0.4,1.6
04/13/2025 08:34:16 pm,93.800,-41.240000,0.4,1.6
04/13/2025 08:34:16 pm,93.850,-41.570000,0.4,1.6
04/13/2025 08:34:16 pm,93.900,-41.805000,0.4,1.6
04/13/2025 08:34:16 pm,93.950,-41.910000,0.4,1.6
04/13/2025 08:34:17 pm,94.000,-42.150000,0.4,1.6
04/13/2025 08:34:17 pm,94.050,-42.325000,0.4,1.6
04/13/2025 08:34:17 pm,94.100,-42.365000,0.4,1.6
04/13/2025 08:34:17 pm,94.150,-42.515000,0.4,1.6
04/13/2025 08:34:17 pm,94.200,-42.635000,0.4,1.6
04/13/2025 08:34:17 pm,94.250,-42.780000,0.4,1.6
04/13/2025 08:34:17 pm,94.300,-43.035000,0.4,1.6
04/13/2025 08:34:17 pm,94.350,-43.310000,0.4,1.6
04/13/2025 08:34:17 pm,94.400,-43.545000,0.4,1.6
04/13/2025 08:34:17 pm,94.450,-43.695000,0.4,1.6
04/13/2025 08:34:17 pm,94.500,-43.960000,0.4,1.6
04/13/2025 08:34:17 pm,94.550,-44.135000,0.4,1.6
04/13/2025 08:34:17 pm,94.600,-44.200000,0.4,1.6
04/13/2025 08:34:17 pm,94.650,-44.410000,0.4,1.6
04/13/2025 08:34:17 pm,94.700,-44.525000,0.4,1.6
04/13/2025 08:34:17 pm,94.750,-44.650000,0.4,1.6
04/13/2025 08:34:17 pm,94.800,-44.675000,0.4,1.6
04/13/2025 08:34:17 pm,94.850,-44.785000,0.4,1.6
04/13/2025 08:34:17 pm,94.900,-45.015000,0.4,1.6
04/13/2025 08:34:17 pm,94.950,-45.250000,0.4,1.6
04/13/2025 08:34:18 pm,95.000,-45.435000,0.5,1.7
04/13/2025 08:34:18 pm,95.050,-45.725000,0.4,1.6
04/13/2025 08:34:18 pm,95.100,-45.980000,0.4,1.7
04/13/2025 08:34:18 pm,95.150,-46.145000,0.4,1.7
04/13/2025 08:34:18 pm,95.200,-46.340000,0.4,1.6
04/13/2025 08:34:18 pm,95.250,-46.480000,0.4,1.6
04/13/2025 08:34:18 pm,95.300,-46.565000,0.5,1.7
04/13/2025 08:34:18 pm,95.350,-46.650000,0.4,1.6
04/13/2025 08:34:18 pm,95.400,-46.650000,0.4,1.6
04/13/2025 08:34:18 pm,95.450,-46.655000,0.4,1.7
04/13/2025 08:34:18 pm,95.500,-46.780000,0.4,1.6
04/13/2025 08:34:18 pm,95.550,-46.875000,0.4,1.6
04/13/2025 08:34:18 pm,95.600,-46.965000,0.4,1.6
04/13/2025 08:34:18 pm,95.650,-47.075000,0.4,1.7
04/13/2025 08:34:18 pm,95.700,-47.200000,0.4,1.6
04/13/2025 08:34:18 pm,95.750,-47.320000,0.4,1.6
04/13/2025 08:34:18 pm,95.800,-47.370000,0.4,1.6
04/13/2025 08:34:18 pm,95.850,-47.490000,0.4,1.6
04/13/2025 08:34:18 pm,95.900,-47.575000,0.5,1.7
04/13/2025 08:34:18 pm,95.950,-47.675000,0.4,1.6
04/13/2025 08:34:19 pm,96.000,-47.780000,0.4,1.6
04/13/2025 08:34:19 pm,96.050,-47.905000,0.4,1.6
04/13/2025 08:34:19 pm,96.100,-48.020000,0.4,1.6
04/13/2025 08:34:19 pm,96.150,-48.175000,0.4,1.6
04/13/2025 08:34:19 pm,96.200,-48.415000,0.4,1.6
04/13/2025 08:34:19 pm,96.250,-48.595000,0.4,1.6
04/13/2025 08:34:19 pm,96.300,-48.775000,0.4,1.6
04/13/2025 08:34:19 pm,96.350,-48.955000,0.4,1.6
04/13/2025 08:34:19 pm,96.400,-49.115000,0.4,1.6
04/13/2025 08:34:19 pm,96.450,-49.275000,0.4,1.6
04/13/2025 08:34:19 pm,96.500,-49.425000,0.4,1.6
04/13/2025 08:34:19 pm,96.550,-49.595000,0.4,1.6
04/13/2025 08:34:19 pm,96.600,-49.735000,0.4,1.6
04/13/2025 08:34:19 pm,96.650,-49.940000,0.4,1.6
04/13/2025 08:34:19 pm,96.700,-50.210000,0.4,1.6
04/13/2025 08:34:19 pm,96.750,-50.425000,0.4,1.6
04/13/2025 08:34:19 pm,96.800,-50.535000,0.4,1.6
04/13/2025 08:34:19 pm,96.850,-50.660000,0.4,1.6
04/13/2025 08:34:19 pm,96.900,-50.940000,0.4,1.6
04/13/2025 08:34:19 pm,96.950,-51.205000,0.4,1.6
04/13/2025 08:34:20 pm,97.000,-51.395000,0.4,1.6
04/13/2025 08:34:20 pm,97.050,-51.565000,0.4,1.6
04/13/2025 08:34:20 pm,97.100,-51.745000,0.4,1.6
04/13/2025 08:34:20 pm,97.150,-51.915000,0.4,1.6
04/13/2025 08:34:20 pm,97.200,-52.110000,0.4,1.6
04/13/2025 08:34:20 pm,97.250,-52.335000,0.4,1.6
04/13/2025 08:34:20 pm,97.300,-52.455000,0.4,1.6
04/13/2025 08:34:20 pm,97.350,-52.605000,0.4,1.6
04/13/2025 08:34:20 pm,97.400,-52.800000,0.4,1.6
04/13/2025 08:34:20 pm,97.450,-52.940000,0.4,1.6
04/13/2025 08:34:20 pm,97.500,-53.110000,0.4,1.7
04/13/2025 08:34:20 pm,97.550,-53.290000,0.4,1.6
04/13/2025 08:34:20 pm,97.600,-53.460000,0.4,1.6
04/13/2025 08:34:20 pm,97.650,-53.755000,0.4,1.6
04/13/2025 08:34:20 pm,97.700,-53.990000,0.4,1.6
04/13/2025 08:34:20 pm,97.750,-54.210000,0.4,1.6
04/13/2025 08:34:20 pm,97.800,-54.495000,0.4,1.6
04/13/2025 08:34:20 pm,97.850,-54.785000,0.4,1.6
04/13/2025 08:34:20 pm,97.900,-54.995000,0.4,1.6
04/13/2025 08:34:20 pm,97.950,-55.135000,0.4,1.6
04/13/2025 08:34:21 pm,98.000,-55.205000,0.4,1.6
04/13/2025 08:34:21 pm,98.050,-55.320000,0.4,1.6
04/13/2025 08:34:21 pm,98.100,-55.545000,0.4,1.6
04/13/2025 08:34:21 pm,98.150,-55.790000,0.4,1.6
04/13/2025 08:34:21 pm,98.200,-55.935000,0.4,1.6
04/13/2025 08:34:21 pm,98.250,-56.070000,0.4,1.6
04/13/2025 08:34:21 pm,98.300,-56.275000,0.4,1.6
04/13/2025 08:34:21 pm,98.350,-56.525000,0.4,1.6
04/13/2025 08:34:21 pm,98.400,-56.715000,0.4,1.6
04/13/2025 08:34:21 pm,98.450,-57.040000,0.4,1.6
04/13/2025 08:34:21 pm,98.500,-57.320000,0.4,1.6
04/13/2025 08:34:21 pm,98.550,-57.530000,0.4,1.6
04/13/2025 08:34:21 pm,98.600,-57.665000,0.4,1.6
04/13/2025 08:34:21 pm,98.650,-57.840000,0.4,1.6
04/13/2025 08:34:21 pm,98.700,-58.035000,0.4,1.6
04/13/2025 08:34:21 pm,98.750,-58.235000,0.4,1.6
04/13/2025 08:34:21 pm,98.800,-58.460000,0.4,1.6
04/13/2025 08:34:21 pm,98.850,-58.610000,0.4,1.6
04/13/2025 08:34:21 pm,98.900,-58.730000,0.4,1.6
04/13/2025 08:34:21 pm,98.950,-58.895000,0.4,1.6
04/13/2025 08:34:22 pm,99.000,-59.010000,0.4,1.6
04/13/2025 08:34:22 pm,99.050,-59.130000,0.4,1.6
04/13/2025 08:34:22 pm,99.100,-59.280000,0.4,1.6
04/13/2025 08:34:22 pm,99.150,-59.415000,0.4,1.6
04/13/2025 08:34:22 pm,99.200,-59.590000,0.4,1.6
04/13/2025 08:34:22 pm,99.250,-59.790000,0.4,1.6
04/13/2025 08:34:22 pm,99.300,-59.975000,0.4,1.6
04/13/2025 08:34:22 pm,99.350,-60.160000,0.4,1.6
04/13/2025 08:34:22 pm,99.400,-60.315000,0.4,1.6
04/13/2025 08:34:22 pm,99.450,-60.475000,0.4,1.6
04/13/2025 08:34:22 pm,99.500,-60.605000,0.4,1.7
04/13/2025 08:34:22 pm,99.550,-60.785000,0.4,1.6
04/13/2025 08:34:22 pm,99.600,-60.975000,0.4,1.6
04/13/2025 08:34:22 pm,99.650,-61.035000,0.4,1.7
04/13/2025 08:34:22 pm,99.700,-61.215000,0.4,1.6
04/13/2025 08:34:22 pm,99.750,-61.385000,0.4,1.6
04/13/2025 08:34:22 pm,99.800,-61.550000,0.4,1.6
04/13/2025 08:34:22 pm,99.850,-61.650000,0.4,1.6
04/13/2025 08:34:22 pm,99.900,-61.795000,0.4,1.6
04/13/2025 08:34:22 pm,99.950,-61.975000,0.4,1.6
04/13/2025 08:34:23 pm,100.000,-62.155000,0.4,1.6
04/13/2025 08:34:23 pm,100.050,-62.310000,0.4,1.6
04/13/2025 08:34:23 pm,100.100,-62.475000,0.4,1.6
04/13/2025 08:34:23 pm,100.150,-62.710000,0.4,1.6
04/13/2025 08:34:23 pm,100.200,-62.890000,0.4,1.6
04/13/2025 08:34:23 pm,100.250,-63.000000,0.4,1.6
04/13/2025 08:34:23 pm,100.300,-63.125000,0.4,1.6
04/13/2025 08:34:23 pm,100.350,-63.135000,0.4,1.6
04/13/2025 08:34:23 pm,100.400,-63.215000,0.4,1.6
04/13/2025 08:34:23 pm,100.450,-63.240000,0.4,1.6
04/13/2025 08:34:23 pm,100.500,-63.245000,0.4,1.6
04/13/2025 08:34:23 pm,100.550,-63.255000,0.4,1.6
04/13/2025 08:34:23 pm,100.600,-63.255000,0.4,1.6
04/13/2025 08:34:23 pm,100.650,-63.250000,0.4,1.6
04/13/2025 08:34:23 pm,100.700,-63.250000,0.4,1.6
04/13/2025 08:34:23 pm,100.750,-63.250000,0.4,1.6
04/13/2025 08:34:23 pm,100.800,-63.250000,0.4,1.6
04/13/2025 08:34:23 pm,100.850,-63.245000,0.4,1.6
04/13/2025 08:34:23 pm,100.900,-63.235000,0.4,1.6
04/13/2025 08:34:23 pm,100.950,-63.225000,0.4,1.6
04/13/2025 08:34:24 pm,101.000,-63.215000,0.4,1.6
04/13/2025 08:34:24 pm,101.050,-63.195000,0.4,1.6
04/13/2025 08:34:24 pm,101.100,-63.180000,0.4,1.6
04/13/2025 08:34:24 pm,101.150,-63.165000,0.4,1.6
04/13/2025 08:34:24 pm,101.200,-63.145000,0.4,1.6
04/13/2025 08:34:24 pm,101.250,-63.140000,0.4,1.6
04/13/2025 08:34:24 pm,101.300,-63.130000,0.4,1.6
04/13/2025 08:34:24 pm,101.350,-63.105000,0.4,1.6
04/13/2025 08:34:24 pm,101.400,-63.085000,0.4,1.6
04/13/2025 08:34:24 pm,101.450,-63.070000,0.4,1.6
04/13/2025 08:34:24 pm,101.500,-63.060000,0.4,1.6
04/13/2025 08:34:24 pm,101.550,-63.045000,0.4,1.6
04/13/2025 08:34:24 pm,101.600,-63.035000,0.4,1.6
04/13/2025 08:34:24 pm,101.650,-63.035000,0.4,1.6
04/13/2025 08:34:24 pm,101.700,-63.030000,0.4,1.6
04/13/2025 08:34:24 pm,101.750,-63.025000,0.4,1.6
04/13/2025 08:34:24 pm,101.800,-63.020000,0.4,1.6
04/13/2025 08:34:24 pm,101.850,-63.020000,0.4,1.6
04/13/2025 08:34:24 pm,101.900,-63.020000,0.4,1.6
04/13/2025 08:34:24 pm,101.950,-63.020000,0.4,1.6
04/13/2025 08:34:25 pm,102.000,-63.020000,0.4,1.6
04/13/2025 08:34:25 pm,102.050,-63.015000,0.4,1.6
04/13/2025 08:34:25 pm,102.100,-63.015000,0.4,1.6
04/13/2025 08:34:25 pm,102.150,-63.015000,0.4,1.6
04/13/2025 08:34:25 pm,102.200,-63.015000,0.4,1.6
04/13/2025 08:34:25 pm,102.250,-63.015000,0.4,1.6
04/13/2025 08:34:25 pm,102.300,-63.010000,0.4,1.6
04/13/2025 08:34:25 pm,102.350,-63.010000,0.4,1.6
04/13/2025 08:34:25 pm,102.400,-63.010000,0.4,1.6
04/13/2025 08:34:25 pm,102.450,-63.010000,0.4,1.6
04/13/2025 08:34:25 pm,102.500,-63.010000,0.4,1.6
04/13/2025 08:34:25 pm,102.550,-63.010000,0.4,1.6
04/13/2025 08:34:25 pm,102.600,-63.010000,0.4,1.6
04/13/2025 08:34:25 pm,102.650,-63.010000,0.4,1.6
04/13/2025 08:34:25 pm,102.700,-63.010000,0.4,1.6
04/13/2025 08:34:25 pm,102.750,-63.010000,0.4,1.6
04/13/2025 08:34:25 pm,102.800,-63.005000,0.4,1.6
04/13/2025 08:34:25 pm,102.850,-63.005000,0.4,1.6
04/13/2025 08:34:25 pm,102.900,-63.005000,0.4,1.6
04/13/2025 08:34:25 pm,102.950,-63.005000,0.4,1.6
04/13/2025 08:34:26 pm,103.000,-63.005000,0.4,1.6
04/13/2025 08:34:26 pm,103.050,-63.000000,0.4,1.6
04/13/2025 08:34:26 pm,103.100,-63.000000,0.4,1.6
04/13/2025 08:34:26 pm,103.150,-63.000000,0.4,1.6
04/13/2025 08:34:26 pm,103.200,-63.000000,0.4,1.6
04/13/2025 08:34:26 pm,103.250,-63.000000,0.4,1.6
04/13/2025 08:34:26 pm,103.300,-63.000000,0.4,1.6
04/13/2025 08:34:26 pm,103.350,-62.955000,0.4,1.6
04/13/2025 08:34:26 pm,103.400,-62.780000,0.4,1.6
04/13/2025 08:34:26 pm,103.450,-62.760000,0.4,1.6
04/13/2025 08:34:26 pm,103.500,-62.760000,0.4,1.6
04/13/2025 08:34:26 pm,103.550,-62.760000,0.4,1.6
04/13/2025 08:34:26 pm,103.600,-62.760000,0.4,1.6
04/13/2025 08:34:26 pm,103.650,-62.760000,0.4,1.6
04/13/2025 08:34:26 pm,103.700,-62.760000,0.4,1.6
04/13/2025 08:34:26 pm,103.750,-62.760000,0.4,1.6
04/13/2025 08:34:26 pm,103.800,-62.760000,0.4,1.6
04/13/2025 08:34:26 pm,103.850,-62.760000,0.4,1.6
04/13/2025 08:34:26 pm,103.900,-62.760000,0.4,1.6
04/13/2025 08:34:26 pm,103.950,-62.760000,0.4,1.6
04/13/2025 08:34:27 pm,104.000,-62.760000,0.4,1.6
04/13/2025 08:34:27 pm,104.050,-62.760000,0.4,1.6
04/13/2025 08:34:27 pm,104.100,-62.760000,0.4,1.6
04/13/2025 08:34:27 pm,104.150,-62.760000,0.4,1.6
04/13/2025 08:34:27 pm,104.200,-62.760000,0.4,1.6
04/13/2025 08:34:27 pm,104.250,-62.760000,0.4,1.6
04/13/2025 08:34:27 pm,104.300,-62.760000,0.4,1.6
04/13/2025 08:34:27 pm,104.350,-62.760000,0.4,1.6
04/13/2025 08:34:27 pm,104.400,-62.760000,0.4,1.6
04/13/2025 08:34:27 pm,104.450,-62.760000,0.4,1.6
04/13/2025 08:34:27 pm,104.500,-62.760000,0.4,1.6
04/13/2025 08:34:27 pm,104.550,-62.760000,0.4,1.6
04/13/2025 08:34:27 pm,104.600,-62.760000,0.4,1.6
04/13/2025 08:34:27 pm,104.650,-62.760000,0.4,1.6
04/13/2025 08:34:27 pm,104.700,-62.760000,0.4,1.6
04/13/2025 08:34:27 pm,104.750,-62.760000,0.4,1.6
04/13/2025 08:34:27 pm,104.800,-62.760000,0.4,1.6
04/13/2025 08:34:27 pm,104.850,-62.760000,0.4,1.6
04/13/2025 08:34:27 pm,104.900,-62.760000,0.4,1.6
04/13/2025 08:34:27 pm,104.950,-62.760000,0.4,1.6
04/13/2025 08:34:28 pm,105.000,-62.760000,0.4,1.6
04/13/2025 08:34:28 pm,105.050,-62.760000,0.4,1.6
04/13/2025 08:34:28 pm,105.100,-62.760000,0.4,1.6
04/13/2025 08:34:28 pm,105.150,-62.760000,0.4,1.6
04/13/2025 08:34:28 pm,105.200,-62.760000,0.4,1.6
04/13/2025 08:34:28 pm,105.250,-62.760000,0.4,1.6
04/13/2025 08:34:28 pm,105.300,-62.760000,0.4,1.6
04/13/2025 08:34:28 pm,105.350,-62.760000,0.4,1.6
04/13/2025 08:34:28 pm,105.400,-62.760000,0.4,1.6
04/13/2025 08:34:28 pm,105.450,-62.760000,0.4,1.6
04/13/2025 08:34:28 pm,105.500,-62.760000,0.4,1.6
04/13/2025 08:34:28 pm,105.550,-62.760000,0.4,1.6
04/13/2025 08:34:28 pm,105.600,-62.760000,0.4,1.6
04/13/2025 08:34:28 pm,105.650,-62.760000,0.4,1.6
04/13/2025 08:34:28 pm,105.700,-62.760000,0.4,1.6
04/13/2025 08:34:28 pm,105.750,-62.760000,0.4,1.6
04/13/2025 08:34:28 pm,105.800,-62.760000,0.4,1.6
04/13/2025 08:34:28 pm,105.850,-62.760000,0.4,1.6
04/13/2025 08:34:28 pm,105.900,-62.760000,0.4,1.6
04/13/2025 08:34:28 pm,105.950,-62.760000,0.4,1.6
04/13/2025 08:34:29 pm,106.000,-62.760000,0.4,1.6
04/13/2025 08:34:29 pm,106.050,-62.760000,0.4,1.6
04/13/2025 08:34:29 pm,106.100,-62.760000,0.4,1.6
04/13/2025 08:34:29 pm,106.150,-62.760000,0.4,1.6
04/13/2025 08:34:29 pm,106.200,-62.760000,0.4,1.6
04/13/2025 08:34:29 pm,106.250,-62.760000,0.4,1.6
04/13/2025 08:34:29 pm,106.300,-62.760000,0.4,1.6
04/13/2025 08:34:29 pm,106.350,-62.760000,0.4,1.6
04/13/2025 08:34:29 pm,106.400,-62.760000,0.4,1.6
04/13/2025 08:34:29 pm,106.450,-62.760000,0.4,1.6
04/13/2025 08:34:29 pm,106.500,-62.760000,0.4,1.6
04/13/2025 08:34:29 pm,106.550,-62.760000,0.4,1.6
04/13/2025 08:34:29 pm,106.600,-62.760000,0.4,1.6
04/13/2025 08:34:29 pm,106.650,-62.760000,0.4,1.6
04/13/2025 08:34:29 pm,106.700,-62.760000,0.4,1.6
04/13/2025 08:34:29 pm,106.750,-62.760000,0.4,1.6
04/13/2025 08:34:29 pm,106.800,-62.760000,0.4,1.6
04/13/2025 08:34:29 pm,106.850,-62.760000,0.4,1.6
04/13/2025 08:34:29 pm,106.900,-62.760000,0.4,1.6
04/13/2025 08:34:29 pm,106.950,-62.760000,0.4,1.6
04/13/2025 08:34:30 pm,107.000,-62.760000,0.4,1.6
04/13/2025 08:34:30 pm,107.050,-62.760000,0.4,1.6
04/13/2025 08:34:30 pm,107.100,-62.760000,0.4,1.6
04/13/2025 08:34:30 pm,107.150,-62.760000,0.4,1.6
04/13/2025 08:34:30 pm,107.200,-62.760000,0.4,1.6
04/13/2025 08:34:30 pm,107.250,-62.760000,0.4,1.6
04/13/2025 08:34:30 pm,107.300,-62.760000,0.4,1.6
04/13/2025 08:34:30 pm,107.350,-62.760000,0.4,1.6
04/13/2025 08:34:30 pm,107.400,-62.760000,0.4,1.6
04/13/2025 08:34:30 pm,107.450,-62.760000,0.4,1.6
04/13/2025 08:34:30 pm,107.500,-62.760000,0.4,1.6
04/13/2025 08:34:30 pm,107.550,-62.760000,0.4,1.6
04/13/2025 08:34:30 pm,107.600,-62.760000,0.4,1.6
04/13/2025 08:34:30 pm,107.650,-62.760000,0.4,1.6
04/13/2025 08:34:30 pm,107.700,-62.760000,0.4,1.6
04/13/2025 08:34:30 pm,107.750,-62.760000,0.4,1.6
04/13/2025 08:34:30 pm,107.800,-62.760000,0.4,1.6
04/13/2025 08:34:30 pm,107.850,-62.760000,0.4,1.6
04/13/2025 08:34:30 pm,107.900,-62.760000,0.4,1.6
04/13/2025 08:34:30 pm,107.950,-62.760000,0.4,1.6
04/13/2025 08:34:31 pm,108.000,-62.760000,0.4,1.6
04/13/2025 08:34:31 pm,108.050,-62.760000,0.4,1.6
04/13/2025 08:34:31 pm,108.100,-62.760000,0.4,1.6
04/13/2025 08:34:31 pm,108.150,-62.760000,0.4,1.6
04/13/2025 08:34:31 pm,108.200,-62.760000,0.4,1.6
04/13/2025 08:34:31 pm,108.250,-62.760000,0.4,1.6
04/13/2025 08:34:31 pm,108.300,-62.760000,0.4,1.6
04/13/2025 08:34:31 pm,108.350,-62.760000,0.4,1.6
04/13/2025 08:34:31 pm,108.400,-62.760000,0.4,1.6
04/13/2025 08:34:31 pm,108.450,-62.760000,0.4,1.6
04/13/2025 08:34:31 pm,108.500,-62.760000,0.4,1.6
04/13/2025 08:34:31 pm,108.550,-62.760000,0.4,1.6
04/13/2025 08:34:31 pm,108.600,-62.760000,0.4,1.6
04/13/2025 08:34:31 pm,108.650,-62.760000,0.4,1.6
04/13/2025 08:34:31 pm,108.700,-62.760000,0.4,1.6
04/13/2025 08:34:31 pm,108.750,-62.760000,0.4,1.6
04/13/2025 08:34:31 pm,108.800,-62.760000,0.4,1.6
04/13/2025 08:34:31 pm,108.850,-62.760000,0.4,1.6
04/13/2025 08:34:31 pm,108.900,-62.760000,0.4,1.6
04/13/2025 08:34:31 pm,108.950,-62.760000,0.4,1.6
04/13/2025 08:34:32 pm,109.000,-62.760000,0.4,1.6
04/13/2025 08:34:32 pm,109.050,-62.760000,0.4,1.6
04/13/2025 08:34:32 pm,109.100,-62.760000,0.4,1.6
04/13/2025 08:34:32 pm,109.150,-62.760000,0.4,1.6
04/13/2025 08:34:32 pm,109.200,-62.760000,0.4,1.6
04/13/2025 08:34:32 pm,109.250,-62.760000,0.4,1.6
04/13/2025 08:34:32 pm,109.300,-62.760000,0.4,1.6
04/13/2025 08:34:32 pm,109.350,-62.760000,0.4,1.6
04/13/2025 08:34:32 pm,109.400,-62.760000,0.4,1.6
04/13/2025 08:34:32 pm,109.450,-62.760000,0.4,1.6
04/13/2025 08:34:32 pm,109.500,-62.760000,0.4,1.6
04/13/2025 08:34:32 pm,109.550,-62.760000,0.4,1.6
04/13/2025 08:34:32 pm,109.600,-62.760000,0.4,1.6
04/13/2025 08:34:32 pm,109.650,-62.760000,0.4,1.6
04/13/2025 08:34:32 pm,109.700,-62.760000,0.4,1.6
04/13/2025 08:34:32 pm,109.750,-62.760000,0.4,1.6
04/13/2025 08:34:32 pm,109.800,-62.760000,0.4,1.6
04/13/2025 08:34:32 pm,109.850,-62.760000,0.4,1.6
04/13/2025 08:34:32 pm,109.900,-62.760000,0.4,1.6
04/13/2025 08:34:32 pm,109.950,-62.760000,0.4,1.6
04/13/2025 08:34:33 pm,110.000,-62.760000,0.4,1.6
04/13/2025 08:34:33 pm,110.050,-62.760000,0.4,1.6
04/13/2025 08:34:33 pm,110.100,-62.760000,0.4,1.6
04/13/2025 08:34:33 pm,110.150,-62.760000,0.4,1.6
04/13/2025 08:34:33 pm,110.200,-62.760000,0.4,1.6
04/13/2025 08:34:33 pm,110.250,-62.760000,0.4,1.6
04/13/2025 08:34:33 pm,110.300,-62.760000,0.4,1.6
04/13/2025 08:34:33 pm,110.350,-62.760000,0.4,1.6
04/13/2025 08:34:33 pm,110.400,-62.760000,0.4,1.6
04/13/2025 08:34:33 pm,110.450,-62.760000,0.4,1.6
04/13/2025 08:34:33 pm,110.500,-62.760000,0.4,1.6
04/13/2025 08:34:33 pm,110.550,-62.760000,0.4,1.6
04/13/2025 08:34:33 pm,110.600,-62.760000,0.4,1.6
04/13/2025 08:34:33 pm,110.650,-62.760000,0.4,1.6
04/13/2025 08:34:33 pm,110.700,-62.760000,0.4,1.6
04/13/2025 08:34:33 pm,110.750,-62.760000,0.4,1.6
04/13/2025 08:34:33 pm,110.800,-62.760000,0.4,1.6
04/13/2025 08:34:33 pm,110.850,-62.760000,0.4,1.6
04/13/2025 08:34:33 pm,110.900,-62.760000,0.4,1.6
04/13/2025 08:34:33 pm,110.950,-62.760000,0.4,1.6
