"Date and Time Run 1","Time (s) Run 1","Position (mm) Run 1","Light Intensity (%) Run 1","Log of Light Intensity Run 1"
04/14/2025 07:41:13 am,0.000,0.005000,71.9,3.9
04/14/2025 07:41:13 am,0.050,0.005000,71.8,3.9
04/14/2025 07:41:13 am,0.100,0.005000,71.4,3.9
04/14/2025 07:41:13 am,0.150,0.005000,71.8,3.9
04/14/2025 07:41:13 am,0.200,0.005000,71.4,3.9
04/14/2025 07:41:13 am,0.250,0.005000,71.3,3.9
04/14/2025 07:41:13 am,0.300,0.005000,70.9,3.9
04/14/2025 07:41:13 am,0.350,0.005000,71.0,3.9
04/14/2025 07:41:13 am,0.400,0.005000,71.1,3.9
04/14/2025 07:41:13 am,0.450,0.005000,71.4,3.9
04/14/2025 07:41:13 am,0.500,0.005000,71.0,3.9
04/14/2025 07:41:13 am,0.550,0.005000,70.9,3.9
04/14/2025 07:41:13 am,0.600,0.005000,70.8,3.8
04/14/2025 07:41:13 am,0.650,0.005000,70.6,3.8
04/14/2025 07:41:13 am,0.700,0.005000,70.4,3.8
04/14/2025 07:41:13 am,0.750,0.005000,70.0,3.8
04/14/2025 07:41:13 am,0.800,0.005000,70.5,3.8
04/14/2025 07:41:13 am,0.850,0.005000,70.1,3.8
04/14/2025 07:41:13 am,0.900,0.005000,70.2,3.8
04/14/2025 07:41:13 am,0.950,0.005000,70.5,3.8
04/14/2025 07:41:14 am,1.000,0.005000,70.5,3.8
04/14/2025 07:41:14 am,1.050,0.005000,70.8,3.8
04/14/2025 07:41:14 am,1.100,0.005000,70.5,3.8
04/14/2025 07:41:14 am,1.150,0.005000,70.1,3.8
04/14/2025 07:41:14 am,1.200,0.005000,70.1,3.8
04/14/2025 07:41:14 am,1.250,0.005000,70.1,3.8
04/14/2025 07:41:14 am,1.300,0.005000,69.9,3.8
04/14/2025 07:41:14 am,1.350,0.005000,70.4,3.8
04/14/2025 07:41:14 am,1.400,0.005000,69.9,3.8
04/14/2025 07:41:14 am,1.450,0.005000,69.4,3.8
04/14/2025 07:41:14 am,1.500,0.005000,69.2,3.8
04/14/2025 07:41:14 am,1.550,0.005000,68.9,3.8
04/14/2025 07:41:14 am,1.600,0.005000,68.9,3.8
04/14/2025 07:41:14 am,1.650,0.005000,69.3,3.8
04/14/2025 07:41:14 am,1.700,0.005000,69.5,3.8
04/14/2025 07:41:14 am,1.750,0.005000,69.9,3.8
04/14/2025 07:41:14 am,1.800,0.005000,69.7,3.8
04/14/2025 07:41:14 am,1.850,0.005000,70.4,3.8
04/14/2025 07:41:14 am,1.900,0.005000,70.1,3.8
04/14/2025 07:41:14 am,1.950,0.005000,70.0,3.8
04/14/2025 07:41:15 am,2.000,0.005000,70.5,3.8
04/14/2025 07:41:15 am,2.050,0.005000,70.3,3.8
04/14/2025 07:41:15 am,2.100,0.005000,69.0,3.8
04/14/2025 07:41:15 am,2.150,0.005000,71.0,3.9
04/14/2025 07:41:15 am,2.200,0.005000,70.2,3.8
04/14/2025 07:41:15 am,2.250,0.005000,69.3,3.8
04/14/2025 07:41:15 am,2.300,0.005000,70.0,3.8
04/14/2025 07:41:15 am,2.350,0.005000,70.5,3.8
04/14/2025 07:41:15 am,2.400,0.005000,70.7,3.8
04/14/2025 07:41:15 am,2.450,0.005000,70.5,3.8
04/14/2025 07:41:15 am,2.500,0.005000,69.2,3.8
04/14/2025 07:41:15 am,2.550,0.005000,70.8,3.8
04/14/2025 07:41:15 am,2.600,0.005000,69.3,3.8
04/14/2025 07:41:15 am,2.650,0.005000,73.0,3.9
04/14/2025 07:41:15 am,2.700,0.005000,70.2,3.8
04/14/2025 07:41:15 am,2.750,0.005000,73.5,3.9
04/14/2025 07:41:15 am,2.800,0.005000,69.0,3.8
04/14/2025 07:41:15 am,2.850,0.005000,71.1,3.9
04/14/2025 07:41:15 am,2.900,0.005000,71.5,3.9
04/14/2025 07:41:15 am,2.950,0.005000,77.9,3.9
04/14/2025 07:41:16 am,3.000,0.005000,70.6,3.8
04/14/2025 07:41:16 am,3.050,0.005000,74.0,3.9
04/14/2025 07:41:16 am,3.100,0.005000,71.3,3.9
04/14/2025 07:41:16 am,3.150,0.005000,76.6,3.9
04/14/2025 07:41:16 am,3.200,0.005000,67.7,3.8
04/14/2025 07:41:16 am,3.250,0.005000,75.3,3.9
04/14/2025 07:41:16 am,3.300,0.005000,68.0,3.8
04/14/2025 07:41:16 am,3.350,0.005000,72.3,3.9
04/14/2025 07:41:16 am,3.400,0.005000,66.4,3.8
04/14/2025 07:41:16 am,3.450,0.005000,71.0,3.9
04/14/2025 07:41:16 am,3.500,0.005000,72.4,3.9
04/14/2025 07:41:16 am,3.550,0.005000,77.2,3.9
04/14/2025 07:41:16 am,3.600,0.005000,81.6,3.9
04/14/2025 07:41:16 am,3.650,0.005000,69.7,3.8
04/14/2025 07:41:16 am,3.700,0.005000,70.3,3.8
04/14/2025 07:41:16 am,3.750,0.005000,69.2,3.8
04/14/2025 07:41:16 am,3.800,0.005000,75.6,3.9
04/14/2025 07:41:16 am,3.850,0.005000,66.6,3.8
04/14/2025 07:41:16 am,3.900,0.005000,69.6,3.8
04/14/2025 07:41:16 am,3.950,0.005000,70.2,3.8
04/14/2025 07:41:17 am,4.000,0.005000,72.1,3.9
04/14/2025 07:41:17 am,4.050,0.005000,68.8,3.8
04/14/2025 07:41:17 am,4.100,0.005000,68.5,3.8
04/14/2025 07:41:17 am,4.150,0.005000,64.1,3.8
04/14/2025 07:41:17 am,4.200,0.005000,78.7,3.9
04/14/2025 07:41:17 am,4.250,0.005000,42.0,3.6
04/14/2025 07:41:17 am,4.300,0.005000,85.4,3.9
04/14/2025 07:41:17 am,4.350,0.005000,57.5,3.8
04/14/2025 07:41:17 am,4.400,0.005000,98.8,4.0
04/14/2025 07:41:17 am,4.450,0.005000,99.2,4.0
04/14/2025 07:41:17 am,4.500,0.005000,92.1,4.0
04/14/2025 07:41:17 am,4.550,0.005000,69.5,3.8
04/14/2025 07:41:17 am,4.600,0.005000,99.2,4.0
04/14/2025 07:41:17 am,4.650,0.005000,85.2,3.9
04/14/2025 07:41:17 am,4.700,0.005000,99.2,4.0
04/14/2025 07:41:17 am,4.750,0.005000,99.2,4.0
04/14/2025 07:41:17 am,4.800,0.005000,98.0,4.0
04/14/2025 07:41:17 am,4.850,0.005000,99.2,4.0
04/14/2025 07:41:17 am,4.900,0.005000,99.2,4.0
04/14/2025 07:41:17 am,4.950,0.005000,99.2,4.0
04/14/2025 07:41:18 am,5.000,0.005000,99.2,4.0
04/14/2025 07:41:18 am,5.050,0.005000,99.2,4.0
04/14/2025 07:41:18 am,5.100,0.005000,99.2,4.0
04/14/2025 07:41:18 am,5.150,0.005000,90.9,4.0
04/14/2025 07:41:18 am,5.200,0.005000,99.2,4.0
04/14/2025 07:41:18 am,5.250,0.005000,68.7,3.8
04/14/2025 07:41:18 am,5.300,0.005000,99.2,4.0
04/14/2025 07:41:18 am,5.350,0.005000,99.2,4.0
04/14/2025 07:41:18 am,5.400,0.005000,92.1,4.0
04/14/2025 07:41:18 am,5.450,0.005000,38.4,3.6
04/14/2025 07:41:18 am,5.500,0.005000,67.5,3.8
04/14/2025 07:41:18 am,5.550,0.005000,52.5,3.7
04/14/2025 07:41:18 am,5.600,0.005000,49.5,3.7
04/14/2025 07:41:18 am,5.650,0.005000,43.8,3.6
04/14/2025 07:41:18 am,5.700,0.005000,55.9,3.7
04/14/2025 07:41:18 am,5.750,0.005000,67.1,3.8
04/14/2025 07:41:18 am,5.800,0.005000,50.9,3.7
04/14/2025 07:41:18 am,5.850,0.005000,66.6,3.8
04/14/2025 07:41:18 am,5.900,0.005000,62.0,3.8
04/14/2025 07:41:18 am,5.950,0.005000,74.2,3.9
04/14/2025 07:41:19 am,6.000,0.005000,55.6,3.7
04/14/2025 07:41:19 am,6.050,0.005000,49.0,3.7
04/14/2025 07:41:19 am,6.100,0.005000,54.4,3.7
04/14/2025 07:41:19 am,6.150,0.005000,48.1,3.7
04/14/2025 07:41:19 am,6.200,0.005000,46.1,3.7
04/14/2025 07:41:19 am,6.250,0.005000,42.3,3.6
04/14/2025 07:41:19 am,6.300,0.005000,54.6,3.7
04/14/2025 07:41:19 am,6.350,0.005000,50.8,3.7
04/14/2025 07:41:19 am,6.400,0.005000,42.9,3.6
04/14/2025 07:41:19 am,6.450,0.005000,51.7,3.7
04/14/2025 07:41:19 am,6.500,0.005000,43.1,3.6
04/14/2025 07:41:19 am,6.550,0.005000,42.1,3.6
04/14/2025 07:41:19 am,6.600,0.005000,42.6,3.6
04/14/2025 07:41:19 am,6.650,0.005000,40.2,3.6
04/14/2025 07:41:19 am,6.700,0.005000,39.5,3.6
04/14/2025 07:41:19 am,6.750,0.005000,31.1,3.5
04/14/2025 07:41:19 am,6.800,0.005000,29.2,3.5
04/14/2025 07:41:19 am,6.850,0.005000,30.9,3.5
04/14/2025 07:41:19 am,6.900,0.005000,31.5,3.5
04/14/2025 07:41:19 am,6.950,0.005000,40.1,3.6
04/14/2025 07:41:20 am,7.000,0.005000,37.0,3.6
04/14/2025 07:41:20 am,7.050,0.005000,51.4,3.7
04/14/2025 07:41:20 am,7.100,0.010000,46.7,3.7
04/14/2025 07:41:20 am,7.150,0.040000,64.9,3.8
04/14/2025 07:41:20 am,7.200,0.115000,73.0,3.9
04/14/2025 07:41:20 am,7.250,0.200000,9.0,3.0
04/14/2025 07:41:20 am,7.300,0.265000,27.3,3.4
04/14/2025 07:41:20 am,7.350,0.420000,45.0,3.7
04/14/2025 07:41:20 am,7.400,0.490000,96.7,4.0
04/14/2025 07:41:20 am,7.450,0.490000,98.8,4.0
04/14/2025 07:41:20 am,7.500,0.535000,99.2,4.0
04/14/2025 07:41:20 am,7.550,0.585000,99.2,4.0
04/14/2025 07:41:20 am,7.600,0.715000,87.2,3.9
04/14/2025 07:41:20 am,7.650,0.815000,28.7,3.5
04/14/2025 07:41:20 am,7.700,0.950000,8.5,2.9
04/14/2025 07:41:20 am,7.750,1.110000,8.4,2.9
04/14/2025 07:41:20 am,7.800,1.245000,40.7,3.6
04/14/2025 07:41:20 am,7.850,1.300000,49.0,3.7
04/14/2025 07:41:20 am,7.900,1.310000,52.7,3.7
04/14/2025 07:41:20 am,7.950,1.330000,56.7,3.8
04/14/2025 07:41:21 am,8.000,1.370000,63.0,3.8
04/14/2025 07:41:21 am,8.050,1.405000,62.8,3.8
04/14/2025 07:41:21 am,8.100,1.465000,64.3,3.8
04/14/2025 07:41:21 am,8.150,1.515000,60.4,3.8
04/14/2025 07:41:21 am,8.200,1.595000,54.6,3.7
04/14/2025 07:41:21 am,8.250,1.725000,36.5,3.6
04/14/2025 07:41:21 am,8.300,1.830000,6.9,2.8
04/14/2025 07:41:21 am,8.350,2.000000,0.3,1.5
04/14/2025 07:41:21 am,8.400,2.145000,20.7,3.3
04/14/2025 07:41:21 am,8.450,2.285000,64.1,3.8
04/14/2025 07:41:21 am,8.500,2.390000,92.1,4.0
04/14/2025 07:41:21 am,8.550,2.515000,88.9,3.9
04/14/2025 07:41:21 am,8.600,2.670000,39.1,3.6
04/14/2025 07:41:21 am,8.650,2.805000,12.7,3.1
04/14/2025 07:41:21 am,8.700,2.950000,30.3,3.5
04/14/2025 07:41:21 am,8.750,3.105000,99.2,4.0
04/14/2025 07:41:21 am,8.800,3.350000,99.2,4.0
04/14/2025 07:41:21 am,8.850,3.600000,99.2,4.0
04/14/2025 07:41:21 am,8.900,3.785000,99.2,4.0
04/14/2025 07:41:21 am,8.950,3.890000,99.2,4.0
04/14/2025 07:41:22 am,9.000,3.925000,99.2,4.0
04/14/2025 07:41:22 am,9.050,4.025000,99.2,4.0
04/14/2025 07:41:22 am,9.100,4.060000,99.2,4.0
04/14/2025 07:41:22 am,9.150,4.140000,99.2,4.0
04/14/2025 07:41:22 am,9.200,4.310000,99.2,4.0
04/14/2025 07:41:22 am,9.250,4.510000,99.2,4.0
04/14/2025 07:41:22 am,9.300,4.640000,99.2,4.0
04/14/2025 07:41:22 am,9.350,4.705000,5.2,2.7
04/14/2025 07:41:22 am,9.400,4.900000,30.4,3.5
04/14/2025 07:41:22 am,9.450,5.235000,57.8,3.8
04/14/2025 07:41:22 am,9.500,5.390000,54.4,3.7
04/14/2025 07:41:22 am,9.550,5.530000,37.3,3.6
04/14/2025 07:41:22 am,9.600,5.715000,4.5,2.6
04/14/2025 07:41:22 am,9.650,5.860000,2.2,2.3
04/14/2025 07:41:22 am,9.700,5.910000,3.3,2.5
04/14/2025 07:41:22 am,9.750,6.005000,8.3,2.9
04/14/2025 07:41:22 am,9.800,6.140000,18.9,3.3
04/14/2025 07:41:22 am,9.850,6.270000,31.3,3.5
04/14/2025 07:41:22 am,9.900,6.400000,29.2,3.5
04/14/2025 07:41:22 am,9.950,6.510000,20.9,3.3
04/14/2025 07:41:23 am,10.000,6.595000,8.2,2.9
04/14/2025 07:41:23 am,10.050,6.665000,6.0,2.8
04/14/2025 07:41:23 am,10.100,6.785000,0.2,1.3
04/14/2025 07:41:23 am,10.150,6.850000,1.2,2.1
04/14/2025 07:41:23 am,10.200,6.950000,2.8,2.4
04/14/2025 07:41:23 am,10.250,7.055000,14.3,3.2
04/14/2025 07:41:23 am,10.300,7.105000,21.1,3.3
04/14/2025 07:41:23 am,10.350,7.220000,28.0,3.4
04/14/2025 07:41:23 am,10.400,7.280000,34.2,3.5
04/14/2025 07:41:23 am,10.450,7.285000,32.7,3.5
04/14/2025 07:41:23 am,10.500,7.305000,33.1,3.5
04/14/2025 07:41:23 am,10.550,7.355000,32.8,3.5
04/14/2025 07:41:23 am,10.600,7.385000,32.3,3.5
04/14/2025 07:41:23 am,10.650,7.420000,32.4,3.5
04/14/2025 07:41:23 am,10.700,7.460000,31.7,3.5
04/14/2025 07:41:23 am,10.750,7.545000,21.4,3.3
04/14/2025 07:41:23 am,10.800,7.635000,13.4,3.1
04/14/2025 07:41:23 am,10.850,7.730000,3.7,2.6
04/14/2025 07:41:23 am,10.900,7.815000,2.6,2.4
04/14/2025 07:41:23 am,10.950,7.900000,12.4,3.1
04/14/2025 07:41:24 am,11.000,7.980000,23.5,3.4
04/14/2025 07:41:24 am,11.050,7.990000,15.9,3.2
04/14/2025 07:41:24 am,11.100,8.035000,32.9,3.5
04/14/2025 07:41:24 am,11.150,8.095000,55.9,3.7
04/14/2025 07:41:24 am,11.200,8.105000,65.4,3.8
04/14/2025 07:41:24 am,11.250,8.110000,57.9,3.8
04/14/2025 07:41:24 am,11.300,8.135000,84.6,3.9
04/14/2025 07:41:24 am,11.350,8.135000,95.9,4.0
04/14/2025 07:41:24 am,11.400,8.135000,73.5,3.9
04/14/2025 07:41:24 am,11.450,8.155000,73.7,3.9
04/14/2025 07:41:24 am,11.500,8.195000,99.2,4.0
04/14/2025 07:41:24 am,11.550,8.250000,62.6,3.8
04/14/2025 07:41:24 am,11.600,8.275000,77.4,3.9
04/14/2025 07:41:24 am,11.650,8.340000,99.2,4.0
04/14/2025 07:41:24 am,11.700,8.395000,99.2,4.0
04/14/2025 07:41:24 am,11.750,8.455000,99.2,4.0
04/14/2025 07:41:24 am,11.800,8.455000,99.2,4.0
04/14/2025 07:41:24 am,11.850,8.455000,99.2,4.0
04/14/2025 07:41:24 am,11.900,8.455000,99.2,4.0
04/14/2025 07:41:24 am,11.950,8.455000,99.2,4.0
04/14/2025 07:41:25 am,12.000,8.455000,99.2,4.0
04/14/2025 07:41:25 am,12.050,8.440000,99.2,4.0
04/14/2025 07:41:25 am,12.100,8.430000,99.2,4.0
04/14/2025 07:41:25 am,12.150,8.430000,99.2,4.0
04/14/2025 07:41:25 am,12.200,8.430000,99.2,4.0
04/14/2025 07:41:25 am,12.250,8.430000,99.2,4.0
04/14/2025 07:41:25 am,12.300,8.430000,99.2,4.0
04/14/2025 07:41:25 am,12.350,8.430000,99.2,4.0
04/14/2025 07:41:25 am,12.400,8.455000,99.2,4.0
04/14/2025 07:41:25 am,12.450,8.535000,99.2,4.0
04/14/2025 07:41:25 am,12.500,8.640000,99.2,4.0
04/14/2025 07:41:25 am,12.550,8.735000,99.2,4.0
04/14/2025 07:41:25 am,12.600,8.765000,99.2,4.0
04/14/2025 07:41:25 am,12.650,8.900000,99.2,4.0
04/14/2025 07:41:25 am,12.700,9.050000,99.2,4.0
04/14/2025 07:41:25 am,12.750,9.210000,99.2,4.0
04/14/2025 07:41:25 am,12.800,9.365000,89.8,4.0
04/14/2025 07:41:25 am,12.850,9.455000,64.2,3.8
04/14/2025 07:41:25 am,12.900,9.465000,54.1,3.7
04/14/2025 07:41:25 am,12.950,9.490000,49.7,3.7
04/14/2025 07:41:26 am,13.000,9.545000,36.2,3.6
04/14/2025 07:41:26 am,13.050,9.675000,0.2,1.3
04/14/2025 07:41:26 am,13.100,9.825000,4.4,2.6
04/14/2025 07:41:26 am,13.150,9.955000,6.2,2.8
04/14/2025 07:41:26 am,13.200,10.065000,8.6,2.9
04/14/2025 07:41:26 am,13.250,10.240000,8.2,2.9
04/14/2025 07:41:26 am,13.300,10.350000,4.1,2.6
04/14/2025 07:41:26 am,13.350,10.490000,2.5,2.4
04/14/2025 07:41:26 am,13.400,10.630000,0.5,1.7
04/14/2025 07:41:26 am,13.450,10.815000,1.1,2.0
04/14/2025 07:41:26 am,13.500,10.970000,2.5,2.4
04/14/2025 07:41:26 am,13.550,11.065000,2.7,2.4
04/14/2025 07:41:26 am,13.600,11.130000,2.7,2.4
04/14/2025 07:41:26 am,13.650,11.170000,2.6,2.4
04/14/2025 07:41:26 am,13.700,11.190000,2.4,2.4
04/14/2025 07:41:26 am,13.750,11.215000,2.4,2.4
04/14/2025 07:41:26 am,13.800,11.255000,2.1,2.3
04/14/2025 07:41:26 am,13.850,11.320000,1.6,2.2
04/14/2025 07:41:26 am,13.900,11.360000,1.3,2.1
04/14/2025 07:41:26 am,13.950,11.440000,1.0,2.0
04/14/2025 07:41:27 am,14.000,11.540000,0.7,1.8
04/14/2025 07:41:27 am,14.050,11.680000,0.4,1.6
04/14/2025 07:41:27 am,14.100,11.800000,0.5,1.7
04/14/2025 07:41:27 am,14.150,11.935000,0.7,1.8
04/14/2025 07:41:27 am,14.200,12.105000,1.0,2.0
04/14/2025 07:41:27 am,14.250,12.235000,1.0,2.0
04/14/2025 07:41:27 am,14.300,12.330000,0.8,1.9
04/14/2025 07:41:27 am,14.350,12.460000,0.5,1.7
04/14/2025 07:41:27 am,14.400,12.565000,0.3,1.5
04/14/2025 07:41:27 am,14.450,12.640000,0.3,1.4
04/14/2025 07:41:27 am,14.500,12.720000,0.3,1.5
04/14/2025 07:41:27 am,14.550,12.820000,0.6,1.8
04/14/2025 07:41:27 am,14.600,12.940000,1.0,2.0
04/14/2025 07:41:27 am,14.650,13.090000,1.7,2.2
04/14/2025 07:41:27 am,14.700,13.195000,2.1,2.3
04/14/2025 07:41:27 am,14.750,13.275000,2.2,2.3
04/14/2025 07:41:27 am,14.800,13.345000,2.2,2.3
04/14/2025 07:41:27 am,14.850,13.460000,2.1,2.3
04/14/2025 07:41:27 am,14.900,13.590000,1.9,2.3
04/14/2025 07:41:27 am,14.950,13.765000,1.5,2.2
04/14/2025 07:41:28 am,15.000,13.830000,1.4,2.1
04/14/2025 07:41:28 am,15.050,13.885000,1.3,2.1
04/14/2025 07:41:28 am,15.100,14.000000,1.2,2.1
04/14/2025 07:41:28 am,15.150,14.145000,1.0,2.0
04/14/2025 07:41:28 am,15.200,14.310000,0.7,1.8
04/14/2025 07:41:28 am,15.250,14.465000,0.5,1.7
04/14/2025 07:41:28 am,15.300,14.685000,0.3,1.5
04/14/2025 07:41:28 am,15.350,14.845000,0.5,1.7
04/14/2025 07:41:28 am,15.400,15.015000,0.6,1.8
04/14/2025 07:41:28 am,15.450,15.230000,0.8,1.9
04/14/2025 07:41:28 am,15.500,15.425000,0.5,1.7
04/14/2025 07:41:28 am,15.550,15.585000,0.4,1.6
04/14/2025 07:41:28 am,15.600,15.690000,0.4,1.5
04/14/2025 07:41:28 am,15.650,15.785000,0.4,1.6
04/14/2025 07:41:28 am,15.700,15.895000,0.5,1.7
04/14/2025 07:41:28 am,15.750,16.005000,0.6,1.8
04/14/2025 07:41:28 am,15.800,16.090000,0.7,1.8
04/14/2025 07:41:28 am,15.850,16.205000,0.7,1.8
04/14/2025 07:41:28 am,15.900,16.290000,0.5,1.7
04/14/2025 07:41:28 am,15.950,16.335000,0.5,1.7
04/14/2025 07:41:29 am,16.000,16.575000,0.3,1.5
04/14/2025 07:41:29 am,16.050,16.750000,0.7,1.8
04/14/2025 07:41:29 am,16.100,16.880000,1.3,2.1
04/14/2025 07:41:29 am,16.150,17.025000,2.0,2.3
04/14/2025 07:41:29 am,16.200,17.110000,2.1,2.3
04/14/2025 07:41:29 am,16.250,17.210000,1.8,2.3
04/14/2025 07:41:29 am,16.300,17.270000,1.4,2.1
04/14/2025 07:41:29 am,16.350,17.400000,0.8,1.9
04/14/2025 07:41:29 am,16.400,17.505000,0.6,1.8
04/14/2025 07:41:29 am,16.450,17.555000,0.8,1.9
04/14/2025 07:41:29 am,16.500,17.635000,1.3,2.1
04/14/2025 07:41:29 am,16.550,17.860000,10.1,3.0
04/14/2025 07:41:29 am,16.600,17.990000,34.1,3.5
04/14/2025 07:41:29 am,16.650,18.050000,31.8,3.5
04/14/2025 07:41:29 am,16.700,18.125000,48.3,3.7
04/14/2025 07:41:29 am,16.750,18.165000,48.2,3.7
04/14/2025 07:41:29 am,16.800,18.220000,59.2,3.8
04/14/2025 07:41:29 am,16.850,18.255000,58.5,3.8
04/14/2025 07:41:29 am,16.900,18.405000,71.2,3.9
04/14/2025 07:41:29 am,16.950,18.480000,70.1,3.8
04/14/2025 07:41:30 am,17.000,18.520000,69.3,3.8
04/14/2025 07:41:30 am,17.050,18.585000,68.4,3.8
04/14/2025 07:41:30 am,17.100,18.725000,54.4,3.7
04/14/2025 07:41:30 am,17.150,18.840000,29.7,3.5
04/14/2025 07:41:30 am,17.200,18.860000,27.4,3.4
04/14/2025 07:41:30 am,17.250,18.875000,26.2,3.4
04/14/2025 07:41:30 am,17.300,19.045000,9.7,3.0
04/14/2025 07:41:30 am,17.350,19.180000,0.5,1.7
04/14/2025 07:41:30 am,17.400,19.315000,0.6,1.8
04/14/2025 07:41:30 am,17.450,19.500000,2.2,2.3
04/14/2025 07:41:30 am,17.500,19.625000,4.5,2.7
04/14/2025 07:41:30 am,17.550,19.705000,4.6,2.7
04/14/2025 07:41:30 am,17.600,19.785000,4.3,2.6
04/14/2025 07:41:30 am,17.650,19.925000,2.9,2.5
04/14/2025 07:41:30 am,17.700,20.110000,0.7,1.8
04/14/2025 07:41:30 am,17.750,20.210000,0.3,1.5
04/14/2025 07:41:30 am,17.800,20.270000,0.3,1.4
04/14/2025 07:41:30 am,17.850,20.425000,0.5,1.7
04/14/2025 07:41:30 am,17.900,20.565000,1.2,2.1
04/14/2025 07:41:30 am,17.950,20.720000,2.0,2.3
04/14/2025 07:41:31 am,18.000,20.890000,1.6,2.2
04/14/2025 07:41:31 am,18.050,21.040000,0.5,1.7
04/14/2025 07:41:31 am,18.100,21.140000,0.3,1.5
04/14/2025 07:41:31 am,18.150,21.205000,0.2,1.4
04/14/2025 07:41:31 am,18.200,21.240000,0.3,1.4
04/14/2025 07:41:31 am,18.250,21.290000,0.4,1.6
04/14/2025 07:41:31 am,18.300,21.315000,0.5,1.7
04/14/2025 07:41:31 am,18.350,21.355000,0.7,1.8
04/14/2025 07:41:31 am,18.400,21.395000,1.3,2.1
04/14/2025 07:41:31 am,18.450,21.410000,1.4,2.1
04/14/2025 07:41:31 am,18.500,21.440000,1.8,2.2
04/14/2025 07:41:31 am,18.550,21.540000,2.2,2.3
04/14/2025 07:41:31 am,18.600,21.670000,3.2,2.5
04/14/2025 07:41:31 am,18.650,21.920000,2.4,2.4
04/14/2025 07:41:31 am,18.700,22.150000,0.2,1.3
04/14/2025 07:41:31 am,18.750,22.275000,1.4,2.1
04/14/2025 07:41:31 am,18.800,22.315000,2.9,2.5
04/14/2025 07:41:31 am,18.850,22.340000,4.3,2.6
04/14/2025 07:41:31 am,18.900,22.405000,8.0,2.9
04/14/2025 07:41:31 am,18.950,22.450000,15.2,3.2
04/14/2025 07:41:32 am,19.000,22.530000,20.3,3.3
04/14/2025 07:41:32 am,19.050,22.705000,39.0,3.6
04/14/2025 07:41:32 am,19.100,22.995000,59.8,3.8
04/14/2025 07:41:32 am,19.150,23.170000,55.7,3.7
04/14/2025 07:41:32 am,19.200,23.260000,49.7,3.7
04/14/2025 07:41:32 am,19.250,23.375000,39.6,3.6
04/14/2025 07:41:32 am,19.300,23.520000,28.7,3.5
04/14/2025 07:41:32 am,19.350,23.650000,15.8,3.2
04/14/2025 07:41:32 am,19.400,23.755000,7.9,2.9
04/14/2025 07:41:32 am,19.450,23.835000,4.4,2.6
04/14/2025 07:41:32 am,19.500,23.975000,0.8,1.9
04/14/2025 07:41:32 am,19.550,24.085000,0.5,1.7
04/14/2025 07:41:32 am,19.600,24.195000,0.4,1.6
04/14/2025 07:41:32 am,19.650,24.385000,0.9,2.0
04/14/2025 07:41:32 am,19.700,24.560000,1.4,2.2
04/14/2025 07:41:32 am,19.750,24.630000,1.2,2.1
04/14/2025 07:41:32 am,19.800,24.760000,0.9,1.9
04/14/2025 07:41:32 am,19.850,24.965000,0.3,1.4
04/14/2025 07:41:32 am,19.900,25.125000,0.2,1.3
04/14/2025 07:41:32 am,19.950,25.185000,0.2,1.3
04/14/2025 07:41:33 am,20.000,25.300000,0.3,1.5
04/14/2025 07:41:33 am,20.050,25.395000,0.4,1.6
04/14/2025 07:41:33 am,20.100,25.515000,0.5,1.7
04/14/2025 07:41:33 am,20.150,25.670000,0.5,1.7
04/14/2025 07:41:33 am,20.200,25.770000,0.4,1.6
04/14/2025 07:41:33 am,20.250,25.935000,0.3,1.4
04/14/2025 07:41:33 am,20.300,26.185000,0.1,1.1
04/14/2025 07:41:33 am,20.350,26.295000,0.3,1.4
04/14/2025 07:41:33 am,20.400,26.435000,0.3,1.5
04/14/2025 07:41:33 am,20.450,26.570000,0.4,1.6
04/14/2025 07:41:33 am,20.500,26.585000,0.3,1.5
04/14/2025 07:41:33 am,20.550,26.655000,0.3,1.5
04/14/2025 07:41:33 am,20.600,26.780000,0.3,1.4
04/14/2025 07:41:33 am,20.650,26.860000,0.2,1.3
04/14/2025 07:41:33 am,20.700,26.905000,0.2,1.2
04/14/2025 07:41:33 am,20.750,26.915000,0.2,1.3
04/14/2025 07:41:33 am,20.800,27.015000,0.2,1.2
04/14/2025 07:41:33 am,20.850,27.080000,0.2,1.2
04/14/2025 07:41:33 am,20.900,27.170000,0.2,1.3
04/14/2025 07:41:33 am,20.950,27.290000,0.3,1.5
04/14/2025 07:41:34 am,21.000,27.390000,0.5,1.7
04/14/2025 07:41:34 am,21.050,27.425000,0.5,1.7
04/14/2025 07:41:34 am,21.100,27.530000,0.7,1.9
04/14/2025 07:41:34 am,21.150,27.555000,0.8,1.9
04/14/2025 07:41:34 am,21.200,27.615000,0.8,1.9
04/14/2025 07:41:34 am,21.250,27.740000,1.0,2.0
04/14/2025 07:41:34 am,21.300,27.850000,1.0,2.0
04/14/2025 07:41:34 am,21.350,27.930000,0.9,1.9
04/14/2025 07:41:34 am,21.400,27.990000,0.8,1.9
04/14/2025 07:41:34 am,21.450,28.120000,0.7,1.9
04/14/2025 07:41:34 am,21.500,28.205000,0.6,1.7
04/14/2025 07:41:34 am,21.550,28.220000,0.5,1.7
04/14/2025 07:41:34 am,21.600,28.265000,0.6,1.7
04/14/2025 07:41:34 am,21.650,28.385000,0.4,1.6
04/14/2025 07:41:34 am,21.700,28.590000,0.3,1.4
04/14/2025 07:41:34 am,21.750,28.805000,0.2,1.2
04/14/2025 07:41:34 am,21.800,28.910000,0.2,1.2
04/14/2025 07:41:34 am,21.850,29.055000,0.2,1.2
04/14/2025 07:41:34 am,21.900,29.235000,0.2,1.2
04/14/2025 07:41:34 am,21.950,29.405000,0.2,1.3
04/14/2025 07:41:35 am,22.000,29.470000,0.2,1.3
04/14/2025 07:41:35 am,22.050,29.515000,0.2,1.3
04/14/2025 07:41:35 am,22.100,29.650000,0.2,1.3
04/14/2025 07:41:35 am,22.150,29.785000,0.2,1.2
04/14/2025 07:41:35 am,22.200,30.000000,0.1,1.2
04/14/2025 07:41:35 am,22.250,30.205000,0.2,1.3
04/14/2025 07:41:35 am,22.300,30.410000,0.2,1.3
04/14/2025 07:41:35 am,22.350,30.685000,0.2,1.3
04/14/2025 07:41:35 am,22.400,30.880000,0.1,1.1
04/14/2025 07:41:35 am,22.450,31.025000,0.2,1.3
04/14/2025 07:41:35 am,22.500,31.095000,0.2,1.4
04/14/2025 07:41:35 am,22.550,31.125000,0.2,1.4
04/14/2025 07:41:35 am,22.600,31.200000,0.3,1.5
04/14/2025 07:41:35 am,22.650,31.265000,0.3,1.5
04/14/2025 07:41:35 am,22.700,31.325000,0.4,1.6
04/14/2025 07:41:35 am,22.750,31.390000,0.4,1.6
04/14/2025 07:41:35 am,22.800,31.430000,0.4,1.6
04/14/2025 07:41:35 am,22.850,31.550000,0.4,1.6
04/14/2025 07:41:35 am,22.900,31.755000,0.3,1.5
04/14/2025 07:41:35 am,22.950,31.920000,0.3,1.5
04/14/2025 07:41:36 am,23.000,32.035000,0.7,1.8
04/14/2025 07:41:36 am,23.050,32.140000,1.8,2.2
04/14/2025 07:41:36 am,23.100,32.270000,4.0,2.6
04/14/2025 07:41:36 am,23.150,32.375000,8.3,2.9
04/14/2025 07:41:36 am,23.200,32.490000,12.6,3.1
04/14/2025 07:41:36 am,23.250,32.555000,14.9,3.2
04/14/2025 07:41:36 am,23.300,32.650000,17.0,3.2
04/14/2025 07:41:36 am,23.350,32.710000,17.7,3.2
04/14/2025 07:41:36 am,23.400,32.820000,17.9,3.3
04/14/2025 07:41:36 am,23.450,32.900000,16.6,3.2
04/14/2025 07:41:36 am,23.500,33.005000,13.5,3.1
04/14/2025 07:41:36 am,23.550,33.120000,9.5,3.0
04/14/2025 07:41:36 am,23.600,33.240000,4.9,2.7
04/14/2025 07:41:36 am,23.650,33.300000,2.9,2.5
04/14/2025 07:41:36 am,23.700,33.430000,1.1,2.1
04/14/2025 07:41:36 am,23.750,33.565000,0.2,1.3
04/14/2025 07:41:36 am,23.800,33.630000,0.3,1.5
04/14/2025 07:41:36 am,23.850,33.740000,0.4,1.6
04/14/2025 07:41:36 am,23.900,33.930000,0.9,1.9
04/14/2025 07:41:36 am,23.950,34.215000,1.1,2.0
04/14/2025 07:41:37 am,24.000,34.530000,0.2,1.2
04/14/2025 07:41:37 am,24.050,34.710000,0.2,1.4
04/14/2025 07:41:37 am,24.100,34.860000,0.4,1.6
04/14/2025 07:41:37 am,24.150,35.090000,0.7,1.8
04/14/2025 07:41:37 am,24.200,35.290000,0.5,1.7
04/14/2025 07:41:37 am,24.250,35.440000,0.2,1.4
04/14/2025 07:41:37 am,24.300,35.625000,0.2,1.2
04/14/2025 07:41:37 am,24.350,35.845000,0.5,1.7
04/14/2025 07:41:37 am,24.400,35.985000,0.8,1.9
04/14/2025 07:41:37 am,24.450,36.260000,0.8,1.9
04/14/2025 07:41:37 am,24.500,36.450000,0.2,1.3
04/14/2025 07:41:37 am,24.550,36.515000,0.3,1.5
04/14/2025 07:41:37 am,24.600,36.635000,0.6,1.8
04/14/2025 07:41:37 am,24.650,36.700000,1.6,2.2
04/14/2025 07:41:37 am,24.700,36.775000,2.8,2.4
04/14/2025 07:41:37 am,24.750,36.865000,5.2,2.7
04/14/2025 07:41:37 am,24.800,36.970000,8.5,2.9
04/14/2025 07:41:37 am,24.850,37.100000,14.0,3.1
04/14/2025 07:41:37 am,24.900,37.240000,19.1,3.3
04/14/2025 07:41:37 am,24.950,37.395000,22.2,3.3
04/14/2025 07:41:38 am,25.000,37.495000,21.6,3.3
04/14/2025 07:41:38 am,25.050,37.620000,20.6,3.3
04/14/2025 07:41:38 am,25.100,37.800000,14.1,3.1
04/14/2025 07:41:38 am,25.150,38.015000,5.5,2.7
04/14/2025 07:41:38 am,25.200,38.165000,1.3,2.1
04/14/2025 07:41:38 am,25.250,38.240000,0.9,1.9
04/14/2025 07:41:38 am,25.300,38.390000,0.3,1.4
04/14/2025 07:41:38 am,25.350,38.545000,0.3,1.5
04/14/2025 07:41:38 am,25.400,38.650000,0.4,1.6
04/14/2025 07:41:38 am,25.450,38.850000,0.6,1.8
04/14/2025 07:41:38 am,25.500,38.925000,0.5,1.7
04/14/2025 07:41:38 am,25.550,38.970000,0.5,1.7
04/14/2025 07:41:38 am,25.600,39.070000,0.4,1.6
04/14/2025 07:41:38 am,25.650,39.255000,0.2,1.3
04/14/2025 07:41:38 am,25.700,39.430000,0.2,1.2
04/14/2025 07:41:38 am,25.750,39.560000,0.2,1.3
04/14/2025 07:41:38 am,25.800,39.675000,0.3,1.5
04/14/2025 07:41:38 am,25.850,39.795000,0.3,1.5
04/14/2025 07:41:38 am,25.900,39.925000,0.3,1.5
04/14/2025 07:41:38 am,25.950,40.060000,0.2,1.4
04/14/2025 07:41:39 am,26.000,40.185000,0.2,1.3
04/14/2025 07:41:39 am,26.050,40.325000,0.1,1.2
04/14/2025 07:41:39 am,26.100,40.570000,0.2,1.2
04/14/2025 07:41:39 am,26.150,40.725000,0.3,1.4
04/14/2025 07:41:39 am,26.200,40.895000,0.2,1.4
04/14/2025 07:41:39 am,26.250,41.010000,0.2,1.3
04/14/2025 07:41:39 am,26.300,41.110000,0.2,1.2
04/14/2025 07:41:39 am,26.350,41.195000,0.1,1.2
04/14/2025 07:41:39 am,26.400,41.270000,0.1,1.1
04/14/2025 07:41:39 am,26.450,41.405000,0.2,1.2
04/14/2025 07:41:39 am,26.500,41.500000,0.3,1.4
04/14/2025 07:41:39 am,26.550,41.640000,0.4,1.5
04/14/2025 07:41:39 am,26.600,41.795000,0.6,1.8
04/14/2025 07:41:39 am,26.650,42.025000,0.7,1.9
04/14/2025 07:41:39 am,26.700,42.085000,0.7,1.9
04/14/2025 07:41:39 am,26.750,42.105000,0.7,1.9
04/14/2025 07:41:39 am,26.800,42.180000,0.7,1.8
04/14/2025 07:41:39 am,26.850,42.345000,0.6,1.7
04/14/2025 07:41:39 am,26.900,42.475000,0.4,1.6
04/14/2025 07:41:39 am,26.950,42.565000,0.3,1.5
04/14/2025 07:41:40 am,27.000,42.685000,0.2,1.4
04/14/2025 07:41:40 am,27.050,42.890000,0.2,1.3
04/14/2025 07:41:40 am,27.100,42.985000,0.2,1.2
04/14/2025 07:41:40 am,27.150,43.090000,0.2,1.2
04/14/2025 07:41:40 am,27.200,43.205000,0.1,1.1
04/14/2025 07:41:40 am,27.250,43.435000,0.1,1.2
04/14/2025 07:41:40 am,27.300,43.615000,0.2,1.2
04/14/2025 07:41:40 am,27.350,43.655000,0.2,1.2
04/14/2025 07:41:40 am,27.400,43.755000,0.2,1.2
04/14/2025 07:41:40 am,27.450,43.820000,0.2,1.2
04/14/2025 07:41:40 am,27.500,43.855000,0.2,1.2
04/14/2025 07:41:40 am,27.550,44.030000,0.2,1.2
04/14/2025 07:41:40 am,27.600,44.210000,0.1,1.1
04/14/2025 07:41:40 am,27.650,44.290000,0.1,1.1
04/14/2025 07:41:40 am,27.700,44.335000,0.1,1.2
04/14/2025 07:41:40 am,27.750,44.440000,0.1,1.2
04/14/2025 07:41:40 am,27.800,44.650000,0.2,1.2
04/14/2025 07:41:40 am,27.850,44.765000,0.2,1.2
04/14/2025 07:41:40 am,27.900,44.870000,0.1,1.2
04/14/2025 07:41:40 am,27.950,45.005000,0.1,1.1
04/14/2025 07:41:41 am,28.000,45.165000,0.1,1.2
04/14/2025 07:41:41 am,28.050,45.290000,0.2,1.2
04/14/2025 07:41:41 am,28.100,45.410000,0.2,1.3
04/14/2025 07:41:41 am,28.150,45.550000,0.2,1.4
04/14/2025 07:41:41 am,28.200,45.730000,0.2,1.4
04/14/2025 07:41:41 am,28.250,45.865000,0.2,1.3
04/14/2025 07:41:41 am,28.300,46.015000,0.2,1.3
04/14/2025 07:41:41 am,28.350,46.160000,0.3,1.4
04/14/2025 07:41:41 am,28.400,46.340000,0.7,1.8
04/14/2025 07:41:41 am,28.450,46.460000,1.4,2.2
04/14/2025 07:41:41 am,28.500,46.605000,2.5,2.4
04/14/2025 07:41:41 am,28.550,46.805000,4.5,2.7
04/14/2025 07:41:41 am,28.600,47.045000,6.2,2.8
04/14/2025 07:41:41 am,28.650,47.290000,4.5,2.7
04/14/2025 07:41:41 am,28.700,47.495000,1.5,2.2
04/14/2025 07:41:41 am,28.750,47.595000,0.8,1.9
04/14/2025 07:41:41 am,28.800,47.695000,0.4,1.6
04/14/2025 07:41:41 am,28.850,47.795000,0.2,1.4
04/14/2025 07:41:41 am,28.900,47.845000,0.2,1.3
04/14/2025 07:41:41 am,28.950,47.990000,0.2,1.3
04/14/2025 07:41:42 am,29.000,48.150000,0.4,1.6
04/14/2025 07:41:42 am,29.050,48.215000,0.5,1.7
04/14/2025 07:41:42 am,29.100,48.295000,0.6,1.7
04/14/2025 07:41:42 am,29.150,48.430000,0.6,1.8
04/14/2025 07:41:42 am,29.200,48.575000,0.4,1.6
04/14/2025 07:41:42 am,29.250,48.760000,0.2,1.3
04/14/2025 07:41:42 am,29.300,48.920000,0.1,1.1
04/14/2025 07:41:42 am,29.350,49.015000,0.2,1.3
04/14/2025 07:41:42 am,29.400,49.140000,0.2,1.4
04/14/2025 07:41:42 am,29.450,49.230000,0.3,1.5
04/14/2025 07:41:42 am,29.500,49.305000,0.3,1.5
04/14/2025 07:41:42 am,29.550,49.455000,0.4,1.5
04/14/2025 07:41:42 am,29.600,49.610000,0.2,1.3
04/14/2025 07:41:42 am,29.650,49.715000,0.2,1.3
04/14/2025 07:41:42 am,29.700,49.895000,0.1,1.1
04/14/2025 07:41:42 am,29.750,50.040000,0.2,1.3
04/14/2025 07:41:42 am,29.800,50.215000,0.4,1.6
04/14/2025 07:41:42 am,29.850,50.385000,0.4,1.6
04/14/2025 07:41:42 am,29.900,50.560000,0.3,1.5
04/14/2025 07:41:42 am,29.950,50.755000,0.2,1.3
04/14/2025 07:41:43 am,30.000,50.875000,0.3,1.5
04/14/2025 07:41:43 am,30.050,50.950000,0.7,1.8
04/14/2025 07:41:43 am,30.100,51.000000,1.3,2.1
04/14/2025 07:41:43 am,30.150,51.045000,1.5,2.2
04/14/2025 07:41:43 am,30.200,51.145000,2.6,2.4
04/14/2025 07:41:43 am,30.250,51.225000,3.9,2.6
04/14/2025 07:41:43 am,30.300,51.295000,4.5,2.7
04/14/2025 07:41:43 am,30.350,51.350000,5.9,2.8
04/14/2025 07:41:43 am,30.400,51.485000,7.5,2.9
04/14/2025 07:41:43 am,30.450,51.720000,10.3,3.0
04/14/2025 07:41:43 am,30.500,51.935000,8.0,2.9
04/14/2025 07:41:43 am,30.550,52.110000,3.9,2.6
04/14/2025 07:41:43 am,30.600,52.210000,2.2,2.3
04/14/2025 07:41:43 am,30.650,52.335000,0.8,1.9
04/14/2025 07:41:43 am,30.700,52.435000,0.5,1.7
04/14/2025 07:41:43 am,30.750,52.570000,0.2,1.2
04/14/2025 07:41:43 am,30.800,52.630000,0.2,1.3
04/14/2025 07:41:43 am,30.850,52.705000,0.2,1.4
04/14/2025 07:41:43 am,30.900,52.810000,0.3,1.5
04/14/2025 07:41:43 am,30.950,52.955000,0.4,1.6
04/14/2025 07:41:44 am,31.000,53.050000,0.4,1.6
04/14/2025 07:41:44 am,31.050,53.130000,0.3,1.5
04/14/2025 07:41:44 am,31.100,53.225000,0.2,1.3
04/14/2025 07:41:44 am,31.150,53.295000,0.2,1.3
04/14/2025 07:41:44 am,31.200,53.440000,0.1,1.1
04/14/2025 07:41:44 am,31.250,53.685000,0.2,1.3
04/14/2025 07:41:44 am,31.300,53.935000,0.3,1.4
04/14/2025 07:41:44 am,31.350,54.145000,0.2,1.2
04/14/2025 07:41:44 am,31.400,54.160000,0.2,1.2
04/14/2025 07:41:44 am,31.450,54.230000,0.1,1.2
04/14/2025 07:41:44 am,31.500,54.390000,0.1,1.1
04/14/2025 07:41:44 am,31.550,54.555000,0.2,1.2
04/14/2025 07:41:44 am,31.600,54.705000,0.2,1.3
04/14/2025 07:41:44 am,31.650,54.875000,0.2,1.3
04/14/2025 07:41:44 am,31.700,55.090000,0.2,1.2
04/14/2025 07:41:44 am,31.750,55.280000,0.1,1.1
04/14/2025 07:41:44 am,31.800,55.395000,0.1,1.1
04/14/2025 07:41:44 am,31.850,55.565000,0.2,1.2
04/14/2025 07:41:44 am,31.900,55.710000,0.3,1.4
04/14/2025 07:41:44 am,31.950,55.810000,0.3,1.5
04/14/2025 07:41:45 am,32.000,55.950000,0.4,1.6
04/14/2025 07:41:45 am,32.050,56.030000,0.5,1.7
04/14/2025 07:41:45 am,32.100,56.130000,0.5,1.7
04/14/2025 07:41:45 am,32.150,56.230000,0.5,1.7
04/14/2025 07:41:45 am,32.200,56.355000,0.5,1.7
04/14/2025 07:41:45 am,32.250,56.455000,0.4,1.7
04/14/2025 07:41:45 am,32.300,56.480000,0.4,1.6
04/14/2025 07:41:45 am,32.350,56.480000,0.4,1.6
04/14/2025 07:41:45 am,32.400,56.570000,0.4,1.6
04/14/2025 07:41:45 am,32.450,56.775000,0.3,1.5
04/14/2025 07:41:45 am,32.500,57.030000,0.2,1.3
04/14/2025 07:41:45 am,32.550,57.370000,0.1,1.1
04/14/2025 07:41:45 am,32.600,57.470000,0.1,1.1
04/14/2025 07:41:45 am,32.650,57.520000,0.1,1.1
04/14/2025 07:41:45 am,32.700,57.625000,0.1,1.1
04/14/2025 07:41:45 am,32.750,57.785000,0.1,1.1
04/14/2025 07:41:45 am,32.800,57.885000,0.1,1.2
04/14/2025 07:41:45 am,32.850,57.970000,0.1,1.1
04/14/2025 07:41:45 am,32.900,58.075000,0.1,1.1
04/14/2025 07:41:45 am,32.950,58.170000,0.1,1.2
04/14/2025 07:41:46 am,33.000,58.295000,0.1,1.1
04/14/2025 07:41:46 am,33.050,58.415000,0.1,1.1
04/14/2025 07:41:46 am,33.100,58.575000,0.1,1.1
04/14/2025 07:41:46 am,33.150,58.770000,0.1,1.2
04/14/2025 07:41:46 am,33.200,58.990000,0.1,1.2
04/14/2025 07:41:46 am,33.250,59.180000,0.1,1.2
04/14/2025 07:41:46 am,33.300,59.330000,0.1,1.1
04/14/2025 07:41:46 am,33.350,59.435000,0.1,1.2
04/14/2025 07:41:46 am,33.400,59.600000,0.2,1.3
04/14/2025 07:41:46 am,33.450,59.735000,0.2,1.3
04/14/2025 07:41:46 am,33.500,59.790000,0.2,1.3
04/14/2025 07:41:46 am,33.550,59.850000,0.2,1.3
04/14/2025 07:41:46 am,33.600,59.910000,0.2,1.2
04/14/2025 07:41:46 am,33.650,60.010000,0.2,1.2
04/14/2025 07:41:46 am,33.700,60.135000,0.2,1.3
04/14/2025 07:41:46 am,33.750,60.230000,0.2,1.4
04/14/2025 07:41:46 am,33.800,60.310000,0.3,1.4
04/14/2025 07:41:46 am,33.850,60.440000,0.6,1.8
04/14/2025 07:41:46 am,33.900,60.565000,0.8,1.9
04/14/2025 07:41:46 am,33.950,60.670000,1.5,2.2
04/14/2025 07:41:47 am,34.000,60.765000,1.8,2.3
04/14/2025 07:41:47 am,34.050,60.845000,2.3,2.4
04/14/2025 07:41:47 am,34.100,60.915000,2.5,2.4
04/14/2025 07:41:47 am,34.150,60.970000,2.6,2.4
04/14/2025 07:41:47 am,34.200,61.055000,2.6,2.4
04/14/2025 07:41:47 am,34.250,61.150000,2.3,2.4
04/14/2025 07:41:47 am,34.300,61.265000,1.9,2.3
04/14/2025 07:41:47 am,34.350,61.340000,0.9,2.0
04/14/2025 07:41:47 am,34.400,61.365000,1.0,2.0
04/14/2025 07:41:47 am,34.450,61.430000,0.6,1.8
04/14/2025 07:41:47 am,34.500,61.490000,0.5,1.7
04/14/2025 07:41:47 am,34.550,61.600000,0.3,1.5
04/14/2025 07:41:47 am,34.600,61.820000,0.2,1.3
04/14/2025 07:41:47 am,34.650,62.010000,0.3,1.4
04/14/2025 07:41:47 am,34.700,62.090000,0.3,1.5
04/14/2025 07:41:47 am,34.750,62.170000,0.4,1.6
04/14/2025 07:41:47 am,34.800,62.200000,0.4,1.6
04/14/2025 07:41:47 am,34.850,62.270000,0.4,1.6
04/14/2025 07:41:47 am,34.900,62.415000,0.4,1.6
04/14/2025 07:41:47 am,34.950,62.500000,0.3,1.5
04/14/2025 07:41:48 am,35.000,62.570000,0.3,1.4
04/14/2025 07:41:48 am,35.050,62.625000,0.2,1.4
04/14/2025 07:41:48 am,35.100,62.730000,0.2,1.2
04/14/2025 07:41:48 am,35.150,62.930000,0.1,1.2
04/14/2025 07:41:48 am,35.200,63.015000,0.2,1.3
04/14/2025 07:41:48 am,35.250,63.085000,0.2,1.3
04/14/2025 07:41:48 am,35.300,63.190000,0.3,1.4
04/14/2025 07:41:48 am,35.350,63.360000,0.3,1.4
04/14/2025 07:41:48 am,35.400,63.450000,0.2,1.3
04/14/2025 07:41:48 am,35.450,63.560000,0.2,1.3
04/14/2025 07:41:48 am,35.500,63.690000,0.1,1.2
04/14/2025 07:41:48 am,35.550,63.805000,0.2,1.2
04/14/2025 07:41:48 am,35.600,63.870000,0.2,1.3
04/14/2025 07:41:48 am,35.650,63.960000,0.2,1.4
04/14/2025 07:41:48 am,35.700,64.105000,0.3,1.5
04/14/2025 07:41:48 am,35.750,64.275000,0.3,1.4
04/14/2025 07:41:48 am,35.800,64.345000,0.2,1.3
04/14/2025 07:41:48 am,35.850,64.435000,0.2,1.3
04/14/2025 07:41:48 am,35.900,64.710000,0.2,1.4
04/14/2025 07:41:48 am,35.950,65.130000,2.3,2.4
04/14/2025 07:41:49 am,36.000,65.240000,4.6,2.7
04/14/2025 07:41:49 am,36.050,65.245000,4.1,2.6
04/14/2025 07:41:49 am,36.100,65.410000,5.0,2.7
04/14/2025 07:41:49 am,36.150,65.595000,5.0,2.7
04/14/2025 07:41:49 am,36.200,65.665000,4.2,2.6
04/14/2025 07:41:49 am,36.250,65.875000,3.6,2.6
04/14/2025 07:41:49 am,36.300,66.005000,1.5,2.2
04/14/2025 07:41:49 am,36.350,66.130000,1.3,2.1
04/14/2025 07:41:49 am,36.400,66.245000,0.5,1.7
04/14/2025 07:41:49 am,36.450,66.300000,0.5,1.7
04/14/2025 07:41:49 am,36.500,66.440000,0.4,1.7
04/14/2025 07:41:49 am,36.550,66.580000,0.2,1.2
04/14/2025 07:41:49 am,36.600,66.645000,0.2,1.3
04/14/2025 07:41:49 am,36.650,66.720000,0.2,1.3
04/14/2025 07:41:49 am,36.700,66.850000,0.2,1.4
04/14/2025 07:41:49 am,36.750,66.875000,0.2,1.4
04/14/2025 07:41:49 am,36.800,66.965000,0.3,1.4
04/14/2025 07:41:49 am,36.850,67.070000,0.3,1.5
04/14/2025 07:41:49 am,36.900,67.165000,0.3,1.5
04/14/2025 07:41:49 am,36.950,67.250000,0.3,1.5
04/14/2025 07:41:50 am,37.000,67.415000,0.3,1.4
04/14/2025 07:41:50 am,37.050,67.590000,0.2,1.3
04/14/2025 07:41:50 am,37.100,67.875000,0.1,1.1
04/14/2025 07:41:50 am,37.150,68.210000,0.2,1.3
04/14/2025 07:41:50 am,37.200,68.415000,0.2,1.3
04/14/2025 07:41:50 am,37.250,68.545000,0.2,1.2
04/14/2025 07:41:50 am,37.300,68.695000,0.1,1.2
04/14/2025 07:41:50 am,37.350,68.850000,0.1,1.1
04/14/2025 07:41:50 am,37.400,69.025000,0.2,1.2
04/14/2025 07:41:50 am,37.450,69.135000,0.2,1.2
04/14/2025 07:41:50 am,37.500,69.225000,0.2,1.2
04/14/2025 07:41:50 am,37.550,69.325000,0.2,1.2
04/14/2025 07:41:50 am,37.600,69.410000,0.2,1.2
04/14/2025 07:41:50 am,37.650,69.505000,0.1,1.1
04/14/2025 07:41:50 am,37.700,69.605000,0.1,1.2
04/14/2025 07:41:50 am,37.750,69.720000,0.1,1.2
04/14/2025 07:41:50 am,37.800,69.810000,0.2,1.3
04/14/2025 07:41:50 am,37.850,69.895000,0.2,1.3
04/14/2025 07:41:50 am,37.900,70.020000,0.2,1.4
04/14/2025 07:41:50 am,37.950,70.205000,0.4,1.6
04/14/2025 07:41:51 am,38.000,70.350000,0.4,1.6
04/14/2025 07:41:51 am,38.050,70.600000,0.4,1.6
04/14/2025 07:41:51 am,38.100,70.760000,0.3,1.5
04/14/2025 07:41:51 am,38.150,70.915000,0.2,1.3
04/14/2025 07:41:51 am,38.200,70.940000,0.2,1.4
04/14/2025 07:41:51 am,38.250,71.000000,0.2,1.3
04/14/2025 07:41:51 am,38.300,71.120000,0.2,1.2
04/14/2025 07:41:51 am,38.350,71.200000,0.1,1.2
04/14/2025 07:41:51 am,38.400,71.255000,0.2,1.2
04/14/2025 07:41:51 am,38.450,71.305000,0.2,1.2
04/14/2025 07:41:51 am,38.500,71.350000,0.1,1.2
04/14/2025 07:41:51 am,38.550,71.365000,0.1,1.2
04/14/2025 07:41:51 am,38.600,71.410000,0.1,1.2
04/14/2025 07:41:51 am,38.650,71.600000,0.1,1.1
04/14/2025 07:41:51 am,38.700,71.835000,0.1,1.2
04/14/2025 07:41:51 am,38.750,72.045000,0.2,1.2
04/14/2025 07:41:51 am,38.800,72.120000,0.2,1.2
04/14/2025 07:41:51 am,38.850,72.245000,0.1,1.1
04/14/2025 07:41:51 am,38.900,72.330000,0.2,1.2
04/14/2025 07:41:51 am,38.950,72.495000,0.1,1.2
04/14/2025 07:41:52 am,39.000,72.610000,0.2,1.2
04/14/2025 07:41:52 am,39.050,72.705000,0.1,1.2
04/14/2025 07:41:52 am,39.100,72.705000,0.1,1.2
04/14/2025 07:41:52 am,39.150,72.705000,0.2,1.2
04/14/2025 07:41:52 am,39.200,72.705000,0.2,1.2
04/14/2025 07:41:52 am,39.250,72.705000,0.2,1.2
04/14/2025 07:41:52 am,39.300,72.705000,0.1,1.2
04/14/2025 07:41:52 am,39.350,72.750000,0.2,1.2
04/14/2025 07:41:52 am,39.400,72.795000,0.2,1.2
04/14/2025 07:41:52 am,39.450,72.905000,0.2,1.2
04/14/2025 07:41:52 am,39.500,72.970000,0.2,1.2
04/14/2025 07:41:52 am,39.550,73.025000,0.2,1.2
04/14/2025 07:41:52 am,39.600,73.085000,0.1,1.2
04/14/2025 07:41:52 am,39.650,73.090000,0.2,1.2
04/14/2025 07:41:52 am,39.700,73.130000,0.2,1.2
04/14/2025 07:41:52 am,39.750,73.155000,0.2,1.2
04/14/2025 07:41:52 am,39.800,73.235000,0.2,1.2
04/14/2025 07:41:52 am,39.850,73.320000,0.2,1.2
04/14/2025 07:41:52 am,39.900,73.360000,0.2,1.2
04/14/2025 07:41:52 am,39.950,73.425000,0.2,1.2
04/14/2025 07:41:53 am,40.000,73.450000,0.2,1.2
04/14/2025 07:41:53 am,40.050,73.510000,0.2,1.3
04/14/2025 07:41:53 am,40.100,73.595000,0.2,1.2
04/14/2025 07:41:53 am,40.150,73.785000,0.2,1.2
04/14/2025 07:41:53 am,40.200,74.100000,0.2,1.3
04/14/2025 07:41:53 am,40.250,74.165000,0.3,1.5
04/14/2025 07:41:53 am,40.300,74.170000,0.3,1.4
04/14/2025 07:41:53 am,40.350,74.235000,0.3,1.5
04/14/2025 07:41:53 am,40.400,74.325000,0.4,1.6
04/14/2025 07:41:53 am,40.450,74.350000,0.5,1.7
04/14/2025 07:41:53 am,40.500,74.375000,0.5,1.7
04/14/2025 07:41:53 am,40.550,74.520000,0.6,1.8
04/14/2025 07:41:53 am,40.600,74.630000,0.9,1.9
04/14/2025 07:41:53 am,40.650,74.715000,1.0,2.0
04/14/2025 07:41:53 am,40.700,74.820000,1.2,2.1
04/14/2025 07:41:53 am,40.750,74.965000,1.5,2.2
04/14/2025 07:41:53 am,40.800,75.065000,1.5,2.2
04/14/2025 07:41:53 am,40.850,75.190000,1.4,2.1
04/14/2025 07:41:53 am,40.900,75.375000,1.2,2.1
04/14/2025 07:41:53 am,40.950,75.545000,0.7,1.9
04/14/2025 07:41:54 am,41.000,75.690000,0.5,1.7
04/14/2025 07:41:54 am,41.050,75.825000,0.3,1.5
04/14/2025 07:41:54 am,41.100,75.950000,0.2,1.3
04/14/2025 07:41:54 am,41.150,76.080000,0.2,1.2
04/14/2025 07:41:54 am,41.200,76.235000,0.2,1.2
04/14/2025 07:41:54 am,41.250,76.360000,0.2,1.4
04/14/2025 07:41:54 am,41.300,76.460000,0.3,1.4
04/14/2025 07:41:54 am,41.350,76.560000,0.3,1.5
04/14/2025 07:41:54 am,41.400,76.660000,0.3,1.5
04/14/2025 07:41:54 am,41.450,76.750000,0.3,1.4
04/14/2025 07:41:54 am,41.500,76.855000,0.3,1.4
04/14/2025 07:41:54 am,41.550,76.910000,0.2,1.3
04/14/2025 07:41:54 am,41.600,76.990000,0.2,1.3
04/14/2025 07:41:54 am,41.650,77.065000,0.2,1.3
04/14/2025 07:41:54 am,41.700,77.130000,0.2,1.2
04/14/2025 07:41:54 am,41.750,77.210000,0.1,1.1
04/14/2025 07:41:54 am,41.800,77.310000,0.1,1.2
04/14/2025 07:41:54 am,41.850,77.415000,0.2,1.2
04/14/2025 07:41:54 am,41.900,77.525000,0.2,1.2
04/14/2025 07:41:54 am,41.950,77.645000,0.2,1.3
04/14/2025 07:41:55 am,42.000,77.710000,0.2,1.3
04/14/2025 07:41:55 am,42.050,77.770000,0.2,1.3
04/14/2025 07:41:55 am,42.100,77.875000,0.2,1.3
04/14/2025 07:41:55 am,42.150,77.970000,0.2,1.3
04/14/2025 07:41:55 am,42.200,78.120000,0.2,1.2
04/14/2025 07:41:55 am,42.250,78.265000,0.1,1.1
04/14/2025 07:41:55 am,42.300,78.380000,0.2,1.2
04/14/2025 07:41:55 am,42.350,78.430000,0.2,1.3
04/14/2025 07:41:55 am,42.400,78.475000,0.2,1.3
04/14/2025 07:41:55 am,42.450,78.575000,0.2,1.3
04/14/2025 07:41:55 am,42.500,78.730000,0.2,1.4
04/14/2025 07:41:55 am,42.550,78.870000,0.2,1.3
04/14/2025 07:41:55 am,42.600,78.950000,0.2,1.2
04/14/2025 07:41:55 am,42.650,79.050000,0.2,1.2
04/14/2025 07:41:55 am,42.700,79.205000,0.3,1.4
04/14/2025 07:41:55 am,42.750,79.390000,0.7,1.8
04/14/2025 07:41:55 am,42.800,79.460000,1.1,2.0
04/14/2025 07:41:55 am,42.850,79.505000,1.2,2.1
04/14/2025 07:41:55 am,42.900,79.595000,1.7,2.2
04/14/2025 07:41:55 am,42.950,79.690000,2.3,2.4
04/14/2025 07:41:56 am,43.000,79.810000,2.8,2.4
04/14/2025 07:41:56 am,43.050,79.925000,3.1,2.5
04/14/2025 07:41:56 am,43.100,80.050000,2.9,2.5
04/14/2025 07:41:56 am,43.150,80.150000,2.4,2.4
04/14/2025 07:41:56 am,43.200,80.230000,2.1,2.3
04/14/2025 07:41:56 am,43.250,80.365000,1.3,2.1
04/14/2025 07:41:56 am,43.300,80.545000,0.5,1.7
04/14/2025 07:41:56 am,43.350,80.670000,0.3,1.5
04/14/2025 07:41:56 am,43.400,80.775000,0.2,1.2
04/14/2025 07:41:56 am,43.450,80.865000,0.2,1.2
04/14/2025 07:41:56 am,43.500,80.920000,0.2,1.3
04/14/2025 07:41:56 am,43.550,80.975000,0.2,1.3
04/14/2025 07:41:56 am,43.600,81.115000,0.2,1.4
04/14/2025 07:41:56 am,43.650,81.230000,0.3,1.4
04/14/2025 07:41:56 am,43.700,81.395000,0.3,1.4
04/14/2025 07:41:56 am,43.750,81.530000,0.2,1.4
04/14/2025 07:41:56 am,43.800,81.705000,0.2,1.3
04/14/2025 07:41:56 am,43.850,81.850000,0.2,1.2
04/14/2025 07:41:56 am,43.900,81.915000,0.2,1.2
04/14/2025 07:41:56 am,43.950,81.975000,0.2,1.2
04/14/2025 07:41:57 am,44.000,82.020000,0.1,1.2
04/14/2025 07:41:57 am,44.050,82.120000,0.2,1.2
04/14/2025 07:41:57 am,44.100,82.190000,0.2,1.3
04/14/2025 07:41:57 am,44.150,82.295000,0.2,1.3
04/14/2025 07:41:57 am,44.200,82.415000,0.2,1.3
04/14/2025 07:41:57 am,44.250,82.580000,0.2,1.2
04/14/2025 07:41:57 am,44.300,82.800000,0.1,1.1
04/14/2025 07:41:57 am,44.350,83.015000,0.1,1.2
04/14/2025 07:41:57 am,44.400,83.325000,0.2,1.2
04/14/2025 07:41:57 am,44.450,83.350000,0.1,1.2
04/14/2025 07:41:57 am,44.500,83.350000,0.1,1.2
04/14/2025 07:41:57 am,44.550,83.350000,0.2,1.2
04/14/2025 07:41:57 am,44.600,83.395000,0.1,1.2
04/14/2025 07:41:57 am,44.650,83.450000,0.1,1.2
04/14/2025 07:41:57 am,44.700,83.460000,0.1,1.2
04/14/2025 07:41:57 am,44.750,83.525000,0.1,1.1
04/14/2025 07:41:57 am,44.800,83.640000,0.1,1.1
04/14/2025 07:41:57 am,44.850,83.750000,0.2,1.2
04/14/2025 07:41:57 am,44.900,83.765000,0.2,1.3
04/14/2025 07:41:57 am,44.950,83.820000,0.2,1.3
04/14/2025 07:41:58 am,45.000,84.005000,0.3,1.4
04/14/2025 07:41:58 am,45.050,84.095000,0.3,1.5
04/14/2025 07:41:58 am,45.100,84.100000,0.3,1.5
04/14/2025 07:41:58 am,45.150,84.210000,0.3,1.5
04/14/2025 07:41:58 am,45.200,84.355000,0.3,1.5
04/14/2025 07:41:58 am,45.250,84.460000,0.3,1.5
04/14/2025 07:41:58 am,45.300,84.545000,0.3,1.5
04/14/2025 07:41:58 am,45.350,84.695000,0.3,1.4
04/14/2025 07:41:58 am,45.400,84.810000,0.3,1.4
04/14/2025 07:41:58 am,45.450,85.015000,0.2,1.4
04/14/2025 07:41:58 am,45.500,85.260000,0.2,1.2
04/14/2025 07:41:58 am,45.550,85.440000,0.1,1.2
04/14/2025 07:41:58 am,45.600,85.615000,0.1,1.1
04/14/2025 07:41:58 am,45.650,85.875000,0.1,1.1
04/14/2025 07:41:58 am,45.700,86.110000,0.1,1.1
04/14/2025 07:41:58 am,45.750,86.265000,0.1,1.1
04/14/2025 07:41:58 am,45.800,86.390000,0.1,1.1
04/14/2025 07:41:58 am,45.850,86.555000,0.1,1.1
04/14/2025 07:41:58 am,45.900,86.675000,0.1,1.1
04/14/2025 07:41:58 am,45.950,86.800000,0.1,1.1
04/14/2025 07:41:59 am,46.000,86.970000,0.1,1.0
04/14/2025 07:41:59 am,46.050,87.150000,0.1,1.1
04/14/2025 07:41:59 am,46.100,87.290000,0.1,1.1
04/14/2025 07:41:59 am,46.150,87.365000,0.1,1.1
04/14/2025 07:41:59 am,46.200,87.465000,0.1,1.0
04/14/2025 07:41:59 am,46.250,87.570000,0.1,1.1
04/14/2025 07:41:59 am,46.300,87.640000,0.1,1.1
04/14/2025 07:41:59 am,46.350,87.715000,0.1,1.1
04/14/2025 07:41:59 am,46.400,87.730000,0.1,1.1
04/14/2025 07:41:59 am,46.450,87.730000,0.1,1.1
04/14/2025 07:41:59 am,46.500,87.740000,0.1,1.0
04/14/2025 07:41:59 am,46.550,87.745000,0.1,1.1
04/14/2025 07:41:59 am,46.600,87.750000,0.1,1.1
04/14/2025 07:41:59 am,46.650,87.750000,0.1,1.1
04/14/2025 07:41:59 am,46.700,87.755000,0.1,1.0
04/14/2025 07:41:59 am,46.750,87.770000,0.1,1.1
04/14/2025 07:41:59 am,46.800,87.770000,0.1,1.0
04/14/2025 07:41:59 am,46.850,87.785000,0.1,1.0
04/14/2025 07:41:59 am,46.900,87.785000,0.1,1.1
04/14/2025 07:41:59 am,46.950,87.805000,0.1,1.0
04/14/2025 07:42:00 am,47.000,87.805000,0.1,1.0
04/14/2025 07:42:00 am,47.050,87.805000,0.1,1.0
04/14/2025 07:42:00 am,47.100,87.805000,0.1,1.0
04/14/2025 07:42:00 am,47.150,87.805000,0.1,1.0
04/14/2025 07:42:00 am,47.200,87.805000,0.1,1.0
04/14/2025 07:42:00 am,47.250,87.770000,0.1,1.0
04/14/2025 07:42:00 am,47.300,87.705000,0.1,1.0
04/14/2025 07:42:00 am,47.350,87.545000,0.1,1.0
04/14/2025 07:42:00 am,47.400,87.485000,0.1,1.0
04/14/2025 07:42:00 am,47.450,87.350000,0.1,1.0
04/14/2025 07:42:00 am,47.500,87.205000,0.1,1.0
04/14/2025 07:42:00 am,47.550,87.125000,0.1,1.0
04/14/2025 07:42:00 am,47.600,86.930000,0.1,0.9
04/14/2025 07:42:00 am,47.650,86.745000,0.1,1.0
04/14/2025 07:42:00 am,47.700,86.575000,0.1,1.0
04/14/2025 07:42:00 am,47.750,86.340000,0.1,1.0
04/14/2025 07:42:00 am,47.800,86.090000,0.1,1.0
04/14/2025 07:42:00 am,47.850,85.865000,0.1,1.0
04/14/2025 07:42:00 am,47.900,85.620000,0.1,1.0
04/14/2025 07:42:00 am,47.950,85.455000,0.1,1.1
04/14/2025 07:42:01 am,48.000,85.270000,0.1,1.1
04/14/2025 07:42:01 am,48.050,85.130000,0.2,1.2
04/14/2025 07:42:01 am,48.100,85.025000,0.2,1.3
04/14/2025 07:42:01 am,48.150,84.925000,0.2,1.4
04/14/2025 07:42:01 am,48.200,84.865000,0.3,1.4
04/14/2025 07:42:01 am,48.250,84.715000,0.3,1.4
04/14/2025 07:42:01 am,48.300,84.500000,0.3,1.4
04/14/2025 07:42:01 am,48.350,84.410000,0.2,1.3
04/14/2025 07:42:01 am,48.400,84.295000,0.2,1.3
04/14/2025 07:42:01 am,48.450,84.065000,0.1,1.1
04/14/2025 07:42:01 am,48.500,83.860000,0.1,1.0
04/14/2025 07:42:01 am,48.550,83.675000,0.1,1.0
04/14/2025 07:42:01 am,48.600,83.520000,0.1,1.1
04/14/2025 07:42:01 am,48.650,83.370000,0.1,1.1
04/14/2025 07:42:01 am,48.700,83.130000,0.1,1.0
04/14/2025 07:42:01 am,48.750,82.875000,0.1,1.0
04/14/2025 07:42:01 am,48.800,82.690000,0.1,1.1
04/14/2025 07:42:01 am,48.850,82.565000,0.1,1.1
04/14/2025 07:42:01 am,48.900,82.465000,0.1,1.2
04/14/2025 07:42:01 am,48.950,82.340000,0.1,1.2
04/14/2025 07:42:02 am,49.000,82.170000,0.1,1.1
04/14/2025 07:42:02 am,49.050,82.030000,0.1,1.0
04/14/2025 07:42:02 am,49.100,81.920000,0.1,1.0
04/14/2025 07:42:02 am,49.150,81.775000,0.1,1.0
04/14/2025 07:42:02 am,49.200,81.560000,0.1,1.2
04/14/2025 07:42:02 am,49.250,81.330000,0.2,1.3
04/14/2025 07:42:02 am,49.300,81.085000,0.2,1.3
04/14/2025 07:42:02 am,49.350,80.820000,0.1,1.0
04/14/2025 07:42:02 am,49.400,80.560000,0.4,1.6
04/14/2025 07:42:02 am,49.450,80.460000,0.8,1.9
04/14/2025 07:42:02 am,49.500,80.445000,0.9,1.9
04/14/2025 07:42:02 am,49.550,80.345000,1.1,2.1
04/14/2025 07:42:02 am,49.600,80.155000,2.3,2.4
04/14/2025 07:42:02 am,49.650,80.010000,2.8,2.5
04/14/2025 07:42:02 am,49.700,79.965000,2.9,2.5
04/14/2025 07:42:02 am,49.750,79.935000,2.9,2.5
04/14/2025 07:42:02 am,49.800,79.890000,2.9,2.5
04/14/2025 07:42:02 am,49.850,79.850000,2.7,2.4
04/14/2025 07:42:02 am,49.900,79.805000,2.7,2.4
04/14/2025 07:42:02 am,49.950,79.715000,2.4,2.4
04/14/2025 07:42:03 am,50.000,79.650000,1.9,2.3
04/14/2025 07:42:03 am,50.050,79.495000,1.3,2.1
04/14/2025 07:42:03 am,50.100,79.325000,0.6,1.7
04/14/2025 07:42:03 am,50.150,79.095000,0.2,1.2
04/14/2025 07:42:03 am,50.200,78.785000,0.1,1.2
04/14/2025 07:42:03 am,50.250,78.635000,0.2,1.2
04/14/2025 07:42:03 am,50.300,78.465000,0.1,1.2
04/14/2025 07:42:03 am,50.350,78.310000,0.1,1.0
04/14/2025 07:42:03 am,50.400,78.130000,0.1,0.9
04/14/2025 07:42:03 am,50.450,78.010000,0.1,0.9
04/14/2025 07:42:03 am,50.500,77.910000,0.1,0.9
04/14/2025 07:42:03 am,50.550,77.805000,0.1,1.1
04/14/2025 07:42:03 am,50.600,77.705000,0.1,1.1
04/14/2025 07:42:03 am,50.650,77.595000,0.1,1.1
04/14/2025 07:42:03 am,50.700,77.515000,0.1,1.1
04/14/2025 07:42:03 am,50.750,77.330000,0.1,0.9
04/14/2025 07:42:03 am,50.800,77.080000,0.1,0.8
04/14/2025 07:42:03 am,50.850,76.880000,0.1,1.2
04/14/2025 07:42:03 am,50.900,76.795000,0.2,1.3
04/14/2025 07:42:03 am,50.950,76.670000,0.2,1.3
04/14/2025 07:42:04 am,51.000,76.625000,0.2,1.3
04/14/2025 07:42:04 am,51.050,76.585000,0.2,1.3
04/14/2025 07:42:04 am,51.100,76.555000,0.2,1.3
04/14/2025 07:42:04 am,51.150,76.555000,0.2,1.3
04/14/2025 07:42:04 am,51.200,76.550000,0.2,1.3
04/14/2025 07:42:04 am,51.250,76.505000,0.2,1.3
04/14/2025 07:42:04 am,51.300,76.270000,0.1,1.0
04/14/2025 07:42:04 am,51.350,76.050000,0.1,1.1
04/14/2025 07:42:04 am,51.400,75.990000,0.2,1.3
04/14/2025 07:42:04 am,51.450,75.905000,0.3,1.5
04/14/2025 07:42:04 am,51.500,75.810000,0.5,1.7
04/14/2025 07:42:04 am,51.550,75.725000,0.7,1.9
04/14/2025 07:42:04 am,51.600,75.585000,1.0,2.0
04/14/2025 07:42:04 am,51.650,75.485000,1.3,2.1
04/14/2025 07:42:04 am,51.700,75.350000,1.3,2.1
04/14/2025 07:42:04 am,51.750,75.165000,1.0,2.0
04/14/2025 07:42:04 am,51.800,74.995000,0.6,1.8
04/14/2025 07:42:04 am,51.850,74.900000,0.4,1.6
04/14/2025 07:42:04 am,51.900,74.645000,0.2,1.2
04/14/2025 07:42:04 am,51.950,74.450000,0.1,0.8
04/14/2025 07:42:05 am,52.000,74.385000,0.1,0.9
04/14/2025 07:42:05 am,52.050,74.265000,0.1,0.8
04/14/2025 07:42:05 am,52.100,74.110000,0.1,0.9
04/14/2025 07:42:05 am,52.150,73.920000,0.1,0.9
04/14/2025 07:42:05 am,52.200,73.790000,0.1,0.9
04/14/2025 07:42:05 am,52.250,73.690000,0.1,0.8
04/14/2025 07:42:05 am,52.300,73.485000,0.1,0.8
04/14/2025 07:42:05 am,52.350,73.260000,0.1,0.8
04/14/2025 07:42:05 am,52.400,73.125000,0.1,0.8
04/14/2025 07:42:05 am,52.450,73.065000,0.1,0.8
04/14/2025 07:42:05 am,52.500,72.975000,0.1,0.8
04/14/2025 07:42:05 am,52.550,72.850000,0.1,0.8
04/14/2025 07:42:05 am,52.600,72.730000,0.1,0.8
04/14/2025 07:42:05 am,52.650,72.620000,0.1,0.8
04/14/2025 07:42:05 am,52.700,72.550000,0.1,0.8
04/14/2025 07:42:05 am,52.750,72.390000,0.1,0.9
04/14/2025 07:42:05 am,52.800,72.310000,0.1,0.8
04/14/2025 07:42:05 am,52.850,72.155000,0.1,0.8
04/14/2025 07:42:05 am,52.900,71.945000,0.1,0.8
04/14/2025 07:42:05 am,52.950,71.745000,0.1,0.8
04/14/2025 07:42:06 am,53.000,71.535000,0.1,0.8
04/14/2025 07:42:06 am,53.050,71.420000,0.1,1.0
04/14/2025 07:42:06 am,53.100,71.390000,0.1,0.9
04/14/2025 07:42:06 am,53.150,71.290000,0.1,1.0
04/14/2025 07:42:06 am,53.200,71.120000,0.1,1.1
04/14/2025 07:42:06 am,53.250,71.010000,0.2,1.3
04/14/2025 07:42:06 am,53.300,70.925000,0.2,1.3
04/14/2025 07:42:06 am,53.350,70.820000,0.3,1.4
04/14/2025 07:42:06 am,53.400,70.730000,0.3,1.5
04/14/2025 07:42:06 am,53.450,70.655000,0.3,1.5
04/14/2025 07:42:06 am,53.500,70.605000,0.3,1.4
04/14/2025 07:42:06 am,53.550,70.565000,0.3,1.5
04/14/2025 07:42:06 am,53.600,70.500000,0.3,1.5
04/14/2025 07:42:06 am,53.650,70.395000,0.3,1.4
04/14/2025 07:42:06 am,53.700,70.320000,0.2,1.4
04/14/2025 07:42:06 am,53.750,70.240000,0.2,1.3
04/14/2025 07:42:06 am,53.800,70.145000,0.2,1.2
04/14/2025 07:42:06 am,53.850,70.015000,0.1,1.0
04/14/2025 07:42:06 am,53.900,69.830000,0.0,0.7
04/14/2025 07:42:06 am,53.950,69.655000,0.0,0.6
04/14/2025 07:42:07 am,54.000,69.495000,0.0,0.7
04/14/2025 07:42:07 am,54.050,69.415000,0.1,0.8
04/14/2025 07:42:07 am,54.100,69.250000,0.1,0.8
04/14/2025 07:42:07 am,54.150,69.120000,0.1,0.8
04/14/2025 07:42:07 am,54.200,68.970000,0.0,0.5
04/14/2025 07:42:07 am,54.250,68.810000,0.0,0.6
04/14/2025 07:42:07 am,54.300,68.690000,0.0,0.6
04/14/2025 07:42:07 am,54.350,68.545000,0.1,0.8
04/14/2025 07:42:07 am,54.400,68.410000,0.1,0.9
04/14/2025 07:42:07 am,54.450,68.270000,0.1,1.0
04/14/2025 07:42:07 am,54.500,68.110000,0.1,0.9
04/14/2025 07:42:07 am,54.550,67.925000,0.0,0.6
04/14/2025 07:42:07 am,54.600,67.830000,0.0,0.5
04/14/2025 07:42:07 am,54.650,67.730000,0.0,0.7
04/14/2025 07:42:07 am,54.700,67.605000,0.1,0.8
04/14/2025 07:42:07 am,54.750,67.470000,0.1,1.1
04/14/2025 07:42:07 am,54.800,67.375000,0.2,1.2
04/14/2025 07:42:07 am,54.850,67.245000,0.2,1.3
04/14/2025 07:42:07 am,54.900,67.080000,0.1,1.2
04/14/2025 07:42:07 am,54.950,66.945000,0.1,0.7
04/14/2025 07:42:08 am,55.000,66.840000,0.1,0.9
04/14/2025 07:42:08 am,55.050,66.665000,0.3,1.4
04/14/2025 07:42:08 am,55.100,66.505000,0.8,1.9
04/14/2025 07:42:08 am,55.150,66.420000,1.5,2.2
04/14/2025 07:42:08 am,55.200,66.290000,2.5,2.4
04/14/2025 07:42:08 am,55.250,66.160000,3.7,2.6
04/14/2025 07:42:08 am,55.300,66.030000,4.6,2.7
04/14/2025 07:42:08 am,55.350,65.900000,4.9,2.7
04/14/2025 07:42:08 am,55.400,65.760000,4.1,2.6
04/14/2025 07:42:08 am,55.450,65.625000,2.8,2.5
04/14/2025 07:42:08 am,55.500,65.460000,1.4,2.1
04/14/2025 07:42:08 am,55.550,65.325000,0.5,1.7
04/14/2025 07:42:08 am,55.600,65.140000,0.2,1.2
04/14/2025 07:42:08 am,55.650,64.965000,0.1,0.9
04/14/2025 07:42:08 am,55.700,64.795000,0.2,1.2
04/14/2025 07:42:08 am,55.750,64.570000,0.2,1.3
04/14/2025 07:42:08 am,55.800,64.355000,0.1,1.1
04/14/2025 07:42:08 am,55.850,64.125000,0.0,0.7
04/14/2025 07:42:08 am,55.900,63.960000,0.1,0.9
04/14/2025 07:42:08 am,55.950,63.830000,0.1,1.1
04/14/2025 07:42:09 am,56.000,63.720000,0.1,1.2
04/14/2025 07:42:09 am,56.050,63.495000,0.1,1.1
04/14/2025 07:42:09 am,56.100,63.290000,0.0,0.6
04/14/2025 07:42:09 am,56.150,63.175000,0.0,0.6
04/14/2025 07:42:09 am,56.200,63.065000,0.1,1.0
04/14/2025 07:42:09 am,56.250,62.980000,0.1,1.1
04/14/2025 07:42:09 am,56.300,62.820000,0.2,1.3
04/14/2025 07:42:09 am,56.350,62.545000,0.3,1.5
04/14/2025 07:42:09 am,56.400,62.270000,0.1,1.1
04/14/2025 07:42:09 am,56.450,62.095000,0.1,0.9
04/14/2025 07:42:09 am,56.500,61.870000,0.3,1.5
04/14/2025 07:42:09 am,56.550,61.610000,1.3,2.1
04/14/2025 07:42:09 am,56.600,61.315000,2.4,2.4
04/14/2025 07:42:09 am,56.650,61.125000,2.0,2.3
04/14/2025 07:42:09 am,56.700,60.875000,1.0,2.0
04/14/2025 07:42:09 am,56.750,60.680000,0.2,1.4
04/14/2025 07:42:09 am,56.800,60.600000,0.3,1.4
04/14/2025 07:42:09 am,56.850,60.470000,0.1,1.1
04/14/2025 07:42:09 am,56.900,60.345000,0.1,0.9
04/14/2025 07:42:09 am,56.950,60.150000,0.1,0.9
04/14/2025 07:42:10 am,57.000,59.905000,0.1,1.0
04/14/2025 07:42:10 am,57.050,59.675000,0.1,0.9
04/14/2025 07:42:10 am,57.100,59.575000,0.1,0.7
04/14/2025 07:42:10 am,57.150,59.455000,0.0,0.6
04/14/2025 07:42:10 am,57.200,59.350000,0.0,0.7
04/14/2025 07:42:10 am,57.250,59.285000,0.0,0.5
04/14/2025 07:42:10 am,57.300,59.170000,0.0,0.5
04/14/2025 07:42:10 am,57.350,59.070000,0.0,0.6
04/14/2025 07:42:10 am,57.400,58.880000,0.0,0.6
04/14/2025 07:42:10 am,57.450,58.630000,0.0,0.5
04/14/2025 07:42:10 am,57.500,58.485000,0.0,0.6
04/14/2025 07:42:10 am,57.550,58.390000,0.0,0.5
04/14/2025 07:42:10 am,57.600,58.285000,0.0,0.5
04/14/2025 07:42:10 am,57.650,58.230000,0.0,0.7
04/14/2025 07:42:10 am,57.700,58.150000,0.0,0.7
04/14/2025 07:42:10 am,57.750,58.040000,0.0,0.6
04/14/2025 07:42:10 am,57.800,57.940000,0.1,0.7
04/14/2025 07:42:10 am,57.850,57.785000,0.0,0.5
04/14/2025 07:42:10 am,57.900,57.630000,0.1,0.7
04/14/2025 07:42:10 am,57.950,57.525000,0.0,0.7
04/14/2025 07:42:11 am,58.000,57.315000,0.0,0.6
04/14/2025 07:42:11 am,58.050,57.165000,0.1,0.7
04/14/2025 07:42:11 am,58.100,57.075000,0.1,0.8
04/14/2025 07:42:11 am,58.150,56.910000,0.1,1.0
04/14/2025 07:42:11 am,58.200,56.845000,0.1,1.1
04/14/2025 07:42:11 am,58.250,56.725000,0.2,1.2
04/14/2025 07:42:11 am,58.300,56.685000,0.2,1.3
04/14/2025 07:42:11 am,58.350,56.660000,0.2,1.3
04/14/2025 07:42:11 am,58.400,56.570000,0.2,1.4
04/14/2025 07:42:11 am,58.450,56.520000,0.3,1.4
04/14/2025 07:42:11 am,58.500,56.445000,0.3,1.5
04/14/2025 07:42:11 am,58.550,56.370000,0.4,1.6
04/14/2025 07:42:11 am,58.600,56.295000,0.4,1.6
04/14/2025 07:42:11 am,58.650,56.200000,0.4,1.6
04/14/2025 07:42:11 am,58.700,56.125000,0.4,1.6
04/14/2025 07:42:11 am,58.750,56.020000,0.3,1.5
04/14/2025 07:42:11 am,58.800,55.940000,0.3,1.4
04/14/2025 07:42:11 am,58.850,55.860000,0.2,1.2
04/14/2025 07:42:11 am,58.900,55.785000,0.1,1.1
04/14/2025 07:42:11 am,58.950,55.675000,0.0,0.3
04/14/2025 07:42:12 am,59.000,55.610000,0.1,0.7
04/14/2025 07:42:12 am,59.050,55.525000,0.0,0.7
04/14/2025 07:42:12 am,59.100,55.430000,0.1,0.8
04/14/2025 07:42:12 am,59.150,55.355000,0.1,0.9
04/14/2025 07:42:12 am,59.200,55.255000,0.2,1.2
04/14/2025 07:42:12 am,59.250,55.165000,0.1,0.9
04/14/2025 07:42:12 am,59.300,55.045000,0.1,0.9
04/14/2025 07:42:12 am,59.350,54.945000,0.1,0.8
04/14/2025 07:42:12 am,59.400,54.840000,0.1,0.8
04/14/2025 07:42:12 am,59.450,54.780000,0.0,0.7
04/14/2025 07:42:12 am,59.500,54.585000,0.1,0.8
04/14/2025 07:42:12 am,59.550,54.500000,0.1,1.1
04/14/2025 07:42:12 am,59.600,54.410000,0.1,1.1
04/14/2025 07:42:12 am,59.650,54.320000,0.2,1.2
04/14/2025 07:42:12 am,59.700,54.235000,0.2,1.2
04/14/2025 07:42:12 am,59.750,54.055000,0.1,1.2
04/14/2025 07:42:12 am,59.800,53.885000,0.1,1.0
04/14/2025 07:42:12 am,59.850,53.685000,0.1,0.9
04/14/2025 07:42:12 am,59.900,53.410000,0.2,1.2
04/14/2025 07:42:12 am,59.950,53.220000,0.3,1.5
04/14/2025 07:42:13 am,60.000,53.000000,0.3,1.4
04/14/2025 07:42:13 am,60.050,52.765000,0.1,1.0
04/14/2025 07:42:13 am,60.100,52.535000,0.4,1.6
04/14/2025 07:42:13 am,60.150,52.270000,2.6,2.4
04/14/2025 07:42:13 am,60.200,51.985000,8.3,2.9
04/14/2025 07:42:13 am,60.250,51.780000,9.6,3.0
04/14/2025 07:42:13 am,60.300,51.540000,7.6,2.9
04/14/2025 07:42:13 am,60.350,51.200000,1.4,2.1
04/14/2025 07:42:13 am,60.400,50.985000,0.1,1.1
04/14/2025 07:42:13 am,60.450,50.895000,0.1,1.2
04/14/2025 07:42:13 am,60.500,50.800000,0.2,1.2
04/14/2025 07:42:13 am,60.550,50.690000,0.2,1.4
04/14/2025 07:42:13 am,60.600,50.565000,0.3,1.5
04/14/2025 07:42:13 am,60.650,50.470000,0.4,1.5
04/14/2025 07:42:13 am,60.700,50.380000,0.3,1.5
04/14/2025 07:42:13 am,60.750,50.260000,0.2,1.4
04/14/2025 07:42:13 am,60.800,50.130000,0.1,1.2
04/14/2025 07:42:13 am,60.850,50.010000,0.1,0.9
04/14/2025 07:42:13 am,60.900,49.945000,0.1,0.9
04/14/2025 07:42:13 am,60.950,49.860000,0.1,1.0
04/14/2025 07:42:14 am,61.000,49.760000,0.1,1.2
04/14/2025 07:42:14 am,61.050,49.645000,0.2,1.3
04/14/2025 07:42:14 am,61.100,49.535000,0.3,1.5
04/14/2025 07:42:14 am,61.150,49.395000,0.3,1.4
04/14/2025 07:42:14 am,61.200,49.230000,0.2,1.3
04/14/2025 07:42:14 am,61.250,49.115000,0.1,1.1
04/14/2025 07:42:14 am,61.300,49.030000,0.1,1.0
04/14/2025 07:42:14 am,61.350,48.860000,0.1,1.0
04/14/2025 07:42:14 am,61.400,48.735000,0.2,1.4
04/14/2025 07:42:14 am,61.450,48.555000,0.4,1.6
04/14/2025 07:42:14 am,61.500,48.370000,0.5,1.7
04/14/2025 07:42:14 am,61.550,48.140000,0.4,1.6
04/14/2025 07:42:14 am,61.600,47.935000,0.1,1.1
04/14/2025 07:42:14 am,61.650,47.810000,0.2,1.3
04/14/2025 07:42:14 am,61.700,47.710000,0.4,1.6
04/14/2025 07:42:14 am,61.750,47.600000,1.1,2.0
04/14/2025 07:42:14 am,61.800,47.560000,1.4,2.2
04/14/2025 07:42:14 am,61.850,47.460000,2.0,2.3
04/14/2025 07:42:14 am,61.900,47.350000,3.5,2.5
04/14/2025 07:42:14 am,61.950,47.250000,4.2,2.6
04/14/2025 07:42:15 am,62.000,47.205000,3.6,2.6
04/14/2025 07:42:15 am,62.050,47.175000,3.5,2.5
04/14/2025 07:42:15 am,62.100,47.080000,4.3,2.6
04/14/2025 07:42:15 am,62.150,47.070000,4.6,2.7
04/14/2025 07:42:15 am,62.200,47.060000,4.7,2.7
04/14/2025 07:42:15 am,62.250,47.055000,5.0,2.7
04/14/2025 07:42:15 am,62.300,47.050000,5.2,2.7
04/14/2025 07:42:15 am,62.350,47.050000,5.3,2.7
04/14/2025 07:42:15 am,62.400,47.050000,5.6,2.7
04/14/2025 07:42:15 am,62.450,47.050000,5.6,2.7
04/14/2025 07:42:15 am,62.500,47.050000,5.6,2.8
04/14/2025 07:42:15 am,62.550,47.050000,5.4,2.7
04/14/2025 07:42:15 am,62.600,47.050000,5.3,2.7
04/14/2025 07:42:15 am,62.650,47.030000,5.0,2.7
04/14/2025 07:42:15 am,62.700,46.970000,4.5,2.7
04/14/2025 07:42:15 am,62.750,46.880000,3.6,2.6
04/14/2025 07:42:15 am,62.800,46.825000,3.0,2.5
04/14/2025 07:42:15 am,62.850,46.820000,2.4,2.4
04/14/2025 07:42:15 am,62.900,46.760000,2.0,2.3
04/14/2025 07:42:15 am,62.950,46.630000,0.9,2.0
04/14/2025 07:42:16 am,63.000,46.505000,0.6,1.8
04/14/2025 07:42:16 am,63.050,46.365000,0.3,1.4
04/14/2025 07:42:16 am,63.100,46.265000,0.2,1.3
04/14/2025 07:42:16 am,63.150,46.235000,0.2,1.2
04/14/2025 07:42:16 am,63.200,46.230000,0.2,1.2
04/14/2025 07:42:16 am,63.250,46.175000,0.2,1.2
04/14/2025 07:42:16 am,63.300,46.100000,0.1,1.2
04/14/2025 07:42:16 am,63.350,46.020000,0.2,1.2
04/14/2025 07:42:16 am,63.400,45.950000,0.2,1.2
04/14/2025 07:42:16 am,63.450,45.850000,0.2,1.3
04/14/2025 07:42:16 am,63.500,45.630000,0.2,1.3
04/14/2025 07:42:16 am,63.550,45.480000,0.1,1.2
04/14/2025 07:42:16 am,63.600,45.325000,0.1,1.0
04/14/2025 07:42:16 am,63.650,45.155000,0.1,1.0
04/14/2025 07:42:16 am,63.700,44.950000,0.1,1.1
04/14/2025 07:42:16 am,63.750,44.670000,0.1,1.1
04/14/2025 07:42:16 am,63.800,44.300000,0.1,1.1
04/14/2025 07:42:16 am,63.850,44.075000,0.1,1.1
04/14/2025 07:42:16 am,63.900,43.940000,0.1,1.1
04/14/2025 07:42:16 am,63.950,43.770000,0.1,1.1
04/14/2025 07:42:17 am,64.000,43.565000,0.1,1.1
04/14/2025 07:42:17 am,64.050,43.390000,0.1,1.1
04/14/2025 07:42:17 am,64.100,43.295000,0.1,1.1
04/14/2025 07:42:17 am,64.150,43.160000,0.2,1.2
04/14/2025 07:42:17 am,64.200,42.875000,0.2,1.3
04/14/2025 07:42:17 am,64.250,42.645000,0.4,1.6
04/14/2025 07:42:17 am,64.300,42.440000,0.6,1.7
04/14/2025 07:42:17 am,64.350,42.220000,0.7,1.9
04/14/2025 07:42:17 am,64.400,41.940000,0.6,1.8
04/14/2025 07:42:17 am,64.450,41.660000,0.3,1.5
04/14/2025 07:42:17 am,64.500,41.345000,0.1,0.9
04/14/2025 07:42:17 am,64.550,41.110000,0.2,1.2
04/14/2025 07:42:17 am,64.600,40.840000,0.2,1.3
04/14/2025 07:42:17 am,64.650,40.670000,0.2,1.2
04/14/2025 07:42:17 am,64.700,40.535000,0.1,1.1
04/14/2025 07:42:17 am,64.750,40.425000,0.1,1.1
04/14/2025 07:42:17 am,64.800,40.285000,0.1,1.2
04/14/2025 07:42:17 am,64.850,40.105000,0.2,1.3
04/14/2025 07:42:17 am,64.900,39.985000,0.3,1.5
04/14/2025 07:42:17 am,64.950,39.810000,0.3,1.5
04/14/2025 07:42:18 am,65.000,39.555000,0.2,1.2
04/14/2025 07:42:18 am,65.050,39.320000,0.1,1.1
04/14/2025 07:42:18 am,65.100,39.085000,0.3,1.5
04/14/2025 07:42:18 am,65.150,38.900000,0.5,1.7
04/14/2025 07:42:18 am,65.200,38.725000,0.5,1.7
04/14/2025 07:42:18 am,65.250,38.630000,0.3,1.5
04/14/2025 07:42:18 am,65.300,38.435000,0.2,1.3
04/14/2025 07:42:18 am,65.350,38.200000,0.9,2.0
04/14/2025 07:42:18 am,65.400,38.070000,3.9,2.6
04/14/2025 07:42:18 am,65.450,37.950000,8.1,2.9
04/14/2025 07:42:18 am,65.500,37.935000,10.8,3.0
04/14/2025 07:42:18 am,65.550,37.925000,10.6,3.0
04/14/2025 07:42:18 am,65.600,37.865000,12.3,3.1
04/14/2025 07:42:18 am,65.650,37.760000,15.6,3.2
04/14/2025 07:42:18 am,65.700,37.620000,20.2,3.3
04/14/2025 07:42:18 am,65.750,37.540000,21.6,3.3
04/14/2025 07:42:18 am,65.800,37.430000,21.8,3.3
04/14/2025 07:42:18 am,65.850,37.225000,17.8,3.3
04/14/2025 07:42:18 am,65.900,37.195000,15.8,3.2
04/14/2025 07:42:18 am,65.950,37.050000,15.5,3.2
04/14/2025 07:42:19 am,66.000,37.005000,12.9,3.1
04/14/2025 07:42:19 am,66.050,36.950000,16.8,3.2
04/14/2025 07:42:19 am,66.100,36.880000,9.2,3.0
04/14/2025 07:42:19 am,66.150,36.875000,10.9,3.0
04/14/2025 07:42:19 am,66.200,36.875000,9.1,3.0
04/14/2025 07:42:19 am,66.250,36.875000,10.0,3.0
04/14/2025 07:42:19 am,66.300,36.875000,9.9,3.0
04/14/2025 07:42:19 am,66.350,36.830000,9.0,3.0
04/14/2025 07:42:19 am,66.400,36.820000,6.0,2.8
04/14/2025 07:42:19 am,66.450,36.810000,6.2,2.8
04/14/2025 07:42:19 am,66.500,36.765000,4.3,2.6
04/14/2025 07:42:19 am,66.550,36.750000,4.2,2.6
04/14/2025 07:42:19 am,66.600,36.715000,3.7,2.6
04/14/2025 07:42:19 am,66.650,36.690000,3.0,2.5
04/14/2025 07:42:19 am,66.700,36.665000,2.9,2.5
04/14/2025 07:42:19 am,66.750,36.655000,2.7,2.4
04/14/2025 07:42:19 am,66.800,36.650000,2.6,2.4
04/14/2025 07:42:19 am,66.850,36.650000,3.1,2.5
04/14/2025 07:42:19 am,66.900,36.655000,3.0,2.5
04/14/2025 07:42:19 am,66.950,36.655000,2.9,2.5
04/14/2025 07:42:20 am,67.000,36.655000,3.4,2.5
04/14/2025 07:42:20 am,67.050,36.655000,3.2,2.5
04/14/2025 07:42:20 am,67.100,36.655000,3.0,2.5
04/14/2025 07:42:20 am,67.150,36.655000,2.5,2.4
04/14/2025 07:42:20 am,67.200,36.655000,2.8,2.4
04/14/2025 07:42:20 am,67.250,36.655000,1.9,2.3
04/14/2025 07:42:20 am,67.300,36.655000,1.8,2.3
04/14/2025 07:42:20 am,67.350,36.655000,1.2,2.1
04/14/2025 07:42:20 am,67.400,36.655000,1.9,2.3
04/14/2025 07:42:20 am,67.450,36.625000,1.3,2.1
04/14/2025 07:42:20 am,67.500,36.570000,1.0,2.0
04/14/2025 07:42:20 am,67.550,36.555000,0.7,1.9
04/14/2025 07:42:20 am,67.600,36.545000,0.9,2.0
04/14/2025 07:42:20 am,67.650,36.545000,1.1,2.1
04/14/2025 07:42:20 am,67.700,36.525000,1.2,2.1
04/14/2025 07:42:20 am,67.750,36.520000,1.3,2.1
04/14/2025 07:42:20 am,67.800,36.520000,1.2,2.1
04/14/2025 07:42:20 am,67.850,36.520000,1.4,2.1
04/14/2025 07:42:20 am,67.900,36.520000,1.8,2.3
04/14/2025 07:42:20 am,67.950,36.520000,2.0,2.3
04/14/2025 07:42:21 am,68.000,36.520000,2.5,2.4
04/14/2025 07:42:21 am,68.050,36.520000,3.1,2.5
04/14/2025 07:42:21 am,68.100,36.520000,3.0,2.5
04/14/2025 07:42:21 am,68.150,36.520000,2.8,2.4
04/14/2025 07:42:21 am,68.200,36.520000,1.3,2.1
04/14/2025 07:42:21 am,68.250,36.510000,1.2,2.1
04/14/2025 07:42:21 am,68.300,36.465000,0.5,1.7
04/14/2025 07:42:21 am,68.350,36.445000,0.5,1.7
04/14/2025 07:42:21 am,68.400,36.405000,0.3,1.5
04/14/2025 07:42:21 am,68.450,36.295000,0.3,1.5
04/14/2025 07:42:21 am,68.500,36.145000,0.6,1.8
04/14/2025 07:42:21 am,68.550,36.020000,0.9,2.0
04/14/2025 07:42:21 am,68.600,35.950000,0.8,1.9
04/14/2025 07:42:21 am,68.650,35.875000,0.6,1.8
04/14/2025 07:42:21 am,68.700,35.750000,0.3,1.4
04/14/2025 07:42:21 am,68.750,35.595000,0.2,1.2
04/14/2025 07:42:21 am,68.800,35.435000,0.4,1.6
04/14/2025 07:42:21 am,68.850,35.330000,0.6,1.8
04/14/2025 07:42:21 am,68.900,35.255000,0.6,1.8
04/14/2025 07:42:21 am,68.950,35.160000,0.6,1.8
04/14/2025 07:42:22 am,69.000,35.055000,0.5,1.7
04/14/2025 07:42:22 am,69.050,34.900000,0.3,1.4
04/14/2025 07:42:22 am,69.100,34.750000,0.2,1.3
04/14/2025 07:42:22 am,69.150,34.635000,0.4,1.6
04/14/2025 07:42:22 am,69.200,34.535000,0.6,1.8
04/14/2025 07:42:22 am,69.250,34.500000,0.8,1.9
04/14/2025 07:42:22 am,69.300,34.390000,0.9,2.0
04/14/2025 07:42:22 am,69.350,34.130000,1.1,2.0
04/14/2025 07:42:22 am,69.400,33.815000,0.2,1.3
04/14/2025 07:42:22 am,69.450,33.590000,1.0,2.0
04/14/2025 07:42:22 am,69.500,33.355000,6.2,2.8
04/14/2025 07:42:22 am,69.550,33.160000,14.1,3.1
04/14/2025 07:42:22 am,69.600,33.080000,16.7,3.2
04/14/2025 07:42:22 am,69.650,33.045000,16.8,3.2
04/14/2025 07:42:22 am,69.700,32.880000,17.9,3.3
04/14/2025 07:42:22 am,69.750,32.685000,15.3,3.2
04/14/2025 07:42:22 am,69.800,32.555000,11.2,3.1
04/14/2025 07:42:22 am,69.850,32.455000,6.9,2.8
04/14/2025 07:42:22 am,69.900,32.350000,4.4,2.6
04/14/2025 07:42:22 am,69.950,32.230000,1.7,2.2
04/14/2025 07:42:23 am,70.000,32.130000,0.9,2.0
04/14/2025 07:42:23 am,70.050,32.030000,0.5,1.7
04/14/2025 07:42:23 am,70.100,31.905000,0.3,1.5
04/14/2025 07:42:23 am,70.150,31.740000,0.4,1.6
04/14/2025 07:42:23 am,70.200,31.595000,0.5,1.7
04/14/2025 07:42:23 am,70.250,31.485000,0.5,1.7
04/14/2025 07:42:23 am,70.300,31.330000,0.4,1.6
04/14/2025 07:42:23 am,70.350,31.165000,0.3,1.4
04/14/2025 07:42:23 am,70.400,31.075000,0.2,1.3
04/14/2025 07:42:23 am,70.450,30.985000,0.2,1.3
04/14/2025 07:42:23 am,70.500,30.875000,0.2,1.3
04/14/2025 07:42:23 am,70.550,30.780000,0.2,1.3
04/14/2025 07:42:23 am,70.600,30.665000,0.2,1.3
04/14/2025 07:42:23 am,70.650,30.485000,0.2,1.4
04/14/2025 07:42:23 am,70.700,30.335000,0.2,1.3
04/14/2025 07:42:23 am,70.750,30.150000,0.2,1.2
04/14/2025 07:42:23 am,70.800,29.955000,0.2,1.2
04/14/2025 07:42:23 am,70.850,29.780000,0.2,1.3
04/14/2025 07:42:23 am,70.900,29.630000,0.2,1.3
04/14/2025 07:42:23 am,70.950,29.395000,0.2,1.3
04/14/2025 07:42:24 am,71.000,29.100000,0.2,1.2
04/14/2025 07:42:24 am,71.050,28.800000,0.2,1.3
04/14/2025 07:42:24 am,71.100,28.715000,0.2,1.4
04/14/2025 07:42:24 am,71.150,28.620000,0.3,1.4
04/14/2025 07:42:24 am,71.200,28.550000,0.3,1.5
04/14/2025 07:42:24 am,71.250,28.490000,0.3,1.5
04/14/2025 07:42:24 am,71.300,28.425000,0.4,1.6
04/14/2025 07:42:24 am,71.350,28.310000,0.4,1.6
04/14/2025 07:42:24 am,71.400,28.015000,0.7,1.9
04/14/2025 07:42:24 am,71.450,27.860000,1.0,2.0
04/14/2025 07:42:24 am,71.500,27.830000,1.0,2.0
04/14/2025 07:42:24 am,71.550,27.800000,1.0,2.0
04/14/2025 07:42:24 am,71.600,27.775000,1.0,2.0
04/14/2025 07:42:24 am,71.650,27.665000,1.0,2.0
04/14/2025 07:42:24 am,71.700,27.480000,0.8,1.9
04/14/2025 07:42:24 am,71.750,27.425000,0.5,1.7
04/14/2025 07:42:24 am,71.800,27.425000,0.5,1.7
04/14/2025 07:42:24 am,71.850,27.400000,0.6,1.8
04/14/2025 07:42:24 am,71.900,27.340000,0.5,1.7
04/14/2025 07:42:24 am,71.950,27.260000,0.4,1.6
04/14/2025 07:42:25 am,72.000,27.180000,0.2,1.4
04/14/2025 07:42:25 am,72.050,27.085000,0.2,1.3
04/14/2025 07:42:25 am,72.100,26.915000,0.2,1.2
04/14/2025 07:42:25 am,72.150,26.730000,0.3,1.5
04/14/2025 07:42:25 am,72.200,26.595000,0.4,1.6
04/14/2025 07:42:25 am,72.250,26.420000,0.4,1.6
04/14/2025 07:42:25 am,72.300,26.340000,0.3,1.4
04/14/2025 07:42:25 am,72.350,26.255000,0.2,1.4
04/14/2025 07:42:25 am,72.400,26.070000,0.1,1.2
04/14/2025 07:42:25 am,72.450,25.785000,0.4,1.6
04/14/2025 07:42:25 am,72.500,25.620000,0.5,1.7
04/14/2025 07:42:25 am,72.550,25.565000,0.5,1.7
04/14/2025 07:42:25 am,72.600,25.485000,0.4,1.6
04/14/2025 07:42:25 am,72.650,25.370000,0.2,1.4
04/14/2025 07:42:25 am,72.700,25.130000,0.2,1.3
04/14/2025 07:42:25 am,72.750,24.810000,1.1,2.0
04/14/2025 07:42:25 am,72.800,24.640000,1.3,2.1
04/14/2025 07:42:25 am,72.850,24.440000,0.7,1.8
04/14/2025 07:42:25 am,72.900,24.290000,0.4,1.6
04/14/2025 07:42:25 am,72.950,24.120000,1.8,2.3
04/14/2025 07:42:26 am,73.000,23.910000,10.9,3.0
04/14/2025 07:42:26 am,73.050,23.605000,42.3,3.6
04/14/2025 07:42:26 am,73.100,23.370000,59.4,3.8
04/14/2025 07:42:26 am,73.150,23.165000,53.6,3.7
04/14/2025 07:42:26 am,73.200,22.890000,27.3,3.4
04/14/2025 07:42:26 am,73.250,22.665000,5.9,2.8
04/14/2025 07:42:26 am,73.300,22.445000,0.0,0.0
04/14/2025 07:42:26 am,73.350,22.210000,1.3,2.1
04/14/2025 07:42:26 am,73.400,21.980000,3.3,2.5
04/14/2025 07:42:26 am,73.450,21.735000,2.2,2.3
04/14/2025 07:42:26 am,73.500,21.365000,-0.1,0.0
04/14/2025 07:42:26 am,73.550,21.095000,1.5,2.2
04/14/2025 07:42:26 am,73.600,20.870000,1.9,2.3
04/14/2025 07:42:26 am,73.650,20.740000,1.1,2.0
04/14/2025 07:42:26 am,73.700,20.615000,0.5,1.7
04/14/2025 07:42:26 am,73.750,20.460000,0.3,1.4
04/14/2025 07:42:26 am,73.800,20.255000,1.3,2.1
04/14/2025 07:42:26 am,73.850,20.135000,2.6,2.4
04/14/2025 07:42:26 am,73.900,19.930000,4.4,2.6
04/14/2025 07:42:26 am,73.950,19.620000,1.7,2.2
04/14/2025 07:42:27 am,74.000,19.425000,0.6,1.8
04/14/2025 07:42:27 am,74.050,19.245000,5.4,2.7
04/14/2025 07:42:27 am,74.100,19.105000,25.6,3.4
04/14/2025 07:42:27 am,74.150,19.070000,24.7,3.4
04/14/2025 07:42:27 am,74.200,19.020000,34.8,3.5
04/14/2025 07:42:27 am,74.250,18.940000,37.9,3.6
04/14/2025 07:42:27 am,74.300,18.775000,58.5,3.8
04/14/2025 07:42:27 am,74.350,18.685000,67.6,3.8
04/14/2025 07:42:27 am,74.400,18.645000,68.0,3.8
04/14/2025 07:42:27 am,74.450,18.590000,69.8,3.8
04/14/2025 07:42:27 am,74.500,18.545000,69.7,3.8
04/14/2025 07:42:27 am,74.550,18.440000,67.9,3.8
04/14/2025 07:42:27 am,74.600,18.310000,57.6,3.8
04/14/2025 07:42:27 am,74.650,18.250000,48.7,3.7
04/14/2025 07:42:27 am,74.700,18.160000,41.7,3.6
04/14/2025 07:42:27 am,74.750,18.065000,27.0,3.4
04/14/2025 07:42:27 am,74.800,18.000000,20.8,3.3
04/14/2025 07:42:27 am,74.850,17.950000,16.2,3.2
04/14/2025 07:42:27 am,74.900,17.835000,7.9,2.9
04/14/2025 07:42:27 am,74.950,17.800000,4.7,2.7
04/14/2025 07:42:28 am,75.000,17.740000,2.3,2.4
04/14/2025 07:42:28 am,75.050,17.630000,1.2,2.1
04/14/2025 07:42:28 am,75.100,17.525000,0.5,1.7
04/14/2025 07:42:28 am,75.150,17.430000,0.8,1.9
04/14/2025 07:42:28 am,75.200,17.325000,1.5,2.2
04/14/2025 07:42:28 am,75.250,17.220000,2.1,2.3
04/14/2025 07:42:28 am,75.300,17.090000,2.1,2.3
04/14/2025 07:42:28 am,75.350,16.965000,1.5,2.2
04/14/2025 07:42:28 am,75.400,16.865000,1.1,2.0
04/14/2025 07:42:28 am,75.450,16.755000,0.7,1.8
04/14/2025 07:42:28 am,75.500,16.635000,0.3,1.5
04/14/2025 07:42:28 am,75.550,16.565000,0.4,1.5
04/14/2025 07:42:28 am,75.600,16.430000,0.4,1.6
04/14/2025 07:42:28 am,75.650,16.390000,0.5,1.7
04/14/2025 07:42:28 am,75.700,16.390000,0.4,1.6
04/14/2025 07:42:28 am,75.750,16.390000,0.4,1.6
04/14/2025 07:42:28 am,75.800,16.390000,0.4,1.6
04/14/2025 07:42:28 am,75.850,16.390000,0.4,1.6
04/14/2025 07:42:28 am,75.900,16.390000,0.4,1.6
04/14/2025 07:42:28 am,75.950,16.390000,0.4,1.6
04/14/2025 07:42:29 am,76.000,16.390000,0.5,1.7
04/14/2025 07:42:29 am,76.050,16.390000,0.5,1.7
04/14/2025 07:42:29 am,76.100,16.350000,0.6,1.8
04/14/2025 07:42:29 am,76.150,16.190000,0.7,1.8
04/14/2025 07:42:29 am,76.200,16.010000,0.5,1.7
04/14/2025 07:42:29 am,76.250,15.935000,0.4,1.6
04/14/2025 07:42:29 am,76.300,15.775000,0.4,1.6
04/14/2025 07:42:29 am,76.350,15.590000,0.5,1.7
04/14/2025 07:42:29 am,76.400,15.455000,0.7,1.8
04/14/2025 07:42:29 am,76.450,15.380000,0.7,1.9
04/14/2025 07:42:29 am,76.500,15.290000,0.8,1.9
04/14/2025 07:42:29 am,76.550,15.190000,0.7,1.8
04/14/2025 07:42:29 am,76.600,15.020000,0.5,1.7
04/14/2025 07:42:29 am,76.650,14.900000,0.3,1.5
04/14/2025 07:42:29 am,76.700,14.730000,0.4,1.6
04/14/2025 07:42:29 am,76.750,14.565000,0.6,1.8
04/14/2025 07:42:29 am,76.800,14.375000,1.0,2.0
04/14/2025 07:42:29 am,76.850,14.205000,1.2,2.1
04/14/2025 07:42:29 am,76.900,13.960000,1.6,2.2
04/14/2025 07:42:29 am,76.950,13.735000,2.0,2.3
04/14/2025 07:42:30 am,77.000,13.560000,2.1,2.3
04/14/2025 07:42:30 am,77.050,13.375000,1.6,2.2
04/14/2025 07:42:30 am,77.100,13.125000,0.5,1.7
04/14/2025 07:42:30 am,77.150,12.850000,0.2,1.3
04/14/2025 07:42:30 am,77.200,12.600000,0.7,1.9
04/14/2025 07:42:30 am,77.250,12.400000,1.0,2.0
04/14/2025 07:42:30 am,77.300,12.225000,0.6,1.8
04/14/2025 07:42:30 am,77.350,12.060000,0.4,1.6
04/14/2025 07:42:30 am,77.400,11.915000,0.5,1.7
04/14/2025 07:42:30 am,77.450,11.785000,0.9,2.0
04/14/2025 07:42:30 am,77.500,11.635000,1.6,2.2
04/14/2025 07:42:30 am,77.550,11.470000,2.5,2.4
04/14/2025 07:42:30 am,77.600,11.350000,2.4,2.4
04/14/2025 07:42:30 am,77.650,11.210000,1.6,2.2
04/14/2025 07:42:30 am,77.700,11.080000,0.8,1.9
04/14/2025 07:42:30 am,77.750,10.970000,0.6,1.8
04/14/2025 07:42:30 am,77.800,10.910000,0.7,1.9
04/14/2025 07:42:30 am,77.850,10.850000,1.0,2.0
04/14/2025 07:42:30 am,77.900,10.755000,1.6,2.2
04/14/2025 07:42:30 am,77.950,10.610000,3.8,2.6
04/14/2025 07:42:31 am,78.000,10.445000,7.4,2.9
04/14/2025 07:42:31 am,78.050,10.260000,7.8,2.9
04/14/2025 07:42:31 am,78.100,10.060000,2.8,2.4
04/14/2025 07:42:31 am,78.150,9.910000,4.5,2.7
04/14/2025 07:42:31 am,78.200,9.760000,19.1,3.3
04/14/2025 07:42:31 am,78.250,9.545000,82.4,3.9
04/14/2025 07:42:31 am,78.300,9.310000,99.2,4.0
04/14/2025 07:42:31 am,78.350,9.125000,99.2,4.0
04/14/2025 07:42:31 am,78.400,8.890000,99.2,4.0
04/14/2025 07:42:31 am,78.450,8.585000,99.2,4.0
04/14/2025 07:42:31 am,78.500,8.510000,99.2,4.0
04/14/2025 07:42:31 am,78.550,8.505000,99.2,4.0
04/14/2025 07:42:31 am,78.600,8.445000,99.2,4.0
04/14/2025 07:42:31 am,78.650,8.420000,97.0,4.0
04/14/2025 07:42:31 am,78.700,8.315000,59.4,3.8
04/14/2025 07:42:31 am,78.750,8.240000,25.8,3.4
04/14/2025 07:42:31 am,78.800,8.135000,7.6,2.9
04/14/2025 07:42:31 am,78.850,7.980000,2.0,2.3
04/14/2025 07:42:31 am,78.900,7.925000,11.6,3.1
04/14/2025 07:42:31 am,78.950,7.840000,17.7,3.2
04/14/2025 07:42:32 am,79.000,7.715000,31.2,3.5
04/14/2025 07:42:32 am,79.050,7.615000,30.5,3.5
04/14/2025 07:42:32 am,79.100,7.445000,22.8,3.4
04/14/2025 07:42:32 am,79.150,7.290000,2.5,2.4
04/14/2025 07:42:32 am,79.200,7.110000,0.7,1.8
04/14/2025 07:42:32 am,79.250,6.940000,11.7,3.1
04/14/2025 07:42:32 am,79.300,6.850000,21.6,3.3
04/14/2025 07:42:32 am,79.350,6.565000,28.8,3.5
04/14/2025 07:42:32 am,79.400,6.335000,4.2,2.6
04/14/2025 07:42:32 am,79.450,6.220000,1.2,2.1
04/14/2025 07:42:32 am,79.500,6.160000,3.2,2.5
04/14/2025 07:42:32 am,79.550,6.000000,19.9,3.3
04/14/2025 07:42:32 am,79.600,5.835000,51.8,3.7
04/14/2025 07:42:32 am,79.650,5.680000,58.8,3.8
04/14/2025 07:42:32 am,79.700,5.480000,39.0,3.6
04/14/2025 07:42:32 am,79.750,5.325000,9.7,3.0
04/14/2025 07:42:32 am,79.800,5.205000,22.9,3.4
04/14/2025 07:42:32 am,79.850,5.050000,99.2,4.0
04/14/2025 07:42:32 am,79.900,4.915000,99.2,4.0
04/14/2025 07:42:32 am,79.950,4.735000,99.2,4.0
04/14/2025 07:42:33 am,80.000,4.485000,99.2,4.0
04/14/2025 07:42:33 am,80.050,4.250000,99.2,4.0
04/14/2025 07:42:33 am,80.100,3.995000,99.2,4.0
04/14/2025 07:42:33 am,80.150,3.735000,99.2,4.0
04/14/2025 07:42:33 am,80.200,3.575000,99.2,4.0
04/14/2025 07:42:33 am,80.250,3.470000,-0.8,0.0
04/14/2025 07:42:33 am,80.300,3.280000,22.2,3.3
04/14/2025 07:42:33 am,80.350,3.135000,78.1,3.9
04/14/2025 07:42:33 am,80.400,2.955000,88.0,3.9
04/14/2025 07:42:33 am,80.450,2.770000,47.7,3.7
04/14/2025 07:42:33 am,80.500,2.585000,5.3,2.7
04/14/2025 07:42:33 am,80.550,2.435000,0.9,2.0
04/14/2025 07:42:33 am,80.600,2.350000,17.1,3.2
04/14/2025 07:42:33 am,80.650,2.225000,31.4,3.5
04/14/2025 07:42:33 am,80.700,2.000000,65.0,3.8
04/14/2025 07:42:33 am,80.750,1.845000,37.5,3.6
04/14/2025 07:42:33 am,80.800,1.790000,24.2,3.4
04/14/2025 07:42:33 am,80.850,1.725000,15.9,3.2
04/14/2025 07:42:33 am,80.900,1.560000,-0.7,0.0
04/14/2025 07:42:33 am,80.950,1.440000,13.3,3.1
04/14/2025 07:42:34 am,81.000,1.350000,38.1,3.6
04/14/2025 07:42:34 am,81.050,1.235000,67.9,3.8
04/14/2025 07:42:34 am,81.100,1.180000,91.8,4.0
04/14/2025 07:42:34 am,81.150,1.140000,94.9,4.0
04/14/2025 07:42:34 am,81.200,1.090000,98.1,4.0
04/14/2025 07:42:34 am,81.250,1.030000,99.2,4.0
04/14/2025 07:42:34 am,81.300,0.945000,99.1,4.0
04/14/2025 07:42:34 am,81.350,0.900000,96.4,4.0
04/14/2025 07:42:34 am,81.400,0.760000,80.6,3.9
04/14/2025 07:42:34 am,81.450,0.550000,12.0,3.1
04/14/2025 07:42:34 am,81.500,0.380000,56.2,3.8
04/14/2025 07:42:34 am,81.550,0.155000,99.2,4.0
04/14/2025 07:42:34 am,81.600,0.100000,99.2,4.0
04/14/2025 07:42:34 am,81.650,-0.020000,99.2,4.0
04/14/2025 07:42:34 am,81.700,-0.185000,99.2,4.0
04/14/2025 07:42:34 am,81.750,-0.410000,99.2,4.0
04/14/2025 07:42:34 am,81.800,-0.595000,99.2,4.0
04/14/2025 07:42:34 am,81.850,-0.730000,99.2,4.0
04/14/2025 07:42:34 am,81.900,-0.885000,99.2,4.0
04/14/2025 07:42:34 am,81.950,-0.960000,99.2,4.0
04/14/2025 07:42:35 am,82.000,-1.085000,99.2,4.0
04/14/2025 07:42:35 am,82.050,-1.240000,99.2,4.0
04/14/2025 07:42:35 am,82.100,-1.390000,-0.8,0.0
04/14/2025 07:42:35 am,82.150,-1.560000,47.6,3.7
04/14/2025 07:42:35 am,82.200,-1.810000,99.2,4.0
04/14/2025 07:42:35 am,82.250,-2.035000,65.4,3.8
04/14/2025 07:42:35 am,82.300,-2.200000,10.0,3.0
04/14/2025 07:42:35 am,82.350,-2.305000,1.2,2.1
04/14/2025 07:42:35 am,82.400,-2.475000,12.8,3.1
04/14/2025 07:42:35 am,82.450,-2.645000,52.9,3.7
04/14/2025 07:42:35 am,82.500,-2.870000,59.9,3.8
04/14/2025 07:42:35 am,82.550,-3.195000,6.8,2.8
04/14/2025 07:42:35 am,82.600,-3.325000,2.1,2.3
04/14/2025 07:42:35 am,82.650,-3.360000,15.4,3.2
04/14/2025 07:42:35 am,82.700,-3.475000,32.9,3.5
04/14/2025 07:42:35 am,82.750,-3.635000,80.2,3.9
04/14/2025 07:42:35 am,82.800,-3.755000,88.2,3.9
04/14/2025 07:42:35 am,82.850,-3.850000,73.4,3.9
04/14/2025 07:42:35 am,82.900,-3.905000,64.5,3.8
04/14/2025 07:42:35 am,82.950,-4.025000,32.9,3.5
04/14/2025 07:42:36 am,83.000,-4.130000,15.5,3.2
04/14/2025 07:42:36 am,83.050,-4.205000,13.5,3.1
04/14/2025 07:42:36 am,83.100,-4.250000,26.6,3.4
04/14/2025 07:42:36 am,83.150,-4.350000,75.8,3.9
04/14/2025 07:42:36 am,83.200,-4.430000,99.2,4.0
04/14/2025 07:42:36 am,83.250,-4.565000,99.2,4.0
04/14/2025 07:42:36 am,83.300,-4.650000,99.2,4.0
04/14/2025 07:42:36 am,83.350,-4.770000,99.2,4.0
04/14/2025 07:42:36 am,83.400,-4.850000,99.2,4.0
04/14/2025 07:42:36 am,83.450,-5.020000,99.2,4.0
04/14/2025 07:42:36 am,83.500,-5.195000,99.2,4.0
04/14/2025 07:42:36 am,83.550,-5.460000,99.2,4.0
04/14/2025 07:42:36 am,83.600,-5.580000,99.2,4.0
04/14/2025 07:42:36 am,83.650,-5.740000,99.2,4.0
04/14/2025 07:42:36 am,83.700,-5.940000,73.2,3.9
04/14/2025 07:42:36 am,83.750,-6.170000,1.4,2.2
04/14/2025 07:42:36 am,83.800,-6.405000,65.9,3.8
04/14/2025 07:42:36 am,83.850,-6.635000,41.3,3.6
04/14/2025 07:42:36 am,83.900,-6.805000,10.9,3.0
04/14/2025 07:42:36 am,83.950,-6.995000,0.1,1.1
04/14/2025 07:42:37 am,84.000,-7.160000,6.2,2.8
04/14/2025 07:42:37 am,84.050,-7.380000,25.2,3.4
04/14/2025 07:42:37 am,84.100,-7.535000,26.5,3.4
04/14/2025 07:42:37 am,84.150,-7.615000,20.2,3.3
04/14/2025 07:42:37 am,84.200,-7.695000,13.7,3.1
04/14/2025 07:42:37 am,84.250,-7.775000,9.5,3.0
04/14/2025 07:42:37 am,84.300,-7.880000,2.6,2.4
04/14/2025 07:42:37 am,84.350,-8.025000,0.9,1.9
04/14/2025 07:42:37 am,84.400,-8.075000,2.4,2.4
04/14/2025 07:42:37 am,84.450,-8.105000,4.0,2.6
04/14/2025 07:42:37 am,84.500,-8.105000,3.1,2.5
04/14/2025 07:42:37 am,84.550,-8.105000,2.8,2.4
04/14/2025 07:42:37 am,84.600,-8.105000,2.4,2.4
04/14/2025 07:42:37 am,84.650,-8.105000,1.8,2.2
04/14/2025 07:42:37 am,84.700,-8.105000,1.8,2.2
04/14/2025 07:42:37 am,84.750,-8.105000,1.8,2.2
04/14/2025 07:42:37 am,84.800,-8.105000,1.9,2.3
04/14/2025 07:42:37 am,84.850,-8.105000,2.1,2.3
04/14/2025 07:42:37 am,84.900,-8.105000,3.4,2.5
04/14/2025 07:42:37 am,84.950,-8.140000,4.9,2.7
04/14/2025 07:42:38 am,85.000,-8.265000,16.4,3.2
04/14/2025 07:42:38 am,85.050,-8.405000,30.1,3.5
04/14/2025 07:42:38 am,85.100,-8.495000,29.8,3.5
04/14/2025 07:42:38 am,85.150,-8.655000,26.6,3.4
04/14/2025 07:42:38 am,85.200,-8.875000,6.6,2.8
04/14/2025 07:42:38 am,85.250,-9.060000,3.3,2.5
04/14/2025 07:42:38 am,85.300,-9.160000,14.6,3.2
04/14/2025 07:42:38 am,85.350,-9.290000,45.6,3.7
04/14/2025 07:42:38 am,85.400,-9.355000,68.0,3.8
04/14/2025 07:42:38 am,85.450,-9.495000,99.2,4.0
04/14/2025 07:42:38 am,85.500,-9.670000,99.2,4.0
04/14/2025 07:42:38 am,85.550,-9.720000,99.2,4.0
04/14/2025 07:42:38 am,85.600,-9.765000,99.2,4.0
04/14/2025 07:42:38 am,85.650,-9.795000,99.2,4.0
04/14/2025 07:42:38 am,85.700,-9.855000,99.2,4.0
04/14/2025 07:42:38 am,85.750,-9.935000,99.2,4.0
04/14/2025 07:42:38 am,85.800,-9.985000,99.2,4.0
04/14/2025 07:42:38 am,85.850,-10.050000,99.2,4.0
04/14/2025 07:42:38 am,85.900,-10.155000,99.2,4.0
04/14/2025 07:42:38 am,85.950,-10.235000,99.2,4.0
04/14/2025 07:42:39 am,86.000,-10.300000,99.2,4.0
04/14/2025 07:42:39 am,86.050,-10.375000,99.2,4.0
04/14/2025 07:42:39 am,86.100,-10.490000,98.4,4.0
04/14/2025 07:42:39 am,86.150,-10.580000,47.9,3.7
04/14/2025 07:42:39 am,86.200,-10.630000,42.6,3.6
04/14/2025 07:42:39 am,86.250,-10.730000,21.2,3.3
04/14/2025 07:42:39 am,86.300,-10.790000,9.3,3.0
04/14/2025 07:42:39 am,86.350,-10.865000,5.0,2.7
04/14/2025 07:42:39 am,86.400,-10.975000,2.2,2.3
04/14/2025 07:42:39 am,86.450,-11.035000,2.7,2.4
04/14/2025 07:42:39 am,86.500,-11.105000,3.9,2.6
04/14/2025 07:42:39 am,86.550,-11.210000,6.1,2.8
04/14/2025 07:42:39 am,86.600,-11.290000,7.8,2.9
04/14/2025 07:42:39 am,86.650,-11.370000,7.8,2.9
04/14/2025 07:42:39 am,86.700,-11.485000,6.7,2.8
04/14/2025 07:42:39 am,86.750,-11.650000,2.9,2.5
04/14/2025 07:42:39 am,86.800,-11.755000,1.0,2.0
04/14/2025 07:42:39 am,86.850,-11.890000,0.4,1.6
04/14/2025 07:42:39 am,86.900,-12.015000,0.6,1.8
04/14/2025 07:42:39 am,86.950,-12.170000,1.4,2.1
04/14/2025 07:42:40 am,87.000,-12.305000,2.2,2.3
04/14/2025 07:42:40 am,87.050,-12.450000,2.3,2.4
04/14/2025 07:42:40 am,87.100,-12.570000,1.5,2.2
04/14/2025 07:42:40 am,87.150,-12.625000,1.1,2.0
04/14/2025 07:42:40 am,87.200,-12.710000,0.7,1.9
04/14/2025 07:42:40 am,87.250,-12.865000,0.3,1.5
04/14/2025 07:42:40 am,87.300,-12.965000,0.4,1.6
04/14/2025 07:42:40 am,87.350,-13.045000,0.5,1.7
04/14/2025 07:42:40 am,87.400,-13.175000,0.8,1.9
04/14/2025 07:42:40 am,87.450,-13.260000,1.0,2.0
04/14/2025 07:42:40 am,87.500,-13.415000,1.0,2.0
04/14/2025 07:42:40 am,87.550,-13.535000,0.7,1.8
04/14/2025 07:42:40 am,87.600,-13.630000,0.6,1.8
04/14/2025 07:42:40 am,87.650,-13.750000,0.4,1.7
04/14/2025 07:42:40 am,87.700,-13.865000,0.5,1.7
04/14/2025 07:42:40 am,87.750,-14.005000,0.7,1.8
04/14/2025 07:42:40 am,87.800,-14.155000,0.9,2.0
04/14/2025 07:42:40 am,87.850,-14.430000,1.0,2.0
04/14/2025 07:42:40 am,87.900,-14.695000,0.6,1.8
04/14/2025 07:42:40 am,87.950,-14.780000,0.6,1.8
04/14/2025 07:42:41 am,88.000,-14.885000,0.6,1.8
04/14/2025 07:42:41 am,88.050,-15.055000,0.6,1.8
04/14/2025 07:42:41 am,88.100,-15.240000,0.5,1.7
04/14/2025 07:42:41 am,88.150,-15.510000,0.2,1.4
04/14/2025 07:42:41 am,88.200,-15.700000,0.2,1.2
04/14/2025 07:42:41 am,88.250,-15.760000,0.2,1.3
04/14/2025 07:42:41 am,88.300,-15.860000,0.3,1.4
04/14/2025 07:42:41 am,88.350,-16.070000,0.4,1.6
04/14/2025 07:42:41 am,88.400,-16.360000,0.3,1.5
04/14/2025 07:42:41 am,88.450,-16.680000,0.2,1.2
04/14/2025 07:42:41 am,88.500,-16.970000,0.4,1.6
04/14/2025 07:42:41 am,88.550,-17.170000,0.4,1.6
04/14/2025 07:42:41 am,88.600,-17.375000,0.2,1.4
04/14/2025 07:42:41 am,88.650,-17.640000,0.2,1.2
04/14/2025 07:42:41 am,88.700,-17.915000,0.8,1.9
04/14/2025 07:42:41 am,88.750,-18.125000,1.5,2.2
04/14/2025 07:42:41 am,88.800,-18.260000,1.1,2.0
04/14/2025 07:42:41 am,88.850,-18.430000,0.7,1.8
04/14/2025 07:42:41 am,88.900,-18.725000,1.3,2.1
04/14/2025 07:42:41 am,88.950,-18.945000,15.3,3.2
04/14/2025 07:42:42 am,89.000,-19.090000,28.4,3.5
04/14/2025 07:42:42 am,89.050,-19.235000,47.4,3.7
04/14/2025 07:42:42 am,89.100,-19.325000,51.6,3.7
04/14/2025 07:42:42 am,89.150,-19.455000,58.8,3.8
04/14/2025 07:42:42 am,89.200,-19.595000,57.5,3.8
04/14/2025 07:42:42 am,89.250,-19.760000,49.7,3.7
04/14/2025 07:42:42 am,89.300,-19.985000,30.7,3.5
04/14/2025 07:42:42 am,89.350,-20.130000,10.5,3.0
04/14/2025 07:42:42 am,89.400,-20.220000,6.2,2.8
04/14/2025 07:42:42 am,89.450,-20.330000,1.8,2.3
04/14/2025 07:42:42 am,89.500,-20.480000,0.2,1.4
04/14/2025 07:42:42 am,89.550,-20.615000,0.9,1.9
04/14/2025 07:42:42 am,89.600,-20.735000,2.1,2.3
04/14/2025 07:42:42 am,89.650,-20.855000,2.9,2.5
04/14/2025 07:42:42 am,89.700,-20.975000,3.0,2.5
04/14/2025 07:42:42 am,89.750,-21.130000,2.1,2.3
04/14/2025 07:42:42 am,89.800,-21.350000,0.3,1.5
04/14/2025 07:42:42 am,89.850,-21.595000,0.2,1.4
04/14/2025 07:42:42 am,89.900,-21.800000,1.0,2.0
04/14/2025 07:42:42 am,89.950,-22.005000,1.4,2.1
04/14/2025 07:42:43 am,90.000,-22.155000,0.5,1.7
04/14/2025 07:42:43 am,90.050,-22.190000,0.5,1.7
04/14/2025 07:42:43 am,90.100,-22.320000,0.3,1.4
04/14/2025 07:42:43 am,90.150,-22.515000,0.2,1.4
04/14/2025 07:42:43 am,90.200,-22.570000,0.7,1.8
04/14/2025 07:42:43 am,90.250,-22.590000,0.6,1.8
04/14/2025 07:42:43 am,90.300,-22.830000,1.4,2.2
04/14/2025 07:42:43 am,90.350,-22.995000,1.9,2.3
04/14/2025 07:42:43 am,90.400,-23.185000,0.8,1.9
04/14/2025 07:42:43 am,90.450,-23.305000,0.3,1.5
04/14/2025 07:42:43 am,90.500,-23.415000,1.1,2.0
04/14/2025 07:42:43 am,90.550,-23.520000,3.4,2.5
04/14/2025 07:42:43 am,90.600,-23.665000,11.3,3.1
04/14/2025 07:42:43 am,90.650,-23.810000,23.1,3.4
04/14/2025 07:42:43 am,90.700,-23.935000,31.2,3.5
04/14/2025 07:42:43 am,90.750,-24.075000,39.4,3.6
04/14/2025 07:42:43 am,90.800,-24.215000,38.5,3.6
04/14/2025 07:42:43 am,90.850,-24.355000,29.4,3.5
04/14/2025 07:42:43 am,90.900,-24.485000,22.1,3.3
04/14/2025 07:42:43 am,90.950,-24.600000,12.7,3.1
04/14/2025 07:42:44 am,91.000,-24.705000,6.6,2.8
04/14/2025 07:42:44 am,91.050,-24.760000,3.9,2.6
04/14/2025 07:42:44 am,91.100,-24.870000,1.5,2.2
04/14/2025 07:42:44 am,91.150,-24.985000,0.4,1.6
04/14/2025 07:42:44 am,91.200,-25.050000,0.4,1.6
04/14/2025 07:42:44 am,91.250,-25.115000,0.4,1.6
04/14/2025 07:42:44 am,91.300,-25.190000,0.5,1.7
04/14/2025 07:42:44 am,91.350,-25.290000,0.7,1.8
04/14/2025 07:42:44 am,91.400,-25.390000,0.9,1.9
04/14/2025 07:42:44 am,91.450,-25.480000,1.0,2.0
04/14/2025 07:42:44 am,91.500,-25.580000,0.9,1.9
04/14/2025 07:42:44 am,91.550,-25.695000,0.7,1.8
04/14/2025 07:42:44 am,91.600,-25.895000,0.3,1.5
04/14/2025 07:42:44 am,91.650,-26.065000,0.1,1.2
04/14/2025 07:42:44 am,91.700,-26.185000,0.2,1.2
04/14/2025 07:42:44 am,91.750,-26.350000,0.3,1.4
04/14/2025 07:42:44 am,91.800,-26.510000,0.4,1.6
04/14/2025 07:42:44 am,91.850,-26.700000,0.4,1.6
04/14/2025 07:42:44 am,91.900,-26.860000,0.3,1.4
04/14/2025 07:42:44 am,91.950,-26.940000,0.2,1.4
04/14/2025 07:42:45 am,92.000,-27.035000,0.2,1.3
04/14/2025 07:42:45 am,92.050,-27.170000,0.2,1.2
04/14/2025 07:42:45 am,92.100,-27.275000,0.2,1.2
04/14/2025 07:42:45 am,92.150,-27.410000,0.2,1.3
04/14/2025 07:42:45 am,92.200,-27.530000,0.2,1.3
04/14/2025 07:42:45 am,92.250,-27.610000,0.2,1.4
04/14/2025 07:42:45 am,92.300,-27.735000,0.2,1.4
04/14/2025 07:42:45 am,92.350,-27.915000,0.2,1.3
04/14/2025 07:42:45 am,92.400,-28.015000,0.2,1.3
04/14/2025 07:42:45 am,92.450,-28.135000,0.2,1.3
04/14/2025 07:42:45 am,92.500,-28.270000,0.2,1.4
04/14/2025 07:42:45 am,92.550,-28.355000,0.3,1.4
04/14/2025 07:42:45 am,92.600,-28.460000,0.3,1.4
04/14/2025 07:42:45 am,92.650,-28.555000,0.3,1.5
04/14/2025 07:42:45 am,92.700,-28.705000,0.4,1.5
04/14/2025 07:42:45 am,92.750,-28.990000,0.4,1.6
04/14/2025 07:42:45 am,92.800,-29.425000,0.3,1.5
04/14/2025 07:42:45 am,92.850,-29.550000,0.2,1.4
04/14/2025 07:42:45 am,92.900,-29.555000,0.3,1.4
04/14/2025 07:42:45 am,92.950,-29.670000,0.2,1.4
04/14/2025 07:42:46 am,93.000,-29.750000,0.2,1.3
04/14/2025 07:42:46 am,93.050,-29.835000,0.2,1.3
04/14/2025 07:42:46 am,93.100,-29.895000,0.2,1.2
04/14/2025 07:42:46 am,93.150,-29.960000,0.2,1.2
04/14/2025 07:42:46 am,93.200,-30.070000,0.1,1.2
04/14/2025 07:42:46 am,93.250,-30.160000,0.1,1.1
04/14/2025 07:42:46 am,93.300,-30.265000,0.1,1.1
04/14/2025 07:42:46 am,93.350,-30.425000,0.2,1.2
04/14/2025 07:42:46 am,93.400,-30.560000,0.2,1.3
04/14/2025 07:42:46 am,93.450,-30.825000,0.2,1.3
04/14/2025 07:42:46 am,93.500,-31.205000,0.1,1.1
04/14/2025 07:42:46 am,93.550,-31.630000,0.2,1.3
04/14/2025 07:42:46 am,93.600,-31.895000,0.2,1.2
04/14/2025 07:42:46 am,93.650,-32.195000,0.2,1.2
04/14/2025 07:42:46 am,93.700,-32.240000,0.3,1.4
04/14/2025 07:42:46 am,93.750,-32.300000,0.3,1.4
04/14/2025 07:42:46 am,93.800,-32.350000,0.3,1.5
04/14/2025 07:42:46 am,93.850,-32.370000,0.3,1.5
04/14/2025 07:42:46 am,93.900,-32.370000,0.4,1.6
04/14/2025 07:42:46 am,93.950,-32.435000,0.4,1.6
04/14/2025 07:42:47 am,94.000,-32.505000,0.4,1.6
04/14/2025 07:42:47 am,94.050,-32.570000,0.4,1.6
04/14/2025 07:42:47 am,94.100,-32.815000,0.4,1.6
04/14/2025 07:42:47 am,94.150,-32.925000,0.3,1.4
04/14/2025 07:42:47 am,94.200,-33.075000,0.4,1.6
04/14/2025 07:42:47 am,94.250,-33.140000,1.2,2.1
04/14/2025 07:42:47 am,94.300,-33.195000,1.3,2.1
04/14/2025 07:42:47 am,94.350,-33.285000,3.2,2.5
04/14/2025 07:42:47 am,94.400,-33.330000,4.2,2.6
04/14/2025 07:42:47 am,94.450,-33.425000,7.1,2.9
04/14/2025 07:42:47 am,94.500,-33.610000,14.4,3.2
04/14/2025 07:42:47 am,94.550,-33.720000,17.3,3.2
04/14/2025 07:42:47 am,94.600,-33.755000,17.7,3.2
04/14/2025 07:42:47 am,94.650,-33.810000,18.0,3.3
04/14/2025 07:42:47 am,94.700,-33.945000,17.8,3.3
04/14/2025 07:42:47 am,94.750,-34.040000,15.3,3.2
04/14/2025 07:42:47 am,94.800,-34.145000,12.4,3.1
04/14/2025 07:42:47 am,94.850,-34.275000,7.6,2.9
04/14/2025 07:42:47 am,94.900,-34.400000,3.5,2.5
04/14/2025 07:42:47 am,94.950,-34.475000,1.8,2.3
04/14/2025 07:42:48 am,95.000,-34.580000,0.9,1.9
04/14/2025 07:42:48 am,95.050,-34.790000,0.2,1.2
04/14/2025 07:42:48 am,95.100,-35.070000,0.6,1.8
04/14/2025 07:42:48 am,95.150,-35.220000,0.9,2.0
04/14/2025 07:42:48 am,95.200,-35.270000,0.8,1.9
04/14/2025 07:42:48 am,95.250,-35.390000,0.7,1.8
04/14/2025 07:42:48 am,95.300,-35.485000,0.5,1.7
04/14/2025 07:42:48 am,95.350,-35.615000,0.3,1.4
04/14/2025 07:42:48 am,95.400,-35.725000,0.2,1.2
04/14/2025 07:42:48 am,95.450,-35.890000,0.2,1.3
04/14/2025 07:42:48 am,95.500,-35.975000,0.3,1.5
04/14/2025 07:42:48 am,95.550,-36.050000,0.4,1.6
04/14/2025 07:42:48 am,95.600,-36.190000,0.5,1.7
04/14/2025 07:42:48 am,95.650,-36.345000,0.5,1.7
04/14/2025 07:42:48 am,95.700,-36.485000,0.3,1.5
04/14/2025 07:42:48 am,95.750,-36.670000,0.2,1.3
04/14/2025 07:42:48 am,95.800,-36.835000,0.2,1.2
04/14/2025 07:42:48 am,95.850,-36.930000,0.3,1.4
04/14/2025 07:42:48 am,95.900,-37.030000,0.4,1.6
04/14/2025 07:42:48 am,95.950,-37.185000,0.6,1.8
04/14/2025 07:42:49 am,96.000,-37.300000,0.7,1.8
04/14/2025 07:42:49 am,96.050,-37.410000,0.6,1.8
04/14/2025 07:42:49 am,96.100,-37.480000,0.5,1.7
04/14/2025 07:42:49 am,96.150,-37.565000,0.4,1.6
04/14/2025 07:42:49 am,96.200,-37.665000,0.3,1.5
04/14/2025 07:42:49 am,96.250,-37.765000,0.3,1.4
04/14/2025 07:42:49 am,96.300,-37.905000,0.5,1.7
04/14/2025 07:42:49 am,96.350,-38.015000,1.4,2.1
04/14/2025 07:42:49 am,96.400,-38.115000,2.9,2.5
04/14/2025 07:42:49 am,96.450,-38.255000,5.6,2.7
04/14/2025 07:42:49 am,96.500,-38.465000,11.6,3.1
04/14/2025 07:42:49 am,96.550,-38.645000,15.2,3.2
04/14/2025 07:42:49 am,96.600,-38.695000,15.2,3.2
04/14/2025 07:42:49 am,96.650,-38.790000,15.0,3.2
04/14/2025 07:42:49 am,96.700,-38.890000,13.4,3.1
04/14/2025 07:42:49 am,96.750,-38.950000,11.8,3.1
04/14/2025 07:42:49 am,96.800,-39.010000,10.3,3.0
04/14/2025 07:42:49 am,96.850,-39.060000,8.8,2.9
04/14/2025 07:42:49 am,96.900,-39.110000,7.7,2.9
04/14/2025 07:42:49 am,96.950,-39.155000,6.5,2.8
04/14/2025 07:42:50 am,97.000,-39.210000,5.1,2.7
04/14/2025 07:42:50 am,97.050,-39.285000,3.3,2.5
04/14/2025 07:42:50 am,97.100,-39.365000,2.2,2.3
04/14/2025 07:42:50 am,97.150,-39.475000,1.0,2.0
04/14/2025 07:42:50 am,97.200,-39.575000,0.4,1.6
04/14/2025 07:42:50 am,97.250,-39.675000,0.3,1.5
04/14/2025 07:42:50 am,97.300,-39.755000,0.3,1.4
04/14/2025 07:42:50 am,97.350,-39.840000,0.3,1.5
04/14/2025 07:42:50 am,97.400,-39.910000,0.3,1.5
04/14/2025 07:42:50 am,97.450,-40.035000,0.4,1.6
04/14/2025 07:42:50 am,97.500,-40.120000,0.5,1.7
04/14/2025 07:42:50 am,97.550,-40.230000,0.5,1.7
04/14/2025 07:42:50 am,97.600,-40.345000,0.4,1.6
04/14/2025 07:42:50 am,97.650,-40.540000,0.3,1.4
04/14/2025 07:42:50 am,97.700,-40.650000,0.2,1.2
04/14/2025 07:42:50 am,97.750,-40.790000,0.2,1.2
04/14/2025 07:42:50 am,97.800,-40.985000,0.2,1.3
04/14/2025 07:42:50 am,97.850,-41.090000,0.3,1.4
04/14/2025 07:42:50 am,97.900,-41.155000,0.3,1.4
04/14/2025 07:42:50 am,97.950,-41.220000,0.3,1.5
04/14/2025 07:42:51 am,98.000,-41.330000,0.3,1.5
04/14/2025 07:42:51 am,98.050,-41.415000,0.3,1.4
04/14/2025 07:42:51 am,98.100,-41.515000,0.2,1.4
04/14/2025 07:42:51 am,98.150,-41.615000,0.2,1.3
04/14/2025 07:42:51 am,98.200,-41.825000,0.2,1.3
04/14/2025 07:42:51 am,98.250,-41.945000,0.2,1.3
04/14/2025 07:42:51 am,98.300,-42.010000,0.2,1.3
04/14/2025 07:42:51 am,98.350,-42.140000,0.2,1.3
04/14/2025 07:42:51 am,98.400,-42.315000,0.2,1.3
04/14/2025 07:42:51 am,98.450,-42.380000,0.2,1.3
04/14/2025 07:42:51 am,98.500,-42.440000,0.2,1.3
04/14/2025 07:42:51 am,98.550,-42.570000,0.2,1.3
04/14/2025 07:42:51 am,98.600,-42.645000,0.2,1.3
04/14/2025 07:42:51 am,98.650,-42.770000,0.2,1.4
04/14/2025 07:42:51 am,98.700,-42.890000,0.3,1.4
04/14/2025 07:42:51 am,98.750,-43.000000,0.3,1.5
04/14/2025 07:42:51 am,98.800,-43.150000,0.3,1.5
04/14/2025 07:42:51 am,98.850,-43.270000,0.3,1.5
04/14/2025 07:42:51 am,98.900,-43.370000,0.3,1.5
04/14/2025 07:42:51 am,98.950,-43.460000,0.3,1.5
04/14/2025 07:42:52 am,99.000,-43.545000,0.3,1.4
04/14/2025 07:42:52 am,99.050,-43.625000,0.3,1.4
04/14/2025 07:42:52 am,99.100,-43.660000,0.2,1.4
04/14/2025 07:42:52 am,99.150,-43.660000,0.2,1.4
04/14/2025 07:42:52 am,99.200,-43.660000,0.2,1.4
04/14/2025 07:42:52 am,99.250,-43.660000,0.2,1.4
04/14/2025 07:42:52 am,99.300,-43.660000,0.2,1.4
04/14/2025 07:42:52 am,99.350,-43.775000,0.2,1.3
04/14/2025 07:42:52 am,99.400,-43.900000,0.2,1.3
04/14/2025 07:42:52 am,99.450,-44.135000,0.2,1.3
04/14/2025 07:42:52 am,99.500,-44.360000,0.2,1.3
04/14/2025 07:42:52 am,99.550,-44.465000,0.2,1.2
04/14/2025 07:42:52 am,99.600,-44.555000,0.2,1.3
04/14/2025 07:42:52 am,99.650,-44.795000,0.2,1.3
04/14/2025 07:42:52 am,99.700,-44.970000,0.2,1.3
04/14/2025 07:42:52 am,99.750,-45.170000,0.2,1.3
04/14/2025 07:42:52 am,99.800,-45.305000,0.2,1.3
04/14/2025 07:42:52 am,99.850,-45.420000,0.2,1.3
04/14/2025 07:42:52 am,99.900,-45.525000,0.2,1.3
04/14/2025 07:42:52 am,99.950,-45.615000,0.2,1.3
04/14/2025 07:42:53 am,100.000,-45.795000,0.2,1.3
04/14/2025 07:42:53 am,100.050,-45.845000,0.2,1.3
04/14/2025 07:42:53 am,100.100,-46.020000,0.2,1.3
04/14/2025 07:42:53 am,100.150,-46.055000,0.2,1.3
04/14/2025 07:42:53 am,100.200,-46.240000,0.2,1.3
04/14/2025 07:42:53 am,100.250,-46.350000,0.2,1.3
04/14/2025 07:42:53 am,100.300,-46.395000,0.2,1.3
04/14/2025 07:42:53 am,100.350,-46.545000,0.2,1.3
04/14/2025 07:42:53 am,100.400,-46.820000,0.3,1.4
04/14/2025 07:42:53 am,100.450,-47.100000,0.3,1.5
04/14/2025 07:42:53 am,100.500,-47.145000,0.3,1.5
04/14/2025 07:42:53 am,100.550,-47.185000,0.3,1.5
04/14/2025 07:42:53 am,100.600,-47.310000,0.3,1.4
04/14/2025 07:42:53 am,100.650,-47.460000,0.3,1.4
04/14/2025 07:42:53 am,100.700,-47.575000,0.4,1.6
04/14/2025 07:42:53 am,100.750,-47.680000,0.5,1.7
04/14/2025 07:42:53 am,100.800,-47.805000,1.0,2.0
04/14/2025 07:42:53 am,100.850,-47.920000,1.7,2.2
04/14/2025 07:42:53 am,100.900,-48.015000,2.4,2.4
04/14/2025 07:42:53 am,100.950,-48.210000,4.6,2.7
04/14/2025 07:42:54 am,101.000,-48.410000,7.1,2.8
04/14/2025 07:42:54 am,101.050,-48.655000,6.9,2.8
04/14/2025 07:42:54 am,101.100,-48.930000,3.4,2.5
04/14/2025 07:42:54 am,101.150,-49.080000,1.2,2.1
04/14/2025 07:42:54 am,101.200,-49.170000,0.9,1.9
04/14/2025 07:42:54 am,101.250,-49.270000,0.4,1.6
04/14/2025 07:42:54 am,101.300,-49.375000,0.3,1.4
04/14/2025 07:42:54 am,101.350,-49.520000,0.3,1.4
04/14/2025 07:42:54 am,101.400,-49.620000,0.4,1.6
04/14/2025 07:42:54 am,101.450,-49.695000,0.4,1.6
04/14/2025 07:42:54 am,101.500,-49.770000,0.5,1.7
04/14/2025 07:42:54 am,101.550,-49.910000,0.5,1.7
04/14/2025 07:42:54 am,101.600,-50.030000,0.5,1.7
04/14/2025 07:42:54 am,101.650,-50.150000,0.4,1.6
04/14/2025 07:42:54 am,101.700,-50.265000,0.3,1.4
04/14/2025 07:42:54 am,101.750,-50.365000,0.2,1.4
04/14/2025 07:42:54 am,101.800,-50.495000,0.2,1.3
04/14/2025 07:42:54 am,101.850,-50.640000,0.2,1.4
04/14/2025 07:42:54 am,101.900,-50.835000,0.3,1.5
04/14/2025 07:42:54 am,101.950,-50.985000,0.3,1.5
04/14/2025 07:42:55 am,102.000,-51.070000,0.3,1.5
04/14/2025 07:42:55 am,102.050,-51.225000,0.3,1.4
04/14/2025 07:42:55 am,102.100,-51.465000,0.2,1.3
04/14/2025 07:42:55 am,102.150,-51.615000,0.3,1.5
04/14/2025 07:42:55 am,102.200,-51.755000,0.4,1.6
04/14/2025 07:42:55 am,102.250,-52.010000,0.5,1.7
04/14/2025 07:42:55 am,102.300,-52.190000,0.3,1.5
04/14/2025 07:42:55 am,102.350,-52.280000,0.3,1.4
04/14/2025 07:42:55 am,102.400,-52.360000,0.3,1.4
04/14/2025 07:42:55 am,102.450,-52.480000,0.4,1.6
04/14/2025 07:42:55 am,102.500,-52.590000,0.9,2.0
04/14/2025 07:42:55 am,102.550,-52.725000,2.0,2.3
04/14/2025 07:42:55 am,102.600,-52.830000,3.7,2.6
04/14/2025 07:42:55 am,102.650,-52.960000,5.3,2.7
04/14/2025 07:42:55 am,102.700,-53.105000,7.7,2.9
04/14/2025 07:42:55 am,102.750,-53.230000,7.9,2.9
04/14/2025 07:42:55 am,102.800,-53.380000,7.1,2.9
04/14/2025 07:42:55 am,102.850,-53.475000,5.5,2.7
04/14/2025 07:42:55 am,102.900,-53.630000,3.3,2.5
04/14/2025 07:42:55 am,102.950,-53.770000,1.5,2.2
04/14/2025 07:42:56 am,103.000,-53.920000,0.6,1.8
04/14/2025 07:42:56 am,103.050,-54.085000,0.3,1.5
04/14/2025 07:42:56 am,103.100,-54.230000,0.3,1.5
04/14/2025 07:42:56 am,103.150,-54.380000,0.4,1.6
04/14/2025 07:42:56 am,103.200,-54.550000,0.4,1.6
04/14/2025 07:42:56 am,103.250,-54.700000,0.3,1.5
04/14/2025 07:42:56 am,103.300,-54.785000,0.3,1.5
04/14/2025 07:42:56 am,103.350,-54.870000,0.3,1.4
04/14/2025 07:42:56 am,103.400,-54.930000,0.2,1.4
04/14/2025 07:42:56 am,103.450,-54.950000,0.3,1.4
04/14/2025 07:42:56 am,103.500,-55.045000,0.2,1.4
04/14/2025 07:42:56 am,103.550,-55.115000,0.2,1.4
04/14/2025 07:42:56 am,103.600,-55.265000,0.3,1.4
04/14/2025 07:42:56 am,103.650,-55.385000,0.3,1.4
04/14/2025 07:42:56 am,103.700,-55.480000,0.3,1.5
04/14/2025 07:42:56 am,103.750,-55.545000,0.3,1.5
04/14/2025 07:42:56 am,103.800,-55.705000,0.3,1.5
04/14/2025 07:42:56 am,103.850,-55.985000,0.3,1.4
04/14/2025 07:42:56 am,103.900,-56.240000,0.2,1.4
04/14/2025 07:42:56 am,103.950,-56.410000,0.3,1.4
04/14/2025 07:42:57 am,104.000,-56.505000,0.3,1.4
04/14/2025 07:42:57 am,104.050,-56.650000,0.3,1.4
04/14/2025 07:42:57 am,104.100,-56.875000,0.3,1.4
04/14/2025 07:42:57 am,104.150,-57.050000,0.2,1.4
04/14/2025 07:42:57 am,104.200,-57.200000,0.2,1.4
04/14/2025 07:42:57 am,104.250,-57.365000,0.3,1.4
04/14/2025 07:42:57 am,104.300,-57.500000,0.3,1.5
04/14/2025 07:42:57 am,104.350,-57.575000,0.4,1.5
04/14/2025 07:42:57 am,104.400,-57.675000,0.4,1.6
04/14/2025 07:42:57 am,104.450,-57.810000,0.4,1.6
04/14/2025 07:42:57 am,104.500,-57.940000,0.4,1.6
04/14/2025 07:42:57 am,104.550,-58.020000,0.4,1.6
04/14/2025 07:42:57 am,104.600,-58.130000,0.4,1.6
04/14/2025 07:42:57 am,104.650,-58.425000,0.3,1.4
04/14/2025 07:42:57 am,104.700,-58.635000,0.2,1.4
04/14/2025 07:42:57 am,104.750,-58.835000,0.2,1.4
04/14/2025 07:42:57 am,104.800,-58.985000,0.2,1.4
04/14/2025 07:42:57 am,104.850,-59.085000,0.2,1.4
04/14/2025 07:42:57 am,104.900,-59.185000,0.2,1.4
04/14/2025 07:42:57 am,104.950,-59.275000,0.2,1.3
04/14/2025 07:42:58 am,105.000,-59.400000,0.2,1.4
04/14/2025 07:42:58 am,105.050,-59.510000,0.2,1.4
04/14/2025 07:42:58 am,105.100,-59.620000,0.2,1.4
04/14/2025 07:42:58 am,105.150,-59.720000,0.2,1.4
04/14/2025 07:42:58 am,105.200,-59.835000,0.2,1.4
04/14/2025 07:42:58 am,105.250,-59.925000,0.2,1.4
04/14/2025 07:42:58 am,105.300,-60.025000,0.2,1.3
04/14/2025 07:42:58 am,105.350,-60.125000,0.2,1.4
04/14/2025 07:42:58 am,105.400,-60.230000,0.2,1.4
04/14/2025 07:42:58 am,105.450,-60.355000,0.2,1.4
04/14/2025 07:42:58 am,105.500,-60.480000,0.2,1.4
04/14/2025 07:42:58 am,105.550,-60.550000,0.2,1.4
04/14/2025 07:42:58 am,105.600,-60.635000,0.2,1.4
04/14/2025 07:42:58 am,105.650,-60.730000,0.2,1.4
04/14/2025 07:42:58 am,105.700,-60.850000,0.2,1.4
04/14/2025 07:42:58 am,105.750,-60.945000,0.2,1.4
04/14/2025 07:42:58 am,105.800,-61.065000,0.2,1.4
04/14/2025 07:42:58 am,105.850,-61.170000,0.2,1.4
04/14/2025 07:42:58 am,105.900,-61.275000,0.2,1.4
04/14/2025 07:42:58 am,105.950,-61.415000,0.3,1.4
04/14/2025 07:42:59 am,106.000,-61.510000,0.3,1.5
04/14/2025 07:42:59 am,106.050,-61.590000,0.3,1.5
04/14/2025 07:42:59 am,106.100,-61.665000,0.3,1.5
04/14/2025 07:42:59 am,106.150,-61.750000,0.3,1.5
04/14/2025 07:42:59 am,106.200,-61.800000,0.3,1.5
04/14/2025 07:42:59 am,106.250,-61.870000,0.3,1.4
04/14/2025 07:42:59 am,106.300,-62.020000,0.3,1.5
04/14/2025 07:42:59 am,106.350,-62.110000,0.3,1.5
04/14/2025 07:42:59 am,106.400,-62.145000,0.3,1.5
04/14/2025 07:42:59 am,106.450,-62.250000,0.4,1.6
04/14/2025 07:42:59 am,106.500,-62.340000,0.6,1.8
04/14/2025 07:42:59 am,106.550,-62.520000,1.0,2.0
04/14/2025 07:42:59 am,106.600,-62.740000,2.4,2.4
04/14/2025 07:42:59 am,106.650,-62.810000,2.5,2.4
04/14/2025 07:42:59 am,106.700,-62.915000,2.7,2.4
04/14/2025 07:42:59 am,106.750,-62.930000,2.2,2.3
04/14/2025 07:42:59 am,106.800,-62.940000,2.3,2.4
04/14/2025 07:42:59 am,106.850,-62.950000,2.3,2.4
04/14/2025 07:42:59 am,106.900,-62.950000,2.3,2.4
04/14/2025 07:42:59 am,106.950,-62.950000,2.5,2.4
04/14/2025 07:43:00 am,107.000,-62.950000,2.6,2.4
04/14/2025 07:43:00 am,107.050,-62.950000,2.7,2.4
04/14/2025 07:43:00 am,107.100,-62.950000,2.9,2.5
04/14/2025 07:43:00 am,107.150,-62.950000,2.9,2.5
04/14/2025 07:43:00 am,107.200,-62.950000,2.9,2.5
04/14/2025 07:43:00 am,107.250,-62.950000,2.9,2.5
04/14/2025 07:43:00 am,107.300,-62.950000,2.9,2.5
04/14/2025 07:43:00 am,107.350,-62.950000,2.9,2.5
04/14/2025 07:43:00 am,107.400,-62.945000,2.9,2.5
04/14/2025 07:43:00 am,107.450,-62.945000,2.9,2.5
04/14/2025 07:43:00 am,107.500,-62.945000,2.8,2.5
04/14/2025 07:43:00 am,107.550,-62.945000,2.7,2.4
04/14/2025 07:43:00 am,107.600,-62.945000,2.8,2.4
04/14/2025 07:43:00 am,107.650,-62.945000,2.7,2.4
04/14/2025 07:43:00 am,107.700,-62.945000,2.7,2.4
04/14/2025 07:43:00 am,107.750,-62.945000,2.6,2.4
04/14/2025 07:43:00 am,107.800,-62.945000,2.6,2.4
04/14/2025 07:43:00 am,107.850,-62.945000,2.6,2.4
04/14/2025 07:43:00 am,107.900,-62.945000,2.6,2.4
04/14/2025 07:43:00 am,107.950,-62.945000,2.6,2.4
04/14/2025 07:43:01 am,108.000,-62.945000,2.6,2.4
04/14/2025 07:43:01 am,108.050,-62.945000,2.6,2.4
04/14/2025 07:43:01 am,108.100,-62.945000,2.4,2.4
04/14/2025 07:43:01 am,108.150,-62.945000,2.3,2.4
04/14/2025 07:43:01 am,108.200,-62.945000,2.3,2.4
04/14/2025 07:43:01 am,108.250,-62.945000,2.4,2.4
04/14/2025 07:43:01 am,108.300,-62.945000,2.5,2.4
04/14/2025 07:43:01 am,108.350,-62.945000,2.4,2.4
04/14/2025 07:43:01 am,108.400,-62.945000,2.3,2.4
04/14/2025 07:43:01 am,108.450,-62.945000,2.4,2.4
04/14/2025 07:43:01 am,108.500,-62.960000,2.1,2.3
04/14/2025 07:43:01 am,108.550,-62.975000,1.8,2.3
04/14/2025 07:43:01 am,108.600,-62.995000,1.6,2.2
04/14/2025 07:43:01 am,108.650,-63.010000,1.4,2.1
04/14/2025 07:43:01 am,108.700,-63.030000,0.8,1.9
04/14/2025 07:43:01 am,108.750,-63.035000,0.8,1.9
04/14/2025 07:43:01 am,108.800,-63.035000,0.8,1.9
04/14/2025 07:43:01 am,108.850,-63.035000,0.8,1.9
04/14/2025 07:43:01 am,108.900,-63.035000,0.8,1.9
04/14/2025 07:43:01 am,108.950,-63.035000,0.9,1.9
04/14/2025 07:43:02 am,109.000,-63.040000,0.9,2.0
04/14/2025 07:43:02 am,109.050,-63.045000,0.9,2.0
04/14/2025 07:43:02 am,109.100,-63.050000,1.0,2.0
04/14/2025 07:43:02 am,109.150,-63.050000,1.0,2.0
04/14/2025 07:43:02 am,109.200,-63.050000,1.0,2.0
04/14/2025 07:43:02 am,109.250,-63.050000,1.1,2.0
04/14/2025 07:43:02 am,109.300,-63.050000,1.2,2.1
04/14/2025 07:43:02 am,109.350,-63.050000,1.5,2.2
04/14/2025 07:43:02 am,109.400,-63.045000,1.7,2.2
04/14/2025 07:43:02 am,109.450,-63.035000,1.9,2.3
04/14/2025 07:43:02 am,109.500,-63.020000,1.8,2.3
04/14/2025 07:43:02 am,109.550,-62.995000,1.7,2.2
04/14/2025 07:43:02 am,109.600,-62.975000,1.8,2.3
04/14/2025 07:43:02 am,109.650,-62.970000,2.2,2.3
04/14/2025 07:43:02 am,109.700,-62.950000,2.5,2.4
04/14/2025 07:43:02 am,109.750,-62.935000,2.4,2.4
04/14/2025 07:43:02 am,109.800,-62.920000,2.4,2.4
04/14/2025 07:43:02 am,109.850,-62.920000,2.3,2.4
04/14/2025 07:43:02 am,109.900,-62.915000,2.3,2.4
04/14/2025 07:43:02 am,109.950,-62.915000,2.3,2.4
04/14/2025 07:43:03 am,110.000,-62.915000,2.3,2.4
04/14/2025 07:43:03 am,110.050,-62.915000,2.3,2.4
04/14/2025 07:43:03 am,110.100,-62.910000,2.3,2.4
04/14/2025 07:43:03 am,110.150,-62.910000,2.3,2.4
04/14/2025 07:43:03 am,110.200,-62.910000,2.3,2.4
04/14/2025 07:43:03 am,110.250,-62.910000,2.3,2.4
04/14/2025 07:43:03 am,110.300,-62.910000,2.3,2.4
04/14/2025 07:43:03 am,110.350,-62.910000,2.4,2.4
04/14/2025 07:43:03 am,110.400,-62.910000,2.3,2.4
04/14/2025 07:43:03 am,110.450,-62.910000,2.3,2.4
04/14/2025 07:43:03 am,110.500,-62.910000,2.3,2.4
04/14/2025 07:43:03 am,110.550,-62.910000,2.3,2.4
04/14/2025 07:43:03 am,110.600,-62.910000,2.3,2.4
04/14/2025 07:43:03 am,110.650,-62.910000,2.2,2.4
04/14/2025 07:43:03 am,110.700,-62.910000,2.2,2.3
04/14/2025 07:43:03 am,110.750,-62.910000,2.2,2.3
04/14/2025 07:43:03 am,110.800,-62.910000,2.2,2.3
04/14/2025 07:43:03 am,110.850,-62.910000,2.2,2.3
04/14/2025 07:43:03 am,110.900,-62.910000,2.2,2.3
04/14/2025 07:43:03 am,110.950,-62.910000,2.2,2.3
04/14/2025 07:43:04 am,111.000,-62.910000,2.2,2.3
04/14/2025 07:43:04 am,111.050,-62.910000,2.2,2.3
04/14/2025 07:43:04 am,111.100,-62.910000,2.2,2.3
04/14/2025 07:43:04 am,111.150,-62.910000,2.2,2.3
04/14/2025 07:43:04 am,111.200,-62.910000,2.2,2.3
04/14/2025 07:43:04 am,111.250,-62.910000,2.2,2.3
04/14/2025 07:43:04 am,111.300,-62.910000,2.2,2.3
04/14/2025 07:43:04 am,111.350,-62.910000,2.2,2.3
04/14/2025 07:43:04 am,111.400,-62.910000,2.2,2.3
04/14/2025 07:43:04 am,111.450,-62.910000,2.2,2.3
04/14/2025 07:43:04 am,111.500,-62.910000,2.1,2.3
04/14/2025 07:43:04 am,111.550,-62.910000,2.2,2.3
04/14/2025 07:43:04 am,111.600,-62.910000,2.2,2.3
04/14/2025 07:43:04 am,111.650,-62.910000,2.2,2.3
04/14/2025 07:43:04 am,111.700,-62.910000,2.2,2.3
04/14/2025 07:43:04 am,111.750,-62.910000,2.2,2.3
04/14/2025 07:43:04 am,111.800,-62.910000,2.2,2.3
04/14/2025 07:43:04 am,111.850,-62.910000,2.2,2.3
04/14/2025 07:43:04 am,111.900,-62.910000,2.2,2.3
04/14/2025 07:43:04 am,111.950,-62.910000,2.2,2.3
04/14/2025 07:43:05 am,112.000,-62.910000,2.2,2.3
04/14/2025 07:43:05 am,112.050,-62.910000,2.2,2.3
04/14/2025 07:43:05 am,112.100,-62.910000,2.1,2.3
04/14/2025 07:43:05 am,112.150,-62.910000,2.1,2.3
04/14/2025 07:43:05 am,112.200,-62.910000,2.2,2.3
04/14/2025 07:43:05 am,112.250,-62.910000,2.2,2.3
04/14/2025 07:43:05 am,112.300,-62.910000,2.2,2.3
04/14/2025 07:43:05 am,112.350,-62.910000,2.2,2.3
04/14/2025 07:43:05 am,112.400,-62.910000,2.2,2.3
04/14/2025 07:43:05 am,112.450,-62.910000,2.2,2.3
04/14/2025 07:43:05 am,112.500,-62.910000,2.2,2.3
04/14/2025 07:43:05 am,112.550,-62.910000,2.1,2.3
04/14/2025 07:43:05 am,112.600,-62.910000,2.1,2.3
04/14/2025 07:43:05 am,112.650,-62.910000,2.1,2.3
04/14/2025 07:43:05 am,112.700,-62.910000,2.1,2.3
04/14/2025 07:43:05 am,112.750,-62.910000,2.1,2.3
04/14/2025 07:43:05 am,112.800,-62.910000,2.2,2.3
04/14/2025 07:43:05 am,112.850,-62.910000,2.2,2.3
04/14/2025 07:43:05 am,112.900,-62.910000,2.2,2.3
04/14/2025 07:43:05 am,112.950,-62.910000,2.2,2.3
04/14/2025 07:43:06 am,113.000,-62.910000,2.2,2.3
04/14/2025 07:43:06 am,113.050,-62.910000,2.2,2.3
04/14/2025 07:43:06 am,113.100,-62.910000,2.2,2.3
04/14/2025 07:43:06 am,113.150,-62.910000,2.2,2.3
04/14/2025 07:43:06 am,113.200,-62.910000,2.1,2.3
04/14/2025 07:43:06 am,113.250,-62.910000,2.2,2.3
04/14/2025 07:43:06 am,113.300,-62.910000,2.1,2.3
04/14/2025 07:43:06 am,113.350,-62.910000,2.1,2.3
04/14/2025 07:43:06 am,113.400,-62.910000,2.1,2.3
04/14/2025 07:43:06 am,113.450,-62.910000,2.1,2.3
04/14/2025 07:43:06 am,113.500,-62.910000,2.1,2.3
04/14/2025 07:43:06 am,113.550,-62.910000,2.2,2.3
04/14/2025 07:43:06 am,113.600,-62.910000,2.1,2.3
04/14/2025 07:43:06 am,113.650,-62.910000,2.1,2.3
04/14/2025 07:43:06 am,113.700,-62.910000,2.1,2.3
04/14/2025 07:43:06 am,113.750,-62.910000,2.1,2.3
04/14/2025 07:43:06 am,113.800,-62.910000,2.1,2.3
04/14/2025 07:43:06 am,113.850,-62.910000,2.1,2.3
04/14/2025 07:43:06 am,113.900,-62.910000,2.1,2.3
04/14/2025 07:43:06 am,113.950,-62.910000,2.1,2.3
04/14/2025 07:43:07 am,114.000,-62.910000,2.1,2.3
04/14/2025 07:43:07 am,114.050,-62.910000,2.1,2.3
04/14/2025 07:43:07 am,114.100,-62.910000,2.1,2.3
04/14/2025 07:43:07 am,114.150,-62.910000,2.1,2.3
04/14/2025 07:43:07 am,114.200,-62.910000,2.1,2.3
04/14/2025 07:43:07 am,114.250,-62.910000,2.1,2.3
04/14/2025 07:43:07 am,114.300,-62.910000,2.1,2.3
04/14/2025 07:43:07 am,114.350,-62.910000,2.1,2.3
04/14/2025 07:43:07 am,114.400,-62.910000,2.1,2.3
04/14/2025 07:43:07 am,114.450,-62.910000,2.1,2.3
04/14/2025 07:43:07 am,114.500,-62.910000,2.1,2.3
04/14/2025 07:43:07 am,114.550,-62.910000,2.1,2.3
04/14/2025 07:43:07 am,114.600,-62.910000,2.1,2.3
04/14/2025 07:43:07 am,114.650,-62.910000,2.1,2.3
04/14/2025 07:43:07 am,114.700,-62.910000,2.1,2.3
04/14/2025 07:43:07 am,114.750,-62.910000,2.1,2.3
04/14/2025 07:43:07 am,114.800,-62.910000,2.1,2.3
04/14/2025 07:43:07 am,114.850,-62.910000,2.1,2.3
04/14/2025 07:43:07 am,114.900,-62.910000,2.1,2.3
04/14/2025 07:43:07 am,114.950,-62.910000,2.1,2.3
04/14/2025 07:43:08 am,115.000,-62.910000,2.1,2.3
04/14/2025 07:43:08 am,115.050,-62.910000,2.1,2.3
04/14/2025 07:43:08 am,115.100,-62.910000,2.1,2.3
04/14/2025 07:43:08 am,115.150,-62.910000,2.1,2.3
04/14/2025 07:43:08 am,115.200,-62.910000,2.1,2.3
04/14/2025 07:43:08 am,115.250,-62.910000,2.1,2.3
04/14/2025 07:43:08 am,115.300,-62.910000,2.1,2.3
04/14/2025 07:43:08 am,115.350,-62.910000,2.1,2.3
04/14/2025 07:43:08 am,115.400,-62.910000,2.1,2.3
04/14/2025 07:43:08 am,115.450,-62.910000,2.1,2.3
04/14/2025 07:43:08 am,115.500,-62.910000,2.1,2.3
04/14/2025 07:43:08 am,115.550,-62.910000,2.1,2.3
04/14/2025 07:43:08 am,115.600,-62.910000,2.1,2.3
04/14/2025 07:43:08 am,115.650,-62.910000,2.1,2.3
04/14/2025 07:43:08 am,115.700,-62.910000,2.1,2.3
04/14/2025 07:43:08 am,115.750,-62.910000,2.1,2.3
04/14/2025 07:43:08 am,115.800,-62.910000,2.1,2.3
04/14/2025 07:43:08 am,115.850,-62.910000,2.1,2.3
04/14/2025 07:43:08 am,115.900,-62.910000,2.1,2.3
04/14/2025 07:43:08 am,115.950,-62.910000,2.1,2.3
04/14/2025 07:43:09 am,116.000,-62.910000,2.1,2.3
04/14/2025 07:43:09 am,116.050,-62.910000,2.1,2.3
04/14/2025 07:43:09 am,116.100,-62.910000,2.1,2.3
04/14/2025 07:43:09 am,116.150,-62.910000,2.1,2.3
04/14/2025 07:43:09 am,116.200,-62.910000,2.1,2.3
04/14/2025 07:43:09 am,116.250,-62.910000,2.1,2.3
04/14/2025 07:43:09 am,116.300,-62.910000,2.1,2.3
04/14/2025 07:43:09 am,116.350,-62.910000,2.1,2.3
04/14/2025 07:43:09 am,116.400,-62.910000,2.1,2.3
04/14/2025 07:43:09 am,116.450,-62.910000,2.1,2.3
04/14/2025 07:43:09 am,116.500,-62.910000,2.1,2.3
04/14/2025 07:43:09 am,116.550,-62.910000,2.1,2.3
04/14/2025 07:43:09 am,116.600,-62.910000,2.1,2.3
04/14/2025 07:43:09 am,116.650,-62.910000,2.1,2.3
04/14/2025 07:43:09 am,116.700,-62.910000,2.1,2.3
04/14/2025 07:43:09 am,116.750,-62.910000,2.1,2.3
04/14/2025 07:43:09 am,116.800,-62.910000,2.1,2.3
04/14/2025 07:43:09 am,116.850,-62.910000,2.1,2.3
04/14/2025 07:43:09 am,116.900,-62.910000,2.1,2.3
