"Date and Time Run 1","Time (s) Run 1","Position (mm) Run 1","Light Intensity (%) Run 1","Log of Light Intensity Run 1","Date and Time Run 2","Time (s) Run 2","Position (mm) Run 2","Light Intensity (%) Run 2","Log of Light Intensity Run 2","Date and Time Run 3","Time (s) Run 3","Position (mm) Run 3","Light Intensity (%) Run 3","Log of Light Intensity Run 3"
04/13/2025 06:10:52 pm,0.000,0.000000,0.5,1.7,04/13/2025 06:12:15 pm,0.000,0.000000,0.4,1.6,04/13/2025 06:50:02 pm,0.000,0.005000,9.2,3.0
04/13/2025 06:10:52 pm,0.050,0.000000,0.5,1.7,04/13/2025 06:12:15 pm,0.050,0.000000,0.4,1.6,04/13/2025 06:50:02 pm,0.050,0.005000,9.2,3.0
04/13/2025 06:10:52 pm,0.100,0.000000,0.5,1.7,04/13/2025 06:12:15 pm,0.100,0.000000,0.4,1.6,04/13/2025 06:50:02 pm,0.100,0.005000,9.2,3.0
04/13/2025 06:10:52 pm,0.150,0.000000,0.5,1.7,04/13/2025 06:12:15 pm,0.150,0.000000,0.4,1.6,04/13/2025 06:50:02 pm,0.150,0.005000,9.2,3.0
04/13/2025 06:10:52 pm,0.200,0.000000,0.5,1.7,04/13/2025 06:12:15 pm,0.200,0.000000,0.4,1.6,04/13/2025 06:50:02 pm,0.200,0.005000,9.2,3.0
04/13/2025 06:10:52 pm,0.250,0.000000,0.5,1.7,04/13/2025 06:12:15 pm,0.250,0.000000,0.4,1.6,04/13/2025 06:50:02 pm,0.250,0.005000,9.2,3.0
04/13/2025 06:10:52 pm,0.300,0.000000,0.5,1.7,04/13/2025 06:12:15 pm,0.300,0.000000,0.4,1.6,04/13/2025 06:50:02 pm,0.300,0.005000,9.2,3.0
04/13/2025 06:10:52 pm,0.350,0.000000,0.5,1.7,04/13/2025 06:12:15 pm,0.350,0.000000,0.4,1.6,04/13/2025 06:50:02 pm,0.350,0.005000,9.2,3.0
04/13/2025 06:10:52 pm,0.400,0.000000,0.5,1.7,04/13/2025 06:12:15 pm,0.400,0.000000,0.4,1.6,04/13/2025 06:50:02 pm,0.400,0.005000,9.2,3.0
04/13/2025 06:10:52 pm,0.450,0.000000,0.5,1.7,04/13/2025 06:12:15 pm,0.450,0.000000,0.4,1.6,04/13/2025 06:50:02 pm,0.450,0.005000,9.2,3.0
04/13/2025 06:10:52 pm,0.500,0.000000,0.5,1.7,04/13/2025 06:12:15 pm,0.500,0.000000,0.4,1.6,04/13/2025 06:50:02 pm,0.500,0.005000,9.2,3.0
04/13/2025 06:10:52 pm,0.550,0.000000,0.5,1.7,04/13/2025 06:12:15 pm,0.550,0.000000,0.4,1.6,04/13/2025 06:50:02 pm,0.550,0.005000,9.2,3.0
04/13/2025 06:10:52 pm,0.600,0.000000,0.5,1.7,04/13/2025 06:12:15 pm,0.600,0.000000,0.4,1.6,04/13/2025 06:50:02 pm,0.600,0.005000,9.2,3.0
04/13/2025 06:10:52 pm,0.650,0.000000,0.5,1.7,04/13/2025 06:12:15 pm,0.650,0.000000,0.4,1.6,04/13/2025 06:50:02 pm,0.650,0.005000,9.2,3.0
04/13/2025 06:10:52 pm,0.700,0.000000,0.5,1.7,04/13/2025 06:12:15 pm,0.700,0.000000,0.4,1.6,04/13/2025 06:50:02 pm,0.700,0.005000,9.2,3.0
04/13/2025 06:10:52 pm,0.750,0.000000,0.5,1.7,04/13/2025 06:12:15 pm,0.750,0.000000,0.4,1.6,04/13/2025 06:50:02 pm,0.750,0.005000,9.2,3.0
04/13/2025 06:10:52 pm,0.800,0.000000,0.5,1.7,04/13/2025 06:12:15 pm,0.800,0.000000,0.4,1.6,04/13/2025 06:50:02 pm,0.800,0.005000,9.2,3.0
04/13/2025 06:10:52 pm,0.850,0.000000,0.5,1.7,04/13/2025 06:12:15 pm,0.850,0.000000,0.4,1.6,04/13/2025 06:50:02 pm,0.850,0.005000,9.2,3.0
04/13/2025 06:10:52 pm,0.900,0.000000,0.5,1.7,04/13/2025 06:12:15 pm,0.900,0.000000,0.4,1.6,04/13/2025 06:50:02 pm,0.900,0.005000,9.2,3.0
04/13/2025 06:10:52 pm,0.950,0.000000,0.5,1.7,04/13/2025 06:12:15 pm,0.950,0.000000,0.4,1.6,04/13/2025 06:50:02 pm,0.950,0.005000,9.2,3.0
04/13/2025 06:10:53 pm,1.000,0.000000,0.5,1.7,04/13/2025 06:12:16 pm,1.000,0.000000,0.4,1.6,04/13/2025 06:50:03 pm,1.000,0.005000,9.2,3.0
04/13/2025 06:10:53 pm,1.050,0.000000,0.5,1.7,04/13/2025 06:12:16 pm,1.050,0.000000,0.4,1.6,04/13/2025 06:50:03 pm,1.050,0.005000,9.2,3.0
04/13/2025 06:10:53 pm,1.100,0.000000,0.5,1.7,04/13/2025 06:12:16 pm,1.100,0.000000,0.4,1.6,04/13/2025 06:50:03 pm,1.100,0.005000,9.2,3.0
04/13/2025 06:10:53 pm,1.150,0.000000,0.5,1.7,04/13/2025 06:12:16 pm,1.150,0.000000,0.4,1.6,04/13/2025 06:50:03 pm,1.150,0.005000,9.2,3.0
04/13/2025 06:10:53 pm,1.200,0.000000,0.5,1.7,04/13/2025 06:12:16 pm,1.200,0.000000,0.4,1.6,04/13/2025 06:50:03 pm,1.200,0.005000,9.1,3.0
04/13/2025 06:10:53 pm,1.250,0.000000,0.5,1.7,04/13/2025 06:12:16 pm,1.250,0.000000,0.4,1.6,04/13/2025 06:50:03 pm,1.250,0.005000,9.2,3.0
04/13/2025 06:10:53 pm,1.300,0.000000,0.5,1.7,04/13/2025 06:12:16 pm,1.300,0.000000,0.4,1.6,04/13/2025 06:50:03 pm,1.300,0.005000,9.1,3.0
04/13/2025 06:10:53 pm,1.350,0.000000,0.5,1.7,04/13/2025 06:12:16 pm,1.350,0.000000,0.4,1.6,04/13/2025 06:50:03 pm,1.350,0.005000,9.1,3.0
04/13/2025 06:10:53 pm,1.400,0.000000,0.4,1.7,04/13/2025 06:12:16 pm,1.400,0.000000,0.4,1.6,04/13/2025 06:50:03 pm,1.400,0.005000,9.1,3.0
04/13/2025 06:10:53 pm,1.450,0.000000,0.5,1.7,04/13/2025 06:12:16 pm,1.450,0.000000,0.4,1.6,04/13/2025 06:50:03 pm,1.450,0.005000,9.1,3.0
04/13/2025 06:10:53 pm,1.500,0.000000,0.5,1.7,04/13/2025 06:12:16 pm,1.500,0.000000,0.4,1.6,04/13/2025 06:50:03 pm,1.500,0.005000,9.1,3.0
04/13/2025 06:10:53 pm,1.550,0.000000,0.5,1.7,04/13/2025 06:12:16 pm,1.550,0.000000,0.4,1.6,04/13/2025 06:50:03 pm,1.550,0.005000,9.1,3.0
04/13/2025 06:10:53 pm,1.600,0.000000,0.5,1.7,04/13/2025 06:12:16 pm,1.600,0.000000,0.4,1.6,04/13/2025 06:50:03 pm,1.600,0.005000,9.1,3.0
04/13/2025 06:10:53 pm,1.650,0.000000,0.5,1.7,04/13/2025 06:12:16 pm,1.650,0.000000,0.4,1.6,04/13/2025 06:50:03 pm,1.650,0.005000,9.1,3.0
04/13/2025 06:10:53 pm,1.700,0.000000,0.5,1.7,04/13/2025 06:12:16 pm,1.700,0.000000,0.4,1.6,04/13/2025 06:50:03 pm,1.700,0.005000,9.1,3.0
04/13/2025 06:10:53 pm,1.750,0.000000,0.5,1.7,04/13/2025 06:12:16 pm,1.750,0.000000,0.4,1.6,04/13/2025 06:50:03 pm,1.750,0.005000,9.1,3.0
04/13/2025 06:10:53 pm,1.800,0.000000,0.5,1.7,04/13/2025 06:12:16 pm,1.800,0.000000,0.4,1.6,04/13/2025 06:50:03 pm,1.800,0.005000,9.0,3.0
04/13/2025 06:10:53 pm,1.850,0.000000,0.5,1.7,04/13/2025 06:12:16 pm,1.850,0.000000,0.4,1.6,04/13/2025 06:50:03 pm,1.850,0.005000,9.1,3.0
04/13/2025 06:10:53 pm,1.900,0.000000,0.5,1.7,04/13/2025 06:12:16 pm,1.900,0.000000,0.4,1.6,04/13/2025 06:50:03 pm,1.900,0.005000,9.1,3.0
04/13/2025 06:10:53 pm,1.950,0.000000,0.5,1.7,04/13/2025 06:12:16 pm,1.950,0.000000,0.4,1.6,04/13/2025 06:50:03 pm,1.950,0.005000,9.1,3.0
04/13/2025 06:10:54 pm,2.000,0.000000,0.5,1.7,04/13/2025 06:12:17 pm,2.000,0.000000,0.4,1.6,04/13/2025 06:50:04 pm,2.000,0.005000,9.1,3.0
04/13/2025 06:10:54 pm,2.050,0.000000,0.5,1.7,04/13/2025 06:12:17 pm,2.050,0.000000,0.4,1.6,04/13/2025 06:50:04 pm,2.050,0.005000,9.1,3.0
04/13/2025 06:10:54 pm,2.100,0.000000,0.5,1.7,04/13/2025 06:12:17 pm,2.100,0.000000,0.4,1.6,04/13/2025 06:50:04 pm,2.100,0.005000,9.1,3.0
04/13/2025 06:10:54 pm,2.150,0.000000,0.5,1.7,04/13/2025 06:12:17 pm,2.150,0.000000,0.4,1.6,04/13/2025 06:50:04 pm,2.150,0.005000,9.1,3.0
04/13/2025 06:10:54 pm,2.200,0.000000,0.5,1.7,04/13/2025 06:12:17 pm,2.200,0.000000,0.4,1.6,04/13/2025 06:50:04 pm,2.200,0.005000,9.1,3.0
04/13/2025 06:10:54 pm,2.250,0.000000,0.5,1.7,04/13/2025 06:12:17 pm,2.250,0.000000,0.4,1.6,04/13/2025 06:50:04 pm,2.250,0.005000,9.1,3.0
04/13/2025 06:10:54 pm,2.300,0.000000,0.5,1.7,04/13/2025 06:12:17 pm,2.300,0.000000,0.4,1.6,04/13/2025 06:50:04 pm,2.300,0.005000,9.1,3.0
04/13/2025 06:10:54 pm,2.350,0.000000,0.5,1.7,04/13/2025 06:12:17 pm,2.350,0.000000,0.4,1.6,04/13/2025 06:50:04 pm,2.350,0.005000,9.1,3.0
04/13/2025 06:10:54 pm,2.400,0.000000,0.5,1.7,04/13/2025 06:12:17 pm,2.400,0.000000,0.4,1.6,04/13/2025 06:50:04 pm,2.400,0.005000,9.1,3.0
04/13/2025 06:10:54 pm,2.450,0.000000,0.5,1.7,04/13/2025 06:12:17 pm,2.450,0.000000,0.4,1.6,04/13/2025 06:50:04 pm,2.450,0.005000,9.1,3.0
04/13/2025 06:10:54 pm,2.500,0.000000,0.5,1.7,04/13/2025 06:12:17 pm,2.500,0.000000,0.4,1.6,04/13/2025 06:50:04 pm,2.500,0.005000,9.1,3.0
04/13/2025 06:10:54 pm,2.550,0.000000,0.5,1.7,04/13/2025 06:12:17 pm,2.550,0.000000,0.4,1.6,04/13/2025 06:50:04 pm,2.550,0.005000,9.1,3.0
04/13/2025 06:10:54 pm,2.600,0.000000,0.5,1.7,04/13/2025 06:12:17 pm,2.600,0.000000,0.4,1.6,04/13/2025 06:50:04 pm,2.600,0.005000,9.1,3.0
04/13/2025 06:10:54 pm,2.650,0.000000,0.5,1.7,04/13/2025 06:12:17 pm,2.650,0.000000,0.4,1.6,04/13/2025 06:50:04 pm,2.650,0.005000,9.1,3.0
04/13/2025 06:10:54 pm,2.700,0.000000,0.5,1.7,04/13/2025 06:12:17 pm,2.700,0.000000,0.4,1.6,04/13/2025 06:50:04 pm,2.700,0.005000,9.0,3.0
04/13/2025 06:10:54 pm,2.750,0.000000,0.5,1.7,04/13/2025 06:12:17 pm,2.750,0.000000,0.4,1.6,04/13/2025 06:50:04 pm,2.750,0.005000,9.1,3.0
04/13/2025 06:10:54 pm,2.800,0.000000,0.5,1.7,04/13/2025 06:12:17 pm,2.800,0.000000,0.4,1.6,04/13/2025 06:50:04 pm,2.800,0.005000,9.0,3.0
04/13/2025 06:10:54 pm,2.850,0.000000,0.5,1.7,04/13/2025 06:12:17 pm,2.850,0.000000,0.4,1.6,04/13/2025 06:50:04 pm,2.850,0.005000,9.0,3.0
04/13/2025 06:10:54 pm,2.900,0.000000,0.5,1.7,04/13/2025 06:12:17 pm,2.900,0.000000,0.4,1.6,04/13/2025 06:50:04 pm,2.900,0.005000,9.0,3.0
04/13/2025 06:10:54 pm,2.950,0.000000,0.5,1.7,04/13/2025 06:12:17 pm,2.950,0.000000,0.4,1.6,04/13/2025 06:50:04 pm,2.950,0.005000,9.0,3.0
04/13/2025 06:10:55 pm,3.000,0.000000,0.5,1.7,04/13/2025 06:12:18 pm,3.000,0.000000,0.4,1.6,04/13/2025 06:50:05 pm,3.000,0.005000,9.0,3.0
04/13/2025 06:10:55 pm,3.050,0.000000,0.5,1.7,04/13/2025 06:12:18 pm,3.050,0.000000,0.4,1.6,04/13/2025 06:50:05 pm,3.050,0.005000,9.0,3.0
04/13/2025 06:10:55 pm,3.100,0.000000,0.5,1.7,04/13/2025 06:12:18 pm,3.100,0.000000,0.4,1.6,04/13/2025 06:50:05 pm,3.100,0.005000,9.0,3.0
04/13/2025 06:10:55 pm,3.150,0.000000,0.5,1.7,04/13/2025 06:12:18 pm,3.150,0.000000,0.4,1.6,04/13/2025 06:50:05 pm,3.150,0.005000,9.0,3.0
04/13/2025 06:10:55 pm,3.200,0.000000,0.5,1.7,04/13/2025 06:12:18 pm,3.200,0.000000,0.4,1.6,04/13/2025 06:50:05 pm,3.200,0.005000,9.0,3.0
04/13/2025 06:10:55 pm,3.250,0.000000,0.5,1.7,04/13/2025 06:12:18 pm,3.250,0.000000,0.4,1.6,04/13/2025 06:50:05 pm,3.250,0.005000,9.0,3.0
04/13/2025 06:10:55 pm,3.300,0.000000,0.5,1.7,04/13/2025 06:12:18 pm,3.300,0.000000,0.4,1.6,04/13/2025 06:50:05 pm,3.300,0.005000,9.0,3.0
04/13/2025 06:10:55 pm,3.350,0.000000,0.5,1.7,04/13/2025 06:12:18 pm,3.350,0.000000,0.4,1.6,04/13/2025 06:50:05 pm,3.350,0.005000,9.0,3.0
04/13/2025 06:10:55 pm,3.400,0.000000,0.5,1.7,04/13/2025 06:12:18 pm,3.400,0.000000,0.4,1.6,04/13/2025 06:50:05 pm,3.400,0.005000,9.0,3.0
04/13/2025 06:10:55 pm,3.450,0.000000,0.5,1.7,04/13/2025 06:12:18 pm,3.450,0.000000,0.4,1.6,04/13/2025 06:50:05 pm,3.450,0.005000,9.0,3.0
04/13/2025 06:10:55 pm,3.500,0.000000,0.5,1.7,04/13/2025 06:12:18 pm,3.500,0.000000,0.4,1.6,04/13/2025 06:50:05 pm,3.500,0.005000,9.0,3.0
04/13/2025 06:10:55 pm,3.550,0.000000,0.5,1.7,04/13/2025 06:12:18 pm,3.550,0.000000,0.4,1.6,04/13/2025 06:50:05 pm,3.550,0.005000,9.0,3.0
04/13/2025 06:10:55 pm,3.600,0.000000,0.5,1.7,04/13/2025 06:12:18 pm,3.600,0.000000,0.4,1.6,04/13/2025 06:50:05 pm,3.600,0.005000,9.0,3.0
04/13/2025 06:10:55 pm,3.650,0.000000,0.5,1.7,04/13/2025 06:12:18 pm,3.650,0.000000,0.4,1.6,04/13/2025 06:50:05 pm,3.650,0.005000,9.0,3.0
04/13/2025 06:10:55 pm,3.700,0.000000,0.5,1.7,04/13/2025 06:12:18 pm,3.700,0.000000,0.4,1.6,04/13/2025 06:50:05 pm,3.700,0.005000,9.0,3.0
04/13/2025 06:10:55 pm,3.750,0.000000,0.5,1.7,04/13/2025 06:12:18 pm,3.750,0.000000,0.4,1.6,04/13/2025 06:50:05 pm,3.750,0.005000,9.0,3.0
04/13/2025 06:10:55 pm,3.800,0.000000,0.4,1.7,04/13/2025 06:12:18 pm,3.800,0.000000,0.4,1.6,04/13/2025 06:50:05 pm,3.800,0.005000,9.0,3.0
04/13/2025 06:10:55 pm,3.850,0.000000,0.5,1.7,04/13/2025 06:12:18 pm,3.850,0.000000,0.4,1.6,04/13/2025 06:50:05 pm,3.850,0.005000,9.0,3.0
04/13/2025 06:10:55 pm,3.900,0.000000,0.5,1.7,04/13/2025 06:12:18 pm,3.900,0.000000,0.4,1.6,04/13/2025 06:50:05 pm,3.900,0.005000,9.0,3.0
04/13/2025 06:10:55 pm,3.950,0.000000,0.5,1.7,04/13/2025 06:12:18 pm,3.950,0.000000,0.4,1.6,04/13/2025 06:50:05 pm,3.950,0.005000,9.0,3.0
04/13/2025 06:10:56 pm,4.000,0.000000,0.5,1.7,04/13/2025 06:12:19 pm,4.000,0.000000,0.4,1.6,04/13/2025 06:50:06 pm,4.000,0.005000,9.0,3.0
04/13/2025 06:10:56 pm,4.050,0.000000,0.5,1.7,04/13/2025 06:12:19 pm,4.050,0.000000,0.4,1.6,04/13/2025 06:50:06 pm,4.050,0.005000,9.0,3.0
04/13/2025 06:10:56 pm,4.100,0.000000,0.5,1.7,04/13/2025 06:12:19 pm,4.100,0.000000,0.4,1.6,04/13/2025 06:50:06 pm,4.100,0.005000,9.0,3.0
04/13/2025 06:10:56 pm,4.150,0.000000,0.5,1.7,04/13/2025 06:12:19 pm,4.150,0.000000,0.4,1.6,04/13/2025 06:50:06 pm,4.150,0.005000,9.0,3.0
04/13/2025 06:10:56 pm,4.200,0.000000,0.5,1.7,04/13/2025 06:12:19 pm,4.200,0.000000,0.4,1.6,04/13/2025 06:50:06 pm,4.200,0.005000,9.0,3.0
04/13/2025 06:10:56 pm,4.250,0.000000,0.5,1.7,04/13/2025 06:12:19 pm,4.250,0.000000,0.4,1.6,04/13/2025 06:50:06 pm,4.250,0.005000,9.0,3.0
04/13/2025 06:10:56 pm,4.300,0.000000,0.5,1.7,04/13/2025 06:12:19 pm,4.300,0.000000,0.4,1.6,04/13/2025 06:50:06 pm,4.300,0.005000,9.0,3.0
04/13/2025 06:10:56 pm,4.350,0.000000,0.5,1.7,04/13/2025 06:12:19 pm,4.350,0.000000,0.4,1.6,04/13/2025 06:50:06 pm,4.350,0.005000,8.9,3.0
04/13/2025 06:10:56 pm,4.400,0.000000,0.5,1.7,04/13/2025 06:12:19 pm,4.400,0.000000,0.4,1.6,04/13/2025 06:50:06 pm,4.400,0.005000,8.9,3.0
04/13/2025 06:10:56 pm,4.450,0.000000,0.5,1.7,04/13/2025 06:12:19 pm,4.450,0.000000,0.4,1.6,04/13/2025 06:50:06 pm,4.450,0.005000,8.9,3.0
04/13/2025 06:10:56 pm,4.500,0.000000,0.5,1.7,04/13/2025 06:12:19 pm,4.500,0.000000,0.4,1.6,04/13/2025 06:50:06 pm,4.500,0.005000,8.9,2.9
04/13/2025 06:10:56 pm,4.550,0.000000,0.5,1.7,04/13/2025 06:12:19 pm,4.550,0.000000,0.4,1.6,04/13/2025 06:50:06 pm,4.550,0.005000,8.9,2.9
04/13/2025 06:10:56 pm,4.600,0.000000,0.5,1.7,04/13/2025 06:12:19 pm,4.600,0.000000,0.4,1.6,04/13/2025 06:50:06 pm,4.600,0.005000,8.9,2.9
04/13/2025 06:10:56 pm,4.650,0.000000,0.5,1.7,04/13/2025 06:12:19 pm,4.650,0.000000,0.4,1.6,04/13/2025 06:50:06 pm,4.650,0.005000,8.9,2.9
04/13/2025 06:10:56 pm,4.700,0.000000,0.5,1.7,04/13/2025 06:12:19 pm,4.700,0.000000,0.4,1.6,04/13/2025 06:50:06 pm,4.700,0.005000,8.9,2.9
04/13/2025 06:10:56 pm,4.750,0.000000,0.5,1.7,04/13/2025 06:12:19 pm,4.750,0.000000,0.4,1.6,04/13/2025 06:50:06 pm,4.750,0.005000,8.9,2.9
04/13/2025 06:10:56 pm,4.800,0.000000,0.5,1.7,04/13/2025 06:12:19 pm,4.800,0.000000,0.4,1.6,04/13/2025 06:50:06 pm,4.800,0.005000,8.9,2.9
04/13/2025 06:10:56 pm,4.850,0.000000,0.5,1.7,04/13/2025 06:12:19 pm,4.850,0.000000,0.4,1.6,04/13/2025 06:50:06 pm,4.850,0.005000,8.9,2.9
04/13/2025 06:10:56 pm,4.900,0.000000,0.5,1.7,04/13/2025 06:12:19 pm,4.900,0.000000,0.4,1.6,04/13/2025 06:50:06 pm,4.900,0.005000,8.9,2.9
04/13/2025 06:10:56 pm,4.950,0.000000,0.5,1.7,04/13/2025 06:12:19 pm,4.950,0.000000,0.4,1.6,04/13/2025 06:50:06 pm,4.950,0.005000,8.9,2.9
04/13/2025 06:10:57 pm,5.000,0.000000,0.5,1.7,04/13/2025 06:12:20 pm,5.000,0.000000,0.4,1.6,04/13/2025 06:50:07 pm,5.000,0.005000,8.9,2.9
04/13/2025 06:10:57 pm,5.050,0.000000,0.5,1.7,04/13/2025 06:12:20 pm,5.050,0.000000,0.4,1.6,04/13/2025 06:50:07 pm,5.050,0.005000,8.9,2.9
04/13/2025 06:10:57 pm,5.100,0.000000,0.5,1.7,04/13/2025 06:12:20 pm,5.100,0.000000,0.4,1.6,04/13/2025 06:50:07 pm,5.100,0.005000,8.9,2.9
04/13/2025 06:10:57 pm,5.150,0.000000,0.5,1.7,04/13/2025 06:12:20 pm,5.150,0.000000,0.4,1.6,04/13/2025 06:50:07 pm,5.150,0.005000,8.9,2.9
04/13/2025 06:10:57 pm,5.200,0.000000,0.5,1.7,04/13/2025 06:12:20 pm,5.200,0.000000,0.4,1.6,04/13/2025 06:50:07 pm,5.200,0.005000,8.9,2.9
04/13/2025 06:10:57 pm,5.250,0.000000,0.5,1.7,04/13/2025 06:12:20 pm,5.250,0.000000,0.4,1.6,04/13/2025 06:50:07 pm,5.250,0.005000,8.9,2.9
04/13/2025 06:10:57 pm,5.300,0.000000,0.5,1.7,04/13/2025 06:12:20 pm,5.300,0.000000,0.4,1.6,04/13/2025 06:50:07 pm,5.300,0.005000,8.8,2.9
04/13/2025 06:10:57 pm,5.350,0.000000,0.5,1.7,04/13/2025 06:12:20 pm,5.350,0.000000,0.4,1.6,04/13/2025 06:50:07 pm,5.350,0.005000,8.8,2.9
04/13/2025 06:10:57 pm,5.400,0.000000,0.5,1.7,04/13/2025 06:12:20 pm,5.400,0.000000,0.4,1.6,04/13/2025 06:50:07 pm,5.400,0.005000,8.8,2.9
04/13/2025 06:10:57 pm,5.450,0.000000,0.5,1.7,04/13/2025 06:12:20 pm,5.450,0.000000,0.4,1.6,04/13/2025 06:50:07 pm,5.450,0.005000,8.8,2.9
04/13/2025 06:10:57 pm,5.500,0.000000,0.5,1.7,04/13/2025 06:12:20 pm,5.500,0.000000,0.4,1.6,04/13/2025 06:50:07 pm,5.500,0.005000,8.8,2.9
04/13/2025 06:10:57 pm,5.550,0.000000,0.5,1.7,04/13/2025 06:12:20 pm,5.550,0.000000,0.4,1.6,04/13/2025 06:50:07 pm,5.550,0.015000,8.8,2.9
04/13/2025 06:10:57 pm,5.600,0.000000,0.5,1.7,04/13/2025 06:12:20 pm,5.600,0.000000,0.4,1.6,04/13/2025 06:50:07 pm,5.600,0.075000,8.8,2.9
04/13/2025 06:10:57 pm,5.650,0.000000,0.5,1.7,04/13/2025 06:12:20 pm,5.650,0.000000,0.4,1.6,04/13/2025 06:50:07 pm,5.650,0.135000,8.8,2.9
04/13/2025 06:10:57 pm,5.700,0.000000,0.5,1.7,04/13/2025 06:12:20 pm,5.700,0.000000,0.4,1.6,04/13/2025 06:50:07 pm,5.700,0.130000,8.8,2.9
04/13/2025 06:10:57 pm,5.750,0.000000,0.5,1.7,04/13/2025 06:12:20 pm,5.750,0.000000,0.4,1.6,04/13/2025 06:50:07 pm,5.750,0.130000,8.8,2.9
04/13/2025 06:10:57 pm,5.800,0.000000,0.5,1.7,04/13/2025 06:12:20 pm,5.800,0.000000,0.4,1.6,04/13/2025 06:50:07 pm,5.800,0.130000,8.8,2.9
04/13/2025 06:10:57 pm,5.850,0.000000,0.5,1.7,04/13/2025 06:12:20 pm,5.850,0.000000,0.4,1.6,04/13/2025 06:50:07 pm,5.850,0.130000,8.8,2.9
04/13/2025 06:10:57 pm,5.900,0.000000,0.5,1.7,04/13/2025 06:12:20 pm,5.900,0.000000,0.4,1.6,04/13/2025 06:50:07 pm,5.900,0.130000,8.8,2.9
04/13/2025 06:10:57 pm,5.950,0.000000,0.5,1.7,04/13/2025 06:12:20 pm,5.950,0.000000,0.4,1.6,04/13/2025 06:50:07 pm,5.950,0.130000,8.8,2.9
04/13/2025 06:10:58 pm,6.000,0.000000,0.5,1.7,04/13/2025 06:12:21 pm,6.000,0.000000,0.4,1.6,04/13/2025 06:50:08 pm,6.000,0.140000,8.8,2.9
04/13/2025 06:10:58 pm,6.050,0.000000,0.5,1.7,04/13/2025 06:12:21 pm,6.050,0.000000,0.4,1.6,04/13/2025 06:50:08 pm,6.050,0.265000,8.8,2.9
04/13/2025 06:10:58 pm,6.100,0.000000,0.5,1.7,04/13/2025 06:12:21 pm,6.100,0.000000,0.4,1.6,04/13/2025 06:50:08 pm,6.100,0.410000,8.8,2.9
04/13/2025 06:10:58 pm,6.150,0.000000,0.5,1.7,04/13/2025 06:12:21 pm,6.150,0.000000,0.4,1.6,04/13/2025 06:50:08 pm,6.150,0.445000,8.8,2.9
04/13/2025 06:10:58 pm,6.200,0.000000,0.5,1.7,04/13/2025 06:12:21 pm,6.200,0.000000,0.4,1.6,04/13/2025 06:50:08 pm,6.200,0.565000,8.8,2.9
04/13/2025 06:10:58 pm,6.250,0.000000,0.5,1.7,04/13/2025 06:12:21 pm,6.250,0.000000,0.4,1.6,04/13/2025 06:50:08 pm,6.250,0.730000,8.8,2.9
04/13/2025 06:10:58 pm,6.300,0.000000,0.5,1.7,04/13/2025 06:12:21 pm,6.300,0.000000,0.4,1.6,04/13/2025 06:50:08 pm,6.300,0.745000,8.8,2.9
04/13/2025 06:10:58 pm,6.350,0.000000,0.5,1.7,04/13/2025 06:12:21 pm,6.350,0.000000,0.4,1.6,04/13/2025 06:50:08 pm,6.350,0.760000,8.8,2.9
04/13/2025 06:10:58 pm,6.400,0.000000,0.5,1.7,04/13/2025 06:12:21 pm,6.400,0.000000,0.4,1.6,04/13/2025 06:50:08 pm,6.400,0.795000,8.8,2.9
04/13/2025 06:10:58 pm,6.450,0.000000,0.5,1.7,04/13/2025 06:12:21 pm,6.450,0.000000,0.4,1.6,04/13/2025 06:50:08 pm,6.450,0.840000,8.8,2.9
04/13/2025 06:10:58 pm,6.500,0.000000,0.5,1.7,04/13/2025 06:12:21 pm,6.500,0.000000,0.4,1.6,04/13/2025 06:50:08 pm,6.500,0.900000,8.8,2.9
04/13/2025 06:10:58 pm,6.550,0.000000,0.5,1.7,04/13/2025 06:12:21 pm,6.550,0.000000,0.4,1.6,04/13/2025 06:50:08 pm,6.550,0.945000,8.8,2.9
04/13/2025 06:10:58 pm,6.600,0.000000,0.5,1.7,04/13/2025 06:12:21 pm,6.600,0.000000,0.4,1.6,04/13/2025 06:50:08 pm,6.600,0.970000,8.8,2.9
04/13/2025 06:10:58 pm,6.650,0.000000,0.5,1.7,04/13/2025 06:12:21 pm,6.650,0.000000,0.4,1.6,04/13/2025 06:50:08 pm,6.650,1.045000,8.8,2.9
04/13/2025 06:10:58 pm,6.700,0.000000,0.5,1.7,04/13/2025 06:12:21 pm,6.700,0.000000,0.4,1.6,04/13/2025 06:50:08 pm,6.700,1.110000,8.8,2.9
04/13/2025 06:10:58 pm,6.750,0.000000,0.5,1.7,04/13/2025 06:12:21 pm,6.750,0.000000,0.4,1.6,04/13/2025 06:50:08 pm,6.750,1.175000,8.8,2.9
04/13/2025 06:10:58 pm,6.800,0.000000,0.5,1.7,04/13/2025 06:12:21 pm,6.800,0.000000,0.4,1.6,04/13/2025 06:50:08 pm,6.800,1.270000,8.7,2.9
04/13/2025 06:10:58 pm,6.850,0.000000,0.5,1.7,04/13/2025 06:12:21 pm,6.850,0.000000,0.4,1.6,04/13/2025 06:50:08 pm,6.850,1.365000,8.7,2.9
04/13/2025 06:10:58 pm,6.900,0.000000,0.5,1.7,04/13/2025 06:12:21 pm,6.900,0.000000,0.4,1.6,04/13/2025 06:50:08 pm,6.900,1.490000,8.7,2.9
04/13/2025 06:10:58 pm,6.950,0.000000,0.5,1.7,04/13/2025 06:12:21 pm,6.950,0.000000,0.4,1.6,04/13/2025 06:50:08 pm,6.950,1.575000,8.7,2.9
04/13/2025 06:10:59 pm,7.000,0.000000,0.5,1.7,04/13/2025 06:12:22 pm,7.000,0.000000,0.4,1.6,04/13/2025 06:50:09 pm,7.000,1.695000,8.7,2.9
04/13/2025 06:10:59 pm,7.050,0.000000,0.5,1.7,04/13/2025 06:12:22 pm,7.050,0.000000,0.4,1.6,04/13/2025 06:50:09 pm,7.050,1.910000,8.6,2.9
04/13/2025 06:10:59 pm,7.100,0.000000,0.5,1.7,04/13/2025 06:12:22 pm,7.100,0.000000,0.4,1.6,04/13/2025 06:50:09 pm,7.100,1.980000,8.6,2.9
04/13/2025 06:10:59 pm,7.150,0.000000,0.5,1.7,04/13/2025 06:12:22 pm,7.150,0.000000,0.4,1.6,04/13/2025 06:50:09 pm,7.150,1.995000,8.6,2.9
04/13/2025 06:10:59 pm,7.200,0.000000,0.5,1.7,04/13/2025 06:12:22 pm,7.200,0.000000,0.4,1.6,04/13/2025 06:50:09 pm,7.200,2.090000,8.6,2.9
04/13/2025 06:10:59 pm,7.250,0.000000,0.5,1.7,04/13/2025 06:12:22 pm,7.250,0.000000,0.4,1.6,04/13/2025 06:50:09 pm,7.250,2.200000,8.6,2.9
04/13/2025 06:10:59 pm,7.300,0.000000,0.5,1.7,04/13/2025 06:12:22 pm,7.300,0.000000,0.4,1.6,04/13/2025 06:50:09 pm,7.300,2.235000,8.6,2.9
04/13/2025 06:10:59 pm,7.350,0.000000,0.5,1.7,04/13/2025 06:12:22 pm,7.350,0.000000,0.4,1.6,04/13/2025 06:50:09 pm,7.350,2.275000,8.5,2.9
04/13/2025 06:10:59 pm,7.400,0.000000,0.5,1.7,04/13/2025 06:12:22 pm,7.400,0.000000,0.4,1.6,04/13/2025 06:50:09 pm,7.400,2.320000,8.5,2.9
04/13/2025 06:10:59 pm,7.450,0.000000,0.5,1.7,04/13/2025 06:12:22 pm,7.450,0.000000,0.4,1.6,04/13/2025 06:50:09 pm,7.450,2.430000,8.5,2.9
04/13/2025 06:10:59 pm,7.500,0.000000,0.5,1.7,04/13/2025 06:12:22 pm,7.500,0.000000,0.4,1.6,04/13/2025 06:50:09 pm,7.500,2.495000,8.5,2.9
04/13/2025 06:10:59 pm,7.550,0.000000,0.5,1.7,04/13/2025 06:12:22 pm,7.550,0.000000,0.4,1.6,04/13/2025 06:50:09 pm,7.550,2.625000,8.5,2.9
04/13/2025 06:10:59 pm,7.600,0.000000,0.5,1.7,04/13/2025 06:12:22 pm,7.600,0.000000,0.4,1.6,04/13/2025 06:50:09 pm,7.600,2.735000,8.5,2.9
04/13/2025 06:10:59 pm,7.650,0.000000,0.5,1.7,04/13/2025 06:12:22 pm,7.650,0.000000,0.4,1.6,04/13/2025 06:50:09 pm,7.650,2.740000,8.5,2.9
04/13/2025 06:10:59 pm,7.700,0.000000,0.5,1.7,04/13/2025 06:12:22 pm,7.700,0.000000,0.4,1.6,04/13/2025 06:50:09 pm,7.700,2.745000,8.5,2.9
04/13/2025 06:10:59 pm,7.750,0.000000,0.5,1.7,04/13/2025 06:12:22 pm,7.750,0.000000,0.4,1.6,04/13/2025 06:50:09 pm,7.750,2.885000,8.5,2.9
04/13/2025 06:10:59 pm,7.800,0.000000,0.5,1.7,04/13/2025 06:12:22 pm,7.800,0.000000,0.4,1.6,04/13/2025 06:50:09 pm,7.800,3.040000,8.5,2.9
04/13/2025 06:10:59 pm,7.850,0.000000,0.5,1.7,04/13/2025 06:12:22 pm,7.850,0.000000,0.4,1.6,04/13/2025 06:50:09 pm,7.850,3.165000,8.5,2.9
04/13/2025 06:10:59 pm,7.900,0.000000,0.5,1.7,04/13/2025 06:12:22 pm,7.900,0.000000,0.4,1.6,04/13/2025 06:50:09 pm,7.900,3.510000,8.5,2.9
04/13/2025 06:10:59 pm,7.950,0.000000,0.4,1.7,04/13/2025 06:12:22 pm,7.950,0.000000,0.4,1.6,04/13/2025 06:50:09 pm,7.950,4.330000,8.3,2.9
04/13/2025 06:11:00 pm,8.000,0.000000,0.5,1.7,04/13/2025 06:12:23 pm,8.000,0.000000,0.4,1.6,04/13/2025 06:50:10 pm,8.000,4.430000,8.3,2.9
04/13/2025 06:11:00 pm,8.050,0.000000,0.4,1.7,04/13/2025 06:12:23 pm,8.050,0.000000,0.4,1.6,04/13/2025 06:50:10 pm,8.050,4.595000,8.3,2.9
04/13/2025 06:11:00 pm,8.100,0.000000,0.5,1.7,04/13/2025 06:12:23 pm,8.100,0.000000,0.4,1.6,04/13/2025 06:50:10 pm,8.100,4.630000,8.2,2.9
04/13/2025 06:11:00 pm,8.150,0.000000,0.5,1.7,04/13/2025 06:12:23 pm,8.150,0.000000,0.4,1.6,04/13/2025 06:50:10 pm,8.150,4.720000,8.2,2.9
04/13/2025 06:11:00 pm,8.200,0.000000,0.5,1.7,04/13/2025 06:12:23 pm,8.200,0.000000,0.4,1.6,04/13/2025 06:50:10 pm,8.200,4.905000,8.2,2.9
04/13/2025 06:11:00 pm,8.250,0.000000,0.5,1.7,04/13/2025 06:12:23 pm,8.250,0.000000,0.4,1.6,04/13/2025 06:50:10 pm,8.250,5.065000,8.1,2.9
04/13/2025 06:11:00 pm,8.300,0.000000,0.5,1.7,04/13/2025 06:12:23 pm,8.300,0.000000,0.4,1.6,04/13/2025 06:50:10 pm,8.300,5.195000,8.1,2.9
04/13/2025 06:11:00 pm,8.350,0.000000,0.5,1.7,04/13/2025 06:12:23 pm,8.350,0.000000,0.4,1.6,04/13/2025 06:50:10 pm,8.350,5.340000,8.1,2.9
04/13/2025 06:11:00 pm,8.400,0.000000,0.5,1.7,04/13/2025 06:12:23 pm,8.400,0.000000,0.4,1.6,04/13/2025 06:50:10 pm,8.400,5.475000,8.0,2.9
04/13/2025 06:11:00 pm,8.450,0.000000,0.4,1.6,04/13/2025 06:12:23 pm,8.450,0.000000,0.4,1.6,04/13/2025 06:50:10 pm,8.450,5.560000,8.0,2.9
04/13/2025 06:11:00 pm,8.500,0.000000,0.5,1.7,04/13/2025 06:12:23 pm,8.500,0.000000,0.4,1.6,04/13/2025 06:50:10 pm,8.500,5.700000,8.0,2.9
04/13/2025 06:11:00 pm,8.550,0.000000,0.5,1.7,04/13/2025 06:12:23 pm,8.550,0.000000,0.4,1.6,04/13/2025 06:50:10 pm,8.550,5.865000,7.9,2.9
04/13/2025 06:11:00 pm,8.600,0.000000,0.5,1.7,04/13/2025 06:12:23 pm,8.600,0.000000,0.4,1.6,04/13/2025 06:50:10 pm,8.600,6.050000,7.8,2.9
04/13/2025 06:11:00 pm,8.650,0.000000,0.5,1.7,04/13/2025 06:12:23 pm,8.650,0.000000,0.4,1.6,04/13/2025 06:50:10 pm,8.650,6.095000,7.8,2.9
04/13/2025 06:11:00 pm,8.700,0.000000,0.4,1.6,04/13/2025 06:12:23 pm,8.700,0.000000,0.4,1.6,04/13/2025 06:50:10 pm,8.700,6.155000,7.8,2.9
04/13/2025 06:11:00 pm,8.750,0.000000,0.5,1.7,04/13/2025 06:12:23 pm,8.750,0.000000,0.4,1.6,04/13/2025 06:50:10 pm,8.750,6.205000,7.8,2.9
04/13/2025 06:11:00 pm,8.800,0.000000,0.4,1.7,04/13/2025 06:12:23 pm,8.800,0.000000,0.4,1.6,04/13/2025 06:50:10 pm,8.800,6.235000,7.8,2.9
04/13/2025 06:11:00 pm,8.850,0.000000,0.5,1.7,04/13/2025 06:12:23 pm,8.850,0.000000,0.4,1.6,04/13/2025 06:50:10 pm,8.850,6.250000,7.8,2.9
04/13/2025 06:11:00 pm,8.900,0.000000,0.5,1.7,04/13/2025 06:12:23 pm,8.900,0.000000,0.4,1.6,04/13/2025 06:50:10 pm,8.900,6.325000,7.7,2.9
04/13/2025 06:11:00 pm,8.950,0.000000,0.5,1.7,04/13/2025 06:12:23 pm,8.950,0.000000,0.4,1.6,04/13/2025 06:50:10 pm,8.950,6.375000,7.7,2.9
04/13/2025 06:11:01 pm,9.000,0.000000,0.5,1.7,04/13/2025 06:12:24 pm,9.000,0.000000,0.4,1.6,04/13/2025 06:50:11 pm,9.000,6.375000,7.7,2.9
04/13/2025 06:11:01 pm,9.050,-0.025000,0.5,1.7,04/13/2025 06:12:24 pm,9.050,0.000000,0.4,1.6,04/13/2025 06:50:11 pm,9.050,6.505000,7.7,2.9
04/13/2025 06:11:01 pm,9.100,-0.065000,0.5,1.7,04/13/2025 06:12:24 pm,9.100,0.000000,0.4,1.6,04/13/2025 06:50:11 pm,9.100,6.640000,7.6,2.9
04/13/2025 06:11:01 pm,9.150,-0.055000,0.5,1.7,04/13/2025 06:12:24 pm,9.150,0.000000,0.4,1.6,04/13/2025 06:50:11 pm,9.150,6.735000,7.6,2.9
04/13/2025 06:11:01 pm,9.200,-0.050000,0.5,1.7,04/13/2025 06:12:24 pm,9.200,0.000000,0.4,1.6,04/13/2025 06:50:11 pm,9.200,6.880000,7.6,2.9
04/13/2025 06:11:01 pm,9.250,-0.050000,0.5,1.7,04/13/2025 06:12:24 pm,9.250,0.000000,0.4,1.6,04/13/2025 06:50:11 pm,9.250,7.150000,7.5,2.9
04/13/2025 06:11:01 pm,9.300,-0.050000,0.5,1.7,04/13/2025 06:12:24 pm,9.300,0.000000,0.4,1.6,04/13/2025 06:50:11 pm,9.300,7.425000,7.4,2.9
04/13/2025 06:11:01 pm,9.350,-0.050000,0.5,1.7,04/13/2025 06:12:24 pm,9.350,0.000000,0.4,1.6,04/13/2025 06:50:11 pm,9.350,7.990000,7.2,2.9
04/13/2025 06:11:01 pm,9.400,-0.050000,0.5,1.7,04/13/2025 06:12:24 pm,9.400,0.000000,0.4,1.6,04/13/2025 06:50:11 pm,9.400,8.510000,7.0,2.8
04/13/2025 06:11:01 pm,9.450,-0.050000,0.5,1.7,04/13/2025 06:12:24 pm,9.450,0.000000,0.4,1.6,04/13/2025 06:50:11 pm,9.450,8.520000,7.0,2.8
04/13/2025 06:11:01 pm,9.500,-0.050000,0.5,1.7,04/13/2025 06:12:24 pm,9.500,0.000000,0.4,1.6,04/13/2025 06:50:11 pm,9.500,8.560000,7.0,2.8
04/13/2025 06:11:01 pm,9.550,-0.050000,0.5,1.7,04/13/2025 06:12:24 pm,9.550,0.000000,0.4,1.6,04/13/2025 06:50:11 pm,9.550,8.835000,6.9,2.8
04/13/2025 06:11:01 pm,9.600,-0.045000,0.5,1.7,04/13/2025 06:12:24 pm,9.600,0.000000,0.4,1.6,04/13/2025 06:50:11 pm,9.600,8.935000,6.8,2.8
04/13/2025 06:11:01 pm,9.650,-0.045000,0.5,1.7,04/13/2025 06:12:24 pm,9.650,0.000000,0.4,1.6,04/13/2025 06:50:11 pm,9.650,8.975000,6.8,2.8
04/13/2025 06:11:01 pm,9.700,-0.045000,0.5,1.7,04/13/2025 06:12:24 pm,9.700,0.000000,0.4,1.6,04/13/2025 06:50:11 pm,9.700,9.340000,6.6,2.8
04/13/2025 06:11:01 pm,9.750,-0.045000,0.5,1.7,04/13/2025 06:12:24 pm,9.750,0.000000,0.4,1.6,04/13/2025 06:50:11 pm,9.750,9.810000,6.4,2.8
04/13/2025 06:11:01 pm,9.800,-0.045000,0.5,1.7,04/13/2025 06:12:24 pm,9.800,0.000000,0.4,1.6,04/13/2025 06:50:11 pm,9.800,9.965000,6.3,2.8
04/13/2025 06:11:01 pm,9.850,-0.040000,0.5,1.7,04/13/2025 06:12:24 pm,9.850,0.000000,0.4,1.6,04/13/2025 06:50:11 pm,9.850,9.970000,6.3,2.8
04/13/2025 06:11:01 pm,9.900,-0.025000,0.5,1.7,04/13/2025 06:12:24 pm,9.900,0.000000,0.4,1.6,04/13/2025 06:50:11 pm,9.900,9.970000,6.3,2.8
04/13/2025 06:11:01 pm,9.950,0.055000,0.5,1.7,04/13/2025 06:12:24 pm,9.950,0.000000,0.4,1.6,04/13/2025 06:50:11 pm,9.950,10.215000,6.3,2.8
04/13/2025 06:11:02 pm,10.000,0.200000,0.5,1.7,04/13/2025 06:12:25 pm,10.000,0.000000,0.4,1.6,04/13/2025 06:50:12 pm,10.000,11.245000,5.8,2.8
04/13/2025 06:11:02 pm,10.050,0.235000,0.5,1.7,04/13/2025 06:12:25 pm,10.050,0.000000,0.4,1.6,04/13/2025 06:50:12 pm,10.050,11.330000,5.7,2.8
04/13/2025 06:11:02 pm,10.100,0.235000,0.5,1.7,04/13/2025 06:12:25 pm,10.100,0.000000,0.4,1.6,04/13/2025 06:50:12 pm,10.100,11.330000,5.7,2.8
04/13/2025 06:11:02 pm,10.150,0.240000,0.5,1.7,04/13/2025 06:12:25 pm,10.150,0.000000,0.4,1.6,04/13/2025 06:50:12 pm,10.150,11.330000,5.7,2.8
04/13/2025 06:11:02 pm,10.200,0.400000,0.5,1.7,04/13/2025 06:12:25 pm,10.200,0.000000,0.4,1.6,04/13/2025 06:50:12 pm,10.200,11.330000,5.7,2.8
04/13/2025 06:11:02 pm,10.250,0.475000,0.5,1.7,04/13/2025 06:12:25 pm,10.250,0.000000,0.4,1.6,04/13/2025 06:50:12 pm,10.250,11.330000,5.7,2.8
04/13/2025 06:11:02 pm,10.300,0.700000,0.5,1.7,04/13/2025 06:12:25 pm,10.300,0.000000,0.4,1.6,04/13/2025 06:50:12 pm,10.300,11.335000,5.7,2.8
04/13/2025 06:11:02 pm,10.350,0.905000,0.5,1.7,04/13/2025 06:12:25 pm,10.350,0.000000,0.4,1.6,04/13/2025 06:50:12 pm,10.350,11.465000,5.7,2.8
04/13/2025 06:11:02 pm,10.400,1.080000,0.5,1.7,04/13/2025 06:12:25 pm,10.400,0.000000,0.4,1.6,04/13/2025 06:50:12 pm,10.400,11.515000,5.6,2.8
04/13/2025 06:11:02 pm,10.450,1.490000,0.5,1.7,04/13/2025 06:12:25 pm,10.450,0.000000,0.4,1.6,04/13/2025 06:50:12 pm,10.450,11.515000,5.6,2.8
04/13/2025 06:11:02 pm,10.500,1.925000,0.5,1.7,04/13/2025 06:12:25 pm,10.500,0.000000,0.4,1.6,04/13/2025 06:50:12 pm,10.500,11.590000,5.6,2.7
04/13/2025 06:11:02 pm,10.550,2.330000,0.5,1.7,04/13/2025 06:12:25 pm,10.550,0.000000,0.4,1.6,04/13/2025 06:50:12 pm,10.550,11.670000,5.6,2.7
04/13/2025 06:11:02 pm,10.600,2.510000,0.5,1.7,04/13/2025 06:12:25 pm,10.600,0.000000,0.4,1.6,04/13/2025 06:50:12 pm,10.600,11.755000,5.5,2.7
04/13/2025 06:11:02 pm,10.650,2.545000,0.5,1.7,04/13/2025 06:12:25 pm,10.650,0.000000,0.4,1.6,04/13/2025 06:50:12 pm,10.650,11.760000,5.5,2.7
04/13/2025 06:11:02 pm,10.700,2.660000,0.5,1.7,04/13/2025 06:12:25 pm,10.700,0.000000,0.4,1.6,04/13/2025 06:50:12 pm,10.700,11.785000,5.5,2.7
04/13/2025 06:11:02 pm,10.750,2.895000,0.5,1.7,04/13/2025 06:12:25 pm,10.750,0.000000,0.4,1.6,04/13/2025 06:50:12 pm,10.750,11.880000,5.5,2.7
04/13/2025 06:11:02 pm,10.800,2.915000,0.5,1.7,04/13/2025 06:12:25 pm,10.800,0.000000,0.4,1.6,04/13/2025 06:50:12 pm,10.800,11.915000,5.5,2.7
04/13/2025 06:11:02 pm,10.850,3.025000,0.5,1.7,04/13/2025 06:12:25 pm,10.850,0.000000,0.4,1.6,04/13/2025 06:50:12 pm,10.850,11.915000,5.5,2.7
04/13/2025 06:11:02 pm,10.900,3.150000,0.5,1.7,04/13/2025 06:12:25 pm,10.900,0.000000,0.4,1.6,04/13/2025 06:50:12 pm,10.900,11.980000,5.5,2.7
04/13/2025 06:11:02 pm,10.950,3.175000,0.5,1.7,04/13/2025 06:12:25 pm,10.950,0.000000,0.4,1.6,04/13/2025 06:50:12 pm,10.950,12.420000,5.3,2.7
04/13/2025 06:11:03 pm,11.000,3.315000,0.5,1.7,04/13/2025 06:12:26 pm,11.000,0.000000,0.4,1.6,04/13/2025 06:50:13 pm,11.000,12.690000,5.1,2.7
04/13/2025 06:11:03 pm,11.050,3.380000,0.5,1.7,04/13/2025 06:12:26 pm,11.050,0.000000,0.4,1.6,04/13/2025 06:50:13 pm,11.050,12.690000,5.1,2.7
04/13/2025 06:11:03 pm,11.100,3.380000,0.5,1.7,04/13/2025 06:12:26 pm,11.100,0.000000,0.4,1.6,04/13/2025 06:50:13 pm,11.100,12.800000,5.1,2.7
04/13/2025 06:11:03 pm,11.150,3.380000,0.5,1.7,04/13/2025 06:12:26 pm,11.150,0.000000,0.4,1.6,04/13/2025 06:50:13 pm,11.150,13.095000,5.0,2.7
04/13/2025 06:11:03 pm,11.200,3.375000,0.5,1.7,04/13/2025 06:12:26 pm,11.200,0.000000,0.4,1.6,04/13/2025 06:50:13 pm,11.200,13.595000,4.7,2.7
04/13/2025 06:11:03 pm,11.250,3.375000,0.4,1.7,04/13/2025 06:12:26 pm,11.250,0.000000,0.4,1.6,04/13/2025 06:50:13 pm,11.250,13.910000,4.6,2.7
04/13/2025 06:11:03 pm,11.300,3.375000,0.4,1.7,04/13/2025 06:12:26 pm,11.300,0.000000,0.4,1.6,04/13/2025 06:50:13 pm,11.300,14.270000,4.5,2.7
04/13/2025 06:11:03 pm,11.350,3.340000,0.4,1.7,04/13/2025 06:12:26 pm,11.350,0.000000,0.4,1.6,04/13/2025 06:50:13 pm,11.350,14.720000,4.2,2.6
04/13/2025 06:11:03 pm,11.400,3.345000,0.5,1.7,04/13/2025 06:12:26 pm,11.400,0.000000,0.4,1.6,04/13/2025 06:50:13 pm,11.400,14.770000,4.2,2.6
04/13/2025 06:11:03 pm,11.450,3.360000,0.5,1.7,04/13/2025 06:12:26 pm,11.450,0.000000,0.4,1.6,04/13/2025 06:50:13 pm,11.450,14.890000,4.1,2.6
04/13/2025 06:11:03 pm,11.500,3.430000,0.5,1.7,04/13/2025 06:12:26 pm,11.500,0.000000,0.4,1.6,04/13/2025 06:50:13 pm,11.500,15.145000,4.0,2.6
04/13/2025 06:11:03 pm,11.550,3.870000,0.5,1.7,04/13/2025 06:12:26 pm,11.550,0.000000,0.4,1.6,04/13/2025 06:50:13 pm,11.550,15.385000,3.9,2.6
04/13/2025 06:11:03 pm,11.600,4.595000,0.5,1.7,04/13/2025 06:12:26 pm,11.600,0.000000,0.4,1.6,04/13/2025 06:50:13 pm,11.600,15.510000,3.8,2.6
04/13/2025 06:11:03 pm,11.650,4.990000,0.5,1.7,04/13/2025 06:12:26 pm,11.650,0.000000,0.4,1.6,04/13/2025 06:50:13 pm,11.650,15.645000,3.8,2.6
04/13/2025 06:11:03 pm,11.700,5.175000,0.5,1.7,04/13/2025 06:12:26 pm,11.700,0.000000,0.4,1.6,04/13/2025 06:50:13 pm,11.700,15.650000,3.8,2.6
04/13/2025 06:11:03 pm,11.750,5.410000,0.5,1.7,04/13/2025 06:12:26 pm,11.750,0.000000,0.4,1.6,04/13/2025 06:50:13 pm,11.750,15.795000,3.8,2.6
04/13/2025 06:11:03 pm,11.800,5.710000,0.5,1.7,04/13/2025 06:12:26 pm,11.800,0.000000,0.4,1.6,04/13/2025 06:50:13 pm,11.800,15.875000,3.6,2.6
04/13/2025 06:11:03 pm,11.850,6.275000,0.5,1.7,04/13/2025 06:12:26 pm,11.850,0.000000,0.4,1.6,04/13/2025 06:50:13 pm,11.850,15.895000,3.7,2.6
04/13/2025 06:11:03 pm,11.900,6.505000,0.5,1.7,04/13/2025 06:12:26 pm,11.900,0.000000,0.4,1.6,04/13/2025 06:50:13 pm,11.900,15.905000,3.7,2.6
04/13/2025 06:11:03 pm,11.950,6.630000,0.5,1.7,04/13/2025 06:12:26 pm,11.950,0.000000,0.4,1.6,04/13/2025 06:50:13 pm,11.950,15.905000,3.7,2.6
04/13/2025 06:11:04 pm,12.000,6.815000,0.5,1.7,04/13/2025 06:12:27 pm,12.000,0.000000,0.4,1.6,04/13/2025 06:50:14 pm,12.000,16.010000,3.6,2.6
04/13/2025 06:11:04 pm,12.050,6.990000,0.5,1.7,04/13/2025 06:12:27 pm,12.050,0.000000,0.4,1.6,04/13/2025 06:50:14 pm,12.050,16.420000,3.5,2.5
04/13/2025 06:11:04 pm,12.100,7.160000,0.5,1.7,04/13/2025 06:12:27 pm,12.100,0.000000,0.4,1.6,04/13/2025 06:50:14 pm,12.100,16.565000,3.4,2.5
04/13/2025 06:11:04 pm,12.150,7.495000,0.4,1.7,04/13/2025 06:12:27 pm,12.150,0.000000,0.4,1.6,04/13/2025 06:50:14 pm,12.150,16.745000,3.3,2.5
04/13/2025 06:11:04 pm,12.200,8.210000,0.4,1.6,04/13/2025 06:12:27 pm,12.200,0.000000,0.4,1.6,04/13/2025 06:50:14 pm,12.200,16.900000,3.2,2.5
04/13/2025 06:11:04 pm,12.250,8.830000,0.4,1.6,04/13/2025 06:12:27 pm,12.250,0.000000,0.4,1.6,04/13/2025 06:50:14 pm,12.250,17.260000,3.1,2.5
04/13/2025 06:11:04 pm,12.300,9.475000,0.4,1.6,04/13/2025 06:12:27 pm,12.300,0.000000,0.4,1.6,04/13/2025 06:50:14 pm,12.300,17.480000,3.0,2.5
04/13/2025 06:11:04 pm,12.350,9.570000,0.5,1.7,04/13/2025 06:12:27 pm,12.350,0.000000,0.4,1.6,04/13/2025 06:50:14 pm,12.350,17.810000,2.9,2.5
04/13/2025 06:11:04 pm,12.400,9.835000,0.4,1.7,04/13/2025 06:12:27 pm,12.400,0.000000,0.4,1.6,04/13/2025 06:50:14 pm,12.400,18.225000,2.7,2.4
04/13/2025 06:11:04 pm,12.450,10.000000,0.4,1.6,04/13/2025 06:12:27 pm,12.450,0.000000,0.4,1.6,04/13/2025 06:50:14 pm,12.450,18.270000,2.6,2.4
04/13/2025 06:11:04 pm,12.500,10.045000,0.4,1.6,04/13/2025 06:12:27 pm,12.500,0.000000,0.4,1.6,04/13/2025 06:50:14 pm,12.500,18.295000,2.6,2.4
04/13/2025 06:11:04 pm,12.550,10.415000,0.4,1.6,04/13/2025 06:12:27 pm,12.550,0.000000,0.4,1.6,04/13/2025 06:50:14 pm,12.550,18.625000,2.5,2.4
04/13/2025 06:11:04 pm,12.600,10.720000,0.4,1.6,04/13/2025 06:12:27 pm,12.600,0.000000,0.4,1.6,04/13/2025 06:50:14 pm,12.600,18.680000,2.5,2.4
04/13/2025 06:11:04 pm,12.650,10.920000,0.4,1.6,04/13/2025 06:12:27 pm,12.650,0.000000,0.4,1.6,04/13/2025 06:50:14 pm,12.650,19.030000,2.4,2.4
04/13/2025 06:11:04 pm,12.700,10.940000,0.4,1.6,04/13/2025 06:12:27 pm,12.700,0.000000,0.4,1.6,04/13/2025 06:50:14 pm,12.700,19.590000,2.2,2.3
04/13/2025 06:11:04 pm,12.750,11.000000,0.4,1.6,04/13/2025 06:12:27 pm,12.750,0.000000,0.4,1.6,04/13/2025 06:50:14 pm,12.750,19.620000,2.1,2.3
04/13/2025 06:11:04 pm,12.800,11.130000,0.4,1.6,04/13/2025 06:12:27 pm,12.800,0.000000,0.4,1.6,04/13/2025 06:50:14 pm,12.800,19.620000,2.1,2.3
04/13/2025 06:11:04 pm,12.850,11.170000,0.4,1.7,04/13/2025 06:12:27 pm,12.850,0.000000,0.4,1.6,04/13/2025 06:50:14 pm,12.850,19.620000,2.1,2.3
04/13/2025 06:11:04 pm,12.900,11.610000,0.5,1.7,04/13/2025 06:12:27 pm,12.900,0.000000,0.4,1.6,04/13/2025 06:50:14 pm,12.900,19.655000,2.1,2.3
04/13/2025 06:11:04 pm,12.950,11.930000,0.4,1.6,04/13/2025 06:12:27 pm,12.950,0.000000,0.4,1.6,04/13/2025 06:50:14 pm,12.950,20.025000,2.0,2.3
04/13/2025 06:11:05 pm,13.000,12.085000,0.4,1.6,04/13/2025 06:12:28 pm,13.000,0.000000,0.4,1.6,04/13/2025 06:50:15 pm,13.000,20.165000,1.9,2.3
04/13/2025 06:11:05 pm,13.050,12.455000,0.4,1.6,04/13/2025 06:12:28 pm,13.050,0.000000,0.4,1.6,04/13/2025 06:50:15 pm,13.050,20.210000,1.9,2.3
04/13/2025 06:11:05 pm,13.100,12.670000,0.5,1.7,04/13/2025 06:12:28 pm,13.100,0.000000,0.4,1.6,04/13/2025 06:50:15 pm,13.100,20.210000,1.9,2.3
04/13/2025 06:11:05 pm,13.150,12.840000,0.4,1.7,04/13/2025 06:12:28 pm,13.150,0.000000,0.4,1.6,04/13/2025 06:50:15 pm,13.150,20.400000,1.9,2.3
04/13/2025 06:11:05 pm,13.200,13.085000,0.4,1.6,04/13/2025 06:12:28 pm,13.200,0.000000,0.4,1.6,04/13/2025 06:50:15 pm,13.200,20.490000,1.8,2.3
04/13/2025 06:11:05 pm,13.250,13.280000,0.4,1.6,04/13/2025 06:12:28 pm,13.250,0.000000,0.4,1.6,04/13/2025 06:50:15 pm,13.250,20.490000,1.8,2.3
04/13/2025 06:11:05 pm,13.300,13.600000,0.4,1.6,04/13/2025 06:12:28 pm,13.300,0.000000,0.4,1.6,04/13/2025 06:50:15 pm,13.300,20.495000,1.8,2.3
04/13/2025 06:11:05 pm,13.350,13.900000,0.4,1.6,04/13/2025 06:12:28 pm,13.350,0.000000,0.4,1.6,04/13/2025 06:50:15 pm,13.350,20.930000,1.8,2.2
04/13/2025 06:11:05 pm,13.400,14.210000,0.4,1.6,04/13/2025 06:12:28 pm,13.400,0.000000,0.4,1.6,04/13/2025 06:50:15 pm,13.400,21.090000,1.6,2.2
04/13/2025 06:11:05 pm,13.450,14.590000,0.4,1.6,04/13/2025 06:12:28 pm,13.450,0.000000,0.4,1.6,04/13/2025 06:50:15 pm,13.450,21.090000,1.6,2.2
04/13/2025 06:11:05 pm,13.500,14.860000,0.4,1.6,04/13/2025 06:12:28 pm,13.500,0.000000,0.4,1.6,04/13/2025 06:50:15 pm,13.500,21.090000,1.6,2.2
04/13/2025 06:11:05 pm,13.550,15.360000,0.4,1.6,04/13/2025 06:12:28 pm,13.550,0.000000,0.4,1.6,04/13/2025 06:50:15 pm,13.550,21.130000,1.7,2.2
04/13/2025 06:11:05 pm,13.600,15.875000,0.4,1.6,04/13/2025 06:12:28 pm,13.600,0.000000,0.4,1.6,04/13/2025 06:50:15 pm,13.600,21.175000,1.6,2.2
04/13/2025 06:11:05 pm,13.650,16.165000,0.4,1.6,04/13/2025 06:12:28 pm,13.650,0.000000,0.4,1.6,04/13/2025 06:50:15 pm,13.650,21.260000,1.6,2.2
04/13/2025 06:11:05 pm,13.700,16.770000,0.4,1.6,04/13/2025 06:12:28 pm,13.700,0.000000,0.4,1.6,04/13/2025 06:50:15 pm,13.700,21.405000,1.6,2.2
04/13/2025 06:11:05 pm,13.750,16.930000,0.4,1.6,04/13/2025 06:12:28 pm,13.750,0.000000,0.4,1.6,04/13/2025 06:50:15 pm,13.750,21.565000,1.5,2.2
04/13/2025 06:11:05 pm,13.800,17.220000,0.4,1.6,04/13/2025 06:12:28 pm,13.800,0.000000,0.4,1.6,04/13/2025 06:50:15 pm,13.800,21.700000,1.5,2.2
04/13/2025 06:11:05 pm,13.850,17.745000,0.4,1.6,04/13/2025 06:12:28 pm,13.850,0.000000,0.4,1.6,04/13/2025 06:50:15 pm,13.850,21.715000,1.5,2.2
04/13/2025 06:11:05 pm,13.900,18.035000,0.4,1.6,04/13/2025 06:12:28 pm,13.900,0.000000,0.4,1.6,04/13/2025 06:50:15 pm,13.900,21.940000,1.5,2.2
04/13/2025 06:11:05 pm,13.950,18.220000,0.4,1.6,04/13/2025 06:12:28 pm,13.950,0.000000,0.4,1.6,04/13/2025 06:50:15 pm,13.950,22.430000,1.4,2.1
04/13/2025 06:11:06 pm,14.000,18.465000,0.4,1.6,04/13/2025 06:12:29 pm,14.000,0.000000,0.4,1.6,04/13/2025 06:50:16 pm,14.000,22.810000,1.2,2.1
04/13/2025 06:11:06 pm,14.050,18.655000,0.4,1.6,04/13/2025 06:12:29 pm,14.050,0.000000,0.4,1.6,04/13/2025 06:50:16 pm,14.050,22.865000,1.2,2.1
04/13/2025 06:11:06 pm,14.100,19.065000,0.4,1.6,04/13/2025 06:12:29 pm,14.100,0.000000,0.4,1.6,04/13/2025 06:50:16 pm,14.100,23.080000,1.2,2.1
04/13/2025 06:11:06 pm,14.150,19.795000,0.4,1.6,04/13/2025 06:12:29 pm,14.150,0.000000,0.4,1.6,04/13/2025 06:50:16 pm,14.150,23.370000,1.1,2.1
04/13/2025 06:11:06 pm,14.200,20.140000,0.4,1.6,04/13/2025 06:12:29 pm,14.200,0.000000,0.4,1.6,04/13/2025 06:50:16 pm,14.200,23.670000,1.1,2.0
04/13/2025 06:11:06 pm,14.250,20.210000,0.4,1.6,04/13/2025 06:12:29 pm,14.250,0.000000,0.4,1.6,04/13/2025 06:50:16 pm,14.250,24.000000,1.0,2.0
04/13/2025 06:11:06 pm,14.300,20.535000,0.4,1.6,04/13/2025 06:12:29 pm,14.300,0.000000,0.4,1.6,04/13/2025 06:50:16 pm,14.300,24.305000,1.0,2.0
04/13/2025 06:11:06 pm,14.350,20.880000,0.4,1.6,04/13/2025 06:12:29 pm,14.350,0.000000,0.5,1.7,04/13/2025 06:50:16 pm,14.350,24.650000,0.9,2.0
04/13/2025 06:11:06 pm,14.400,20.910000,0.4,1.6,04/13/2025 06:12:29 pm,14.400,0.000000,0.4,1.7,04/13/2025 06:50:16 pm,14.400,24.815000,0.9,1.9
04/13/2025 06:11:06 pm,14.450,20.910000,0.4,1.6,04/13/2025 06:12:29 pm,14.450,0.000000,0.5,1.7,04/13/2025 06:50:16 pm,14.450,25.080000,0.8,1.9
04/13/2025 06:11:06 pm,14.500,20.910000,0.4,1.6,04/13/2025 06:12:29 pm,14.500,0.000000,0.4,1.7,04/13/2025 06:50:16 pm,14.500,25.370000,0.8,1.9
04/13/2025 06:11:06 pm,14.550,20.910000,0.4,1.6,04/13/2025 06:12:29 pm,14.550,0.000000,0.5,1.7,04/13/2025 06:50:16 pm,14.550,25.605000,0.8,1.9
04/13/2025 06:11:06 pm,14.600,20.910000,0.4,1.6,04/13/2025 06:12:29 pm,14.600,0.000000,0.4,1.6,04/13/2025 06:50:16 pm,14.600,25.645000,0.8,1.9
04/13/2025 06:11:06 pm,14.650,21.035000,0.4,1.6,04/13/2025 06:12:29 pm,14.650,0.000000,0.5,1.7,04/13/2025 06:50:16 pm,14.650,25.765000,0.8,1.9
04/13/2025 06:11:06 pm,14.700,21.205000,0.4,1.6,04/13/2025 06:12:29 pm,14.700,0.000000,0.4,1.6,04/13/2025 06:50:16 pm,14.700,25.905000,0.7,1.9
04/13/2025 06:11:06 pm,14.750,21.205000,0.4,1.6,04/13/2025 06:12:29 pm,14.750,0.000000,0.5,1.7,04/13/2025 06:50:16 pm,14.750,25.910000,0.7,1.9
04/13/2025 06:11:06 pm,14.800,21.205000,0.4,1.6,04/13/2025 06:12:29 pm,14.800,0.000000,0.4,1.6,04/13/2025 06:50:16 pm,14.800,25.995000,0.7,1.9
04/13/2025 06:11:06 pm,14.850,21.205000,0.4,1.6,04/13/2025 06:12:29 pm,14.850,0.000000,0.4,1.7,04/13/2025 06:50:16 pm,14.850,26.120000,0.7,1.8
04/13/2025 06:11:06 pm,14.900,21.205000,0.4,1.6,04/13/2025 06:12:29 pm,14.900,0.000000,0.5,1.7,04/13/2025 06:50:16 pm,14.900,26.310000,0.7,1.8
04/13/2025 06:11:06 pm,14.950,21.270000,0.4,1.6,04/13/2025 06:12:29 pm,14.950,0.000000,0.4,1.6,04/13/2025 06:50:16 pm,14.950,26.365000,0.7,1.8
04/13/2025 06:11:07 pm,15.000,21.570000,0.4,1.6,04/13/2025 06:12:30 pm,15.000,0.000000,0.4,1.6,04/13/2025 06:50:17 pm,15.000,26.370000,0.7,1.8
04/13/2025 06:11:07 pm,15.050,21.780000,0.4,1.6,04/13/2025 06:12:30 pm,15.050,0.000000,0.4,1.6,04/13/2025 06:50:17 pm,15.050,26.635000,0.6,1.8
04/13/2025 06:11:07 pm,15.100,22.375000,0.4,1.6,04/13/2025 06:12:30 pm,15.100,0.000000,0.5,1.7,04/13/2025 06:50:17 pm,15.100,26.820000,0.6,1.8
04/13/2025 06:11:07 pm,15.150,22.735000,0.4,1.6,04/13/2025 06:12:30 pm,15.150,0.000000,0.4,1.6,04/13/2025 06:50:17 pm,15.150,26.960000,0.6,1.8
04/13/2025 06:11:07 pm,15.200,22.845000,0.4,1.6,04/13/2025 06:12:30 pm,15.200,0.000000,0.4,1.6,04/13/2025 06:50:17 pm,15.200,26.970000,0.6,1.8
04/13/2025 06:11:07 pm,15.250,22.975000,0.4,1.6,04/13/2025 06:12:30 pm,15.250,0.000000,0.4,1.7,04/13/2025 06:50:17 pm,15.250,26.970000,0.6,1.8
04/13/2025 06:11:07 pm,15.300,23.325000,0.4,1.6,04/13/2025 06:12:30 pm,15.300,0.000000,0.4,1.6,04/13/2025 06:50:17 pm,15.300,27.100000,0.6,1.8
04/13/2025 06:11:07 pm,15.350,24.140000,0.4,1.6,04/13/2025 06:12:30 pm,15.350,0.000000,0.4,1.6,04/13/2025 06:50:17 pm,15.350,27.225000,0.6,1.8
04/13/2025 06:11:07 pm,15.400,24.295000,0.4,1.6,04/13/2025 06:12:30 pm,15.400,0.000000,0.4,1.7,04/13/2025 06:50:17 pm,15.400,27.255000,0.6,1.8
04/13/2025 06:11:07 pm,15.450,24.695000,0.4,1.6,04/13/2025 06:12:30 pm,15.450,0.000000,0.4,1.6,04/13/2025 06:50:17 pm,15.450,27.370000,0.6,1.8
04/13/2025 06:11:07 pm,15.500,24.940000,0.4,1.6,04/13/2025 06:12:30 pm,15.500,0.000000,0.4,1.6,04/13/2025 06:50:17 pm,15.500,27.455000,0.6,1.8
04/13/2025 06:11:07 pm,15.550,25.250000,0.4,1.6,04/13/2025 06:12:30 pm,15.550,0.000000,0.4,1.6,04/13/2025 06:50:17 pm,15.550,27.540000,0.6,1.7
04/13/2025 06:11:07 pm,15.600,25.635000,0.4,1.6,04/13/2025 06:12:30 pm,15.600,0.000000,0.4,1.6,04/13/2025 06:50:17 pm,15.600,27.700000,0.5,1.7
04/13/2025 06:11:07 pm,15.650,25.820000,0.4,1.6,04/13/2025 06:12:30 pm,15.650,0.000000,0.4,1.7,04/13/2025 06:50:17 pm,15.650,27.855000,0.5,1.7
04/13/2025 06:11:07 pm,15.700,26.275000,0.4,1.6,04/13/2025 06:12:30 pm,15.700,0.000000,0.4,1.7,04/13/2025 06:50:17 pm,15.700,28.090000,0.5,1.7
04/13/2025 06:11:07 pm,15.750,26.950000,0.4,1.6,04/13/2025 06:12:30 pm,15.750,0.000000,0.4,1.6,04/13/2025 06:50:17 pm,15.750,28.190000,0.5,1.7
04/13/2025 06:11:07 pm,15.800,27.160000,0.4,1.6,04/13/2025 06:12:30 pm,15.800,0.000000,0.4,1.6,04/13/2025 06:50:17 pm,15.800,28.190000,0.5,1.7
04/13/2025 06:11:07 pm,15.850,27.580000,0.4,1.6,04/13/2025 06:12:30 pm,15.850,0.000000,0.4,1.7,04/13/2025 06:50:17 pm,15.850,28.195000,0.5,1.7
04/13/2025 06:11:07 pm,15.900,28.155000,0.4,1.6,04/13/2025 06:12:30 pm,15.900,0.000000,0.5,1.7,04/13/2025 06:50:17 pm,15.900,28.345000,0.5,1.7
04/13/2025 06:11:07 pm,15.950,29.225000,0.4,1.6,04/13/2025 06:12:30 pm,15.950,0.000000,0.4,1.6,04/13/2025 06:50:17 pm,15.950,28.560000,0.5,1.7
04/13/2025 06:11:08 pm,16.000,29.890000,0.4,1.6,04/13/2025 06:12:31 pm,16.000,0.000000,0.4,1.7,04/13/2025 06:50:18 pm,16.000,28.865000,0.5,1.7
04/13/2025 06:11:08 pm,16.050,29.890000,0.4,1.6,04/13/2025 06:12:31 pm,16.050,0.000000,0.4,1.6,04/13/2025 06:50:18 pm,16.050,29.690000,0.5,1.7
04/13/2025 06:11:08 pm,16.100,29.890000,0.4,1.6,04/13/2025 06:12:31 pm,16.100,0.000000,0.4,1.6,04/13/2025 06:50:18 pm,16.100,30.010000,0.5,1.7
04/13/2025 06:11:08 pm,16.150,29.950000,0.4,1.6,04/13/2025 06:12:31 pm,16.150,0.000000,0.4,1.6,04/13/2025 06:50:18 pm,16.150,30.010000,0.5,1.7
04/13/2025 06:11:08 pm,16.200,30.420000,0.4,1.6,04/13/2025 06:12:31 pm,16.200,0.000000,0.4,1.7,04/13/2025 06:50:18 pm,16.200,30.010000,0.5,1.7
04/13/2025 06:11:08 pm,16.250,30.825000,0.4,1.6,04/13/2025 06:12:31 pm,16.250,0.000000,0.4,1.6,04/13/2025 06:50:18 pm,16.250,30.010000,0.5,1.7
04/13/2025 06:11:08 pm,16.300,30.840000,0.4,1.6,04/13/2025 06:12:31 pm,16.300,0.000000,0.5,1.7,04/13/2025 06:50:18 pm,16.300,30.010000,0.5,1.7
04/13/2025 06:11:08 pm,16.350,30.845000,0.4,1.6,04/13/2025 06:12:31 pm,16.350,0.000000,0.4,1.7,04/13/2025 06:50:18 pm,16.350,30.010000,0.5,1.7
04/13/2025 06:11:08 pm,16.400,30.845000,0.4,1.6,04/13/2025 06:12:31 pm,16.400,0.000000,0.5,1.7,04/13/2025 06:50:18 pm,16.400,30.150000,0.5,1.7
04/13/2025 06:11:08 pm,16.450,30.845000,0.4,1.6,04/13/2025 06:12:31 pm,16.450,0.000000,0.5,1.7,04/13/2025 06:50:18 pm,16.450,30.450000,0.5,1.7
04/13/2025 06:11:08 pm,16.500,30.845000,0.4,1.6,04/13/2025 06:12:31 pm,16.500,0.000000,0.4,1.6,04/13/2025 06:50:18 pm,16.500,30.650000,0.5,1.7
04/13/2025 06:11:08 pm,16.550,30.840000,0.4,1.6,04/13/2025 06:12:31 pm,16.550,0.000000,0.4,1.7,04/13/2025 06:50:18 pm,16.550,30.665000,0.5,1.7
04/13/2025 06:11:08 pm,16.600,30.840000,0.4,1.6,04/13/2025 06:12:31 pm,16.600,0.000000,0.4,1.7,04/13/2025 06:50:18 pm,16.600,30.790000,0.5,1.7
04/13/2025 06:11:08 pm,16.650,30.840000,0.4,1.6,04/13/2025 06:12:31 pm,16.650,0.000000,0.4,1.7,04/13/2025 06:50:18 pm,16.650,30.810000,0.5,1.7
04/13/2025 06:11:08 pm,16.700,30.840000,0.4,1.6,04/13/2025 06:12:31 pm,16.700,0.000000,0.4,1.6,04/13/2025 06:50:18 pm,16.700,30.880000,0.5,1.7
04/13/2025 06:11:08 pm,16.750,30.845000,0.4,1.6,04/13/2025 06:12:31 pm,16.750,0.000000,0.4,1.6,04/13/2025 06:50:18 pm,16.750,31.165000,0.5,1.7
04/13/2025 06:11:08 pm,16.800,30.845000,0.4,1.6,04/13/2025 06:12:31 pm,16.800,0.000000,0.4,1.7,04/13/2025 06:50:18 pm,16.800,31.330000,0.5,1.7
04/13/2025 06:11:08 pm,16.850,30.845000,0.4,1.6,04/13/2025 06:12:31 pm,16.850,0.000000,0.4,1.6,04/13/2025 06:50:18 pm,16.850,31.415000,0.5,1.7
04/13/2025 06:11:08 pm,16.900,30.880000,0.4,1.6,04/13/2025 06:12:31 pm,16.900,0.000000,0.4,1.6,04/13/2025 06:50:18 pm,16.900,31.515000,0.5,1.7
04/13/2025 06:11:08 pm,16.950,30.980000,0.4,1.6,04/13/2025 06:12:31 pm,16.950,0.000000,0.4,1.6,04/13/2025 06:50:18 pm,16.950,31.795000,0.5,1.7
04/13/2025 06:11:09 pm,17.000,30.980000,0.4,1.6,04/13/2025 06:12:32 pm,17.000,0.000000,0.5,1.7,04/13/2025 06:50:19 pm,17.000,32.200000,0.5,1.7
04/13/2025 06:11:09 pm,17.050,30.980000,0.4,1.6,04/13/2025 06:12:32 pm,17.050,0.000000,0.4,1.7,04/13/2025 06:50:19 pm,17.050,32.365000,0.5,1.7
04/13/2025 06:11:09 pm,17.100,30.980000,0.4,1.6,04/13/2025 06:12:32 pm,17.100,0.000000,0.4,1.6,04/13/2025 06:50:19 pm,17.100,32.450000,0.5,1.7
04/13/2025 06:11:09 pm,17.150,31.080000,0.4,1.6,04/13/2025 06:12:32 pm,17.150,0.000000,0.4,1.7,04/13/2025 06:50:19 pm,17.150,32.865000,0.5,1.7
04/13/2025 06:11:09 pm,17.200,31.670000,0.4,1.6,04/13/2025 06:12:32 pm,17.200,0.000000,0.4,1.7,04/13/2025 06:50:19 pm,17.200,33.175000,0.5,1.7
04/13/2025 06:11:09 pm,17.250,31.920000,0.4,1.6,04/13/2025 06:12:32 pm,17.250,0.000000,0.4,1.6,04/13/2025 06:50:19 pm,17.250,33.310000,0.5,1.7
04/13/2025 06:11:09 pm,17.300,32.155000,0.4,1.6,04/13/2025 06:12:32 pm,17.300,0.000000,0.4,1.6,04/13/2025 06:50:19 pm,17.300,33.505000,0.5,1.7
04/13/2025 06:11:09 pm,17.350,32.565000,0.4,1.6,04/13/2025 06:12:32 pm,17.350,0.000000,0.4,1.6,04/13/2025 06:50:19 pm,17.350,33.750000,0.5,1.7
04/13/2025 06:11:09 pm,17.400,32.620000,0.4,1.6,04/13/2025 06:12:32 pm,17.400,0.000000,0.4,1.6,04/13/2025 06:50:19 pm,17.400,33.995000,0.5,1.7
04/13/2025 06:11:09 pm,17.450,32.695000,0.4,1.6,04/13/2025 06:12:32 pm,17.450,0.000000,0.4,1.6,04/13/2025 06:50:19 pm,17.450,34.145000,0.5,1.7
04/13/2025 06:11:09 pm,17.500,32.715000,0.4,1.6,04/13/2025 06:12:32 pm,17.500,0.000000,0.4,1.7,04/13/2025 06:50:19 pm,17.500,34.310000,0.5,1.7
04/13/2025 06:11:09 pm,17.550,32.955000,0.4,1.6,04/13/2025 06:12:32 pm,17.550,0.000000,0.4,1.7,04/13/2025 06:50:19 pm,17.550,34.480000,0.5,1.7
04/13/2025 06:11:09 pm,17.600,33.420000,0.4,1.6,04/13/2025 06:12:32 pm,17.600,0.000000,0.4,1.6,04/13/2025 06:50:19 pm,17.600,34.625000,0.5,1.7
04/13/2025 06:11:09 pm,17.650,33.855000,0.4,1.6,04/13/2025 06:12:32 pm,17.650,0.000000,0.4,1.7,04/13/2025 06:50:19 pm,17.650,34.725000,0.5,1.7
04/13/2025 06:11:09 pm,17.700,34.255000,0.4,1.6,04/13/2025 06:12:32 pm,17.700,0.000000,0.4,1.7,04/13/2025 06:50:19 pm,17.700,34.780000,0.5,1.7
04/13/2025 06:11:09 pm,17.750,34.580000,0.4,1.6,04/13/2025 06:12:32 pm,17.750,0.000000,0.4,1.6,04/13/2025 06:50:19 pm,17.750,34.915000,0.5,1.7
04/13/2025 06:11:09 pm,17.800,34.900000,0.4,1.6,04/13/2025 06:12:32 pm,17.800,0.000000,0.4,1.6,04/13/2025 06:50:19 pm,17.800,35.045000,0.6,1.7
04/13/2025 06:11:09 pm,17.850,35.195000,0.4,1.6,04/13/2025 06:12:32 pm,17.850,0.000000,0.4,1.6,04/13/2025 06:50:19 pm,17.850,35.130000,0.5,1.7
04/13/2025 06:11:09 pm,17.900,35.515000,0.4,1.6,04/13/2025 06:12:32 pm,17.900,0.000000,0.4,1.6,04/13/2025 06:50:19 pm,17.900,35.310000,0.6,1.7
04/13/2025 06:11:09 pm,17.950,35.775000,0.4,1.6,04/13/2025 06:12:32 pm,17.950,0.000000,0.4,1.6,04/13/2025 06:50:19 pm,17.950,35.405000,0.6,1.8
04/13/2025 06:11:10 pm,18.000,36.025000,0.4,1.6,04/13/2025 06:12:33 pm,18.000,0.000000,0.4,1.6,04/13/2025 06:50:20 pm,18.000,35.450000,0.6,1.7
04/13/2025 06:11:10 pm,18.050,36.075000,0.4,1.6,04/13/2025 06:12:33 pm,18.050,0.000000,0.4,1.6,04/13/2025 06:50:20 pm,18.050,35.665000,0.6,1.8
04/13/2025 06:11:10 pm,18.100,36.265000,0.4,1.6,04/13/2025 06:12:33 pm,18.100,0.000000,0.4,1.7,04/13/2025 06:50:20 pm,18.100,35.865000,0.6,1.8
04/13/2025 06:11:10 pm,18.150,36.640000,0.4,1.6,04/13/2025 06:12:33 pm,18.150,0.000000,0.4,1.6,04/13/2025 06:50:20 pm,18.150,35.990000,0.6,1.8
04/13/2025 06:11:10 pm,18.200,36.685000,0.4,1.6,04/13/2025 06:12:33 pm,18.200,0.000000,0.4,1.7,04/13/2025 06:50:20 pm,18.200,36.205000,0.6,1.8
04/13/2025 06:11:10 pm,18.250,36.780000,0.4,1.6,04/13/2025 06:12:33 pm,18.250,0.000000,0.4,1.7,04/13/2025 06:50:20 pm,18.250,36.205000,0.6,1.8
04/13/2025 06:11:10 pm,18.300,37.025000,0.4,1.6,04/13/2025 06:12:33 pm,18.300,0.000000,0.4,1.7,04/13/2025 06:50:20 pm,18.300,36.300000,0.6,1.8
04/13/2025 06:11:10 pm,18.350,37.155000,0.4,1.6,04/13/2025 06:12:33 pm,18.350,0.000000,0.4,1.7,04/13/2025 06:50:20 pm,18.350,36.300000,0.6,1.8
04/13/2025 06:11:10 pm,18.400,37.280000,0.4,1.6,04/13/2025 06:12:33 pm,18.400,0.000000,0.4,1.7,04/13/2025 06:50:20 pm,18.400,36.410000,0.6,1.8
04/13/2025 06:11:10 pm,18.450,37.775000,0.4,1.6,04/13/2025 06:12:33 pm,18.450,0.000000,0.4,1.7,04/13/2025 06:50:20 pm,18.450,36.600000,0.6,1.8
04/13/2025 06:11:10 pm,18.500,38.875000,0.4,1.6,04/13/2025 06:12:33 pm,18.500,0.000000,0.4,1.6,04/13/2025 06:50:20 pm,18.500,36.830000,0.6,1.8
04/13/2025 06:11:10 pm,18.550,39.615000,0.4,1.6,04/13/2025 06:12:33 pm,18.550,0.000000,0.4,1.6,04/13/2025 06:50:20 pm,18.550,37.190000,0.6,1.8
04/13/2025 06:11:10 pm,18.600,39.615000,0.4,1.6,04/13/2025 06:12:33 pm,18.600,0.000000,0.4,1.6,04/13/2025 06:50:20 pm,18.600,37.480000,0.6,1.8
04/13/2025 06:11:10 pm,18.650,39.705000,0.4,1.6,04/13/2025 06:12:33 pm,18.650,0.000000,0.4,1.6,04/13/2025 06:50:20 pm,18.650,37.745000,0.6,1.8
04/13/2025 06:11:10 pm,18.700,40.135000,0.4,1.6,04/13/2025 06:12:33 pm,18.700,0.000000,0.4,1.6,04/13/2025 06:50:20 pm,18.700,37.785000,0.6,1.8
04/13/2025 06:11:10 pm,18.750,40.305000,0.4,1.6,04/13/2025 06:12:33 pm,18.750,0.000000,0.4,1.6,04/13/2025 06:50:20 pm,18.750,37.835000,0.6,1.8
04/13/2025 06:11:10 pm,18.800,40.640000,0.4,1.6,04/13/2025 06:12:33 pm,18.800,0.000000,0.4,1.6,04/13/2025 06:50:20 pm,18.800,38.035000,0.6,1.8
04/13/2025 06:11:10 pm,18.850,40.895000,0.4,1.6,04/13/2025 06:12:33 pm,18.850,0.000000,0.4,1.7,04/13/2025 06:50:20 pm,18.850,38.105000,0.7,1.8
04/13/2025 06:11:10 pm,18.900,41.195000,0.4,1.6,04/13/2025 06:12:33 pm,18.900,0.000000,0.4,1.7,04/13/2025 06:50:20 pm,18.900,38.470000,0.7,1.8
04/13/2025 06:11:10 pm,18.950,41.435000,0.4,1.6,04/13/2025 06:12:33 pm,18.950,0.000000,0.4,1.7,04/13/2025 06:50:20 pm,18.950,38.830000,0.7,1.8
04/13/2025 06:11:11 pm,19.000,41.710000,0.4,1.6,04/13/2025 06:12:34 pm,19.000,0.000000,0.4,1.6,04/13/2025 06:50:21 pm,19.000,39.165000,0.7,1.8
04/13/2025 06:11:11 pm,19.050,41.820000,0.4,1.6,04/13/2025 06:12:34 pm,19.050,0.000000,0.4,1.6,04/13/2025 06:50:21 pm,19.050,39.185000,0.7,1.8
04/13/2025 06:11:11 pm,19.100,41.985000,0.4,1.6,04/13/2025 06:12:34 pm,19.100,0.000000,0.4,1.6,04/13/2025 06:50:21 pm,19.100,39.185000,0.7,1.8
04/13/2025 06:11:11 pm,19.150,42.020000,0.4,1.6,04/13/2025 06:12:34 pm,19.150,0.000000,0.4,1.6,04/13/2025 06:50:21 pm,19.150,39.185000,0.7,1.8
04/13/2025 06:11:11 pm,19.200,42.140000,0.4,1.6,04/13/2025 06:12:34 pm,19.200,0.000000,0.4,1.6,04/13/2025 06:50:21 pm,19.200,39.225000,0.7,1.8
04/13/2025 06:11:11 pm,19.250,42.315000,0.4,1.6,04/13/2025 06:12:34 pm,19.250,0.000000,0.4,1.7,04/13/2025 06:50:21 pm,19.250,39.630000,0.7,1.8
04/13/2025 06:11:11 pm,19.300,42.585000,0.4,1.6,04/13/2025 06:12:34 pm,19.300,0.000000,0.4,1.6,04/13/2025 06:50:21 pm,19.300,39.760000,0.7,1.8
04/13/2025 06:11:11 pm,19.350,43.130000,0.4,1.6,04/13/2025 06:12:34 pm,19.350,0.000000,0.4,1.7,04/13/2025 06:50:21 pm,19.350,39.760000,0.7,1.8
04/13/2025 06:11:11 pm,19.400,43.725000,0.4,1.6,04/13/2025 06:12:34 pm,19.400,0.000000,0.4,1.6,04/13/2025 06:50:21 pm,19.400,39.765000,0.7,1.8
04/13/2025 06:11:11 pm,19.450,44.235000,0.4,1.6,04/13/2025 06:12:34 pm,19.450,0.000000,0.4,1.6,04/13/2025 06:50:21 pm,19.450,39.870000,0.7,1.8
04/13/2025 06:11:11 pm,19.500,44.705000,0.4,1.6,04/13/2025 06:12:34 pm,19.500,0.000000,0.4,1.6,04/13/2025 06:50:21 pm,19.500,40.195000,0.7,1.8
04/13/2025 06:11:11 pm,19.550,45.165000,0.4,1.6,04/13/2025 06:12:34 pm,19.550,0.000000,0.5,1.7,04/13/2025 06:50:21 pm,19.550,40.395000,0.7,1.8
04/13/2025 06:11:11 pm,19.600,45.490000,0.4,1.6,04/13/2025 06:12:34 pm,19.600,0.000000,0.4,1.6,04/13/2025 06:50:21 pm,19.600,40.435000,0.7,1.8
04/13/2025 06:11:11 pm,19.650,45.720000,0.4,1.6,04/13/2025 06:12:34 pm,19.650,0.000000,0.4,1.7,04/13/2025 06:50:21 pm,19.650,40.465000,0.7,1.8
04/13/2025 06:11:11 pm,19.700,45.965000,0.4,1.6,04/13/2025 06:12:34 pm,19.700,0.000000,0.4,1.7,04/13/2025 06:50:21 pm,19.700,40.790000,0.7,1.8
04/13/2025 06:11:11 pm,19.750,46.115000,0.4,1.6,04/13/2025 06:12:34 pm,19.750,0.000000,0.5,1.7,04/13/2025 06:50:21 pm,19.750,41.255000,0.7,1.9
04/13/2025 06:11:11 pm,19.800,46.115000,0.4,1.6,04/13/2025 06:12:34 pm,19.800,0.000000,0.5,1.7,04/13/2025 06:50:21 pm,19.800,41.325000,0.7,1.8
04/13/2025 06:11:11 pm,19.850,46.115000,0.4,1.6,04/13/2025 06:12:34 pm,19.850,0.000000,0.4,1.6,04/13/2025 06:50:21 pm,19.850,41.325000,0.7,1.8
04/13/2025 06:11:11 pm,19.900,46.115000,0.4,1.6,04/13/2025 06:12:34 pm,19.900,0.000000,0.4,1.7,04/13/2025 06:50:21 pm,19.900,41.475000,0.7,1.9
04/13/2025 06:11:11 pm,19.950,46.115000,0.4,1.6,04/13/2025 06:12:34 pm,19.950,0.000000,0.4,1.7,04/13/2025 06:50:21 pm,19.950,41.800000,0.7,1.9
04/13/2025 06:11:12 pm,20.000,46.115000,0.4,1.6,04/13/2025 06:12:35 pm,20.000,0.000000,0.4,1.6,04/13/2025 06:50:22 pm,20.000,42.045000,0.7,1.8
04/13/2025 06:11:12 pm,20.050,46.115000,0.4,1.6,04/13/2025 06:12:35 pm,20.050,0.000000,0.4,1.6,04/13/2025 06:50:22 pm,20.050,42.175000,0.7,1.8
04/13/2025 06:11:12 pm,20.100,46.115000,0.4,1.6,04/13/2025 06:12:35 pm,20.100,0.000000,0.4,1.7,04/13/2025 06:50:22 pm,20.100,42.515000,0.7,1.9
04/13/2025 06:11:12 pm,20.150,46.120000,0.4,1.6,04/13/2025 06:12:35 pm,20.150,0.000000,0.4,1.6,04/13/2025 06:50:22 pm,20.150,42.860000,0.7,1.9
04/13/2025 06:11:12 pm,20.200,46.125000,0.4,1.6,04/13/2025 06:12:35 pm,20.200,0.000000,0.4,1.6,04/13/2025 06:50:22 pm,20.200,43.090000,0.7,1.9
04/13/2025 06:11:12 pm,20.250,46.130000,0.4,1.6,04/13/2025 06:12:35 pm,20.250,0.000000,0.4,1.6,04/13/2025 06:50:22 pm,20.250,43.335000,0.7,1.9
04/13/2025 06:11:12 pm,20.300,46.140000,0.4,1.6,04/13/2025 06:12:35 pm,20.300,0.000000,0.4,1.6,04/13/2025 06:50:22 pm,20.300,43.525000,0.7,1.9
04/13/2025 06:11:12 pm,20.350,46.140000,0.4,1.6,04/13/2025 06:12:35 pm,20.350,0.000000,0.5,1.7,04/13/2025 06:50:22 pm,20.350,43.620000,0.7,1.8
04/13/2025 06:11:12 pm,20.400,46.140000,0.4,1.6,04/13/2025 06:12:35 pm,20.400,0.000000,0.4,1.6,04/13/2025 06:50:22 pm,20.400,43.785000,0.7,1.8
04/13/2025 06:11:12 pm,20.450,46.055000,0.4,1.6,04/13/2025 06:12:35 pm,20.450,0.000000,0.4,1.7,04/13/2025 06:50:22 pm,20.450,43.990000,0.7,1.8
04/13/2025 06:11:12 pm,20.500,45.950000,0.4,1.6,04/13/2025 06:12:35 pm,20.500,0.000000,0.4,1.7,04/13/2025 06:50:22 pm,20.500,44.135000,0.7,1.8
04/13/2025 06:11:12 pm,20.550,45.945000,0.4,1.6,04/13/2025 06:12:35 pm,20.550,0.000000,0.4,1.6,04/13/2025 06:50:22 pm,20.550,44.275000,0.7,1.8
04/13/2025 06:11:12 pm,20.600,45.945000,0.4,1.6,04/13/2025 06:12:35 pm,20.600,0.000000,0.5,1.7,04/13/2025 06:50:22 pm,20.600,44.455000,0.7,1.8
04/13/2025 06:11:12 pm,20.650,45.975000,0.4,1.6,04/13/2025 06:12:35 pm,20.650,0.000000,0.4,1.6,04/13/2025 06:50:22 pm,20.650,44.680000,0.7,1.8
04/13/2025 06:11:12 pm,20.700,46.000000,0.4,1.6,04/13/2025 06:12:35 pm,20.700,0.000000,0.5,1.7,04/13/2025 06:50:22 pm,20.700,44.775000,0.7,1.8
04/13/2025 06:11:12 pm,20.750,46.050000,0.4,1.6,04/13/2025 06:12:35 pm,20.750,0.000000,0.5,1.7,04/13/2025 06:50:22 pm,20.750,44.830000,0.7,1.8
04/13/2025 06:11:12 pm,20.800,46.060000,0.4,1.6,04/13/2025 06:12:35 pm,20.800,0.000000,0.4,1.6,04/13/2025 06:50:22 pm,20.800,45.125000,0.7,1.8
04/13/2025 06:11:12 pm,20.850,46.060000,0.4,1.6,04/13/2025 06:12:35 pm,20.850,0.000000,0.4,1.6,04/13/2025 06:50:22 pm,20.850,45.390000,0.7,1.8
04/13/2025 06:11:12 pm,20.900,46.060000,0.4,1.6,04/13/2025 06:12:35 pm,20.900,0.000000,0.5,1.7,04/13/2025 06:50:22 pm,20.900,45.575000,0.7,1.8
04/13/2025 06:11:12 pm,20.950,46.060000,0.4,1.6,04/13/2025 06:12:35 pm,20.950,0.000000,0.4,1.7,04/13/2025 06:50:22 pm,20.950,45.730000,0.7,1.8
04/13/2025 06:11:13 pm,21.000,46.060000,0.4,1.6,04/13/2025 06:12:36 pm,21.000,0.000000,0.5,1.7,04/13/2025 06:50:23 pm,21.000,45.860000,0.7,1.8
04/13/2025 06:11:13 pm,21.050,46.060000,0.4,1.6,04/13/2025 06:12:36 pm,21.050,0.000000,0.5,1.7,04/13/2025 06:50:23 pm,21.050,46.090000,0.7,1.8
04/13/2025 06:11:13 pm,21.100,46.060000,0.4,1.6,04/13/2025 06:12:36 pm,21.100,0.000000,0.4,1.7,04/13/2025 06:50:23 pm,21.100,46.475000,0.7,1.8
04/13/2025 06:11:13 pm,21.150,46.060000,0.4,1.6,04/13/2025 06:12:36 pm,21.150,0.000000,0.4,1.7,04/13/2025 06:50:23 pm,21.150,46.685000,0.6,1.8
04/13/2025 06:11:13 pm,21.200,46.060000,0.4,1.6,04/13/2025 06:12:36 pm,21.200,0.000000,0.5,1.7,04/13/2025 06:50:23 pm,21.200,46.695000,0.7,1.8
04/13/2025 06:11:13 pm,21.250,46.060000,0.4,1.6,04/13/2025 06:12:36 pm,21.250,0.000000,0.4,1.6,04/13/2025 06:50:23 pm,21.250,46.840000,0.7,1.8
04/13/2025 06:11:13 pm,21.300,46.060000,0.4,1.6,04/13/2025 06:12:36 pm,21.300,0.000000,0.4,1.6,04/13/2025 06:50:23 pm,21.300,47.115000,0.6,1.8
04/13/2025 06:11:13 pm,21.350,46.060000,0.4,1.6,04/13/2025 06:12:36 pm,21.350,0.000000,0.4,1.7,04/13/2025 06:50:23 pm,21.350,47.435000,0.6,1.8
04/13/2025 06:11:13 pm,21.400,46.060000,0.4,1.6,04/13/2025 06:12:36 pm,21.400,0.000000,0.4,1.6,04/13/2025 06:50:23 pm,21.400,47.620000,0.6,1.8
04/13/2025 06:11:13 pm,21.450,46.065000,0.4,1.6,04/13/2025 06:12:36 pm,21.450,0.000000,0.4,1.7,04/13/2025 06:50:23 pm,21.450,47.620000,0.6,1.8
04/13/2025 06:11:13 pm,21.500,46.250000,0.4,1.6,04/13/2025 06:12:36 pm,21.500,0.000000,0.4,1.6,04/13/2025 06:50:23 pm,21.500,47.620000,0.6,1.8
04/13/2025 06:11:13 pm,21.550,46.520000,0.4,1.6,04/13/2025 06:12:36 pm,21.550,0.000000,0.4,1.6,04/13/2025 06:50:23 pm,21.550,47.620000,0.6,1.8
04/13/2025 06:11:13 pm,21.600,46.820000,0.4,1.6,04/13/2025 06:12:36 pm,21.600,0.000000,0.4,1.6,04/13/2025 06:50:23 pm,21.600,47.620000,0.6,1.8
04/13/2025 06:11:13 pm,21.650,47.100000,0.4,1.6,04/13/2025 06:12:36 pm,21.650,0.000000,0.5,1.7,04/13/2025 06:50:23 pm,21.650,47.620000,0.6,1.8
04/13/2025 06:11:13 pm,21.700,47.340000,0.4,1.6,04/13/2025 06:12:36 pm,21.700,0.000000,0.4,1.7,04/13/2025 06:50:23 pm,21.700,47.760000,0.6,1.8
04/13/2025 06:11:13 pm,21.750,47.460000,0.4,1.6,04/13/2025 06:12:36 pm,21.750,0.000000,0.4,1.7,04/13/2025 06:50:23 pm,21.750,47.765000,0.6,1.8
04/13/2025 06:11:13 pm,21.800,47.645000,0.4,1.6,04/13/2025 06:12:36 pm,21.800,0.000000,0.4,1.6,04/13/2025 06:50:23 pm,21.800,47.875000,0.6,1.8
04/13/2025 06:11:13 pm,21.850,47.795000,0.4,1.6,04/13/2025 06:12:36 pm,21.850,0.000000,0.4,1.6,04/13/2025 06:50:23 pm,21.850,48.105000,0.6,1.8
04/13/2025 06:11:13 pm,21.900,47.860000,0.4,1.6,04/13/2025 06:12:36 pm,21.900,0.000000,0.5,1.7,04/13/2025 06:50:23 pm,21.900,48.495000,0.6,1.8
04/13/2025 06:11:13 pm,21.950,48.045000,0.4,1.6,04/13/2025 06:12:36 pm,21.950,0.000000,0.4,1.6,04/13/2025 06:50:23 pm,21.950,48.890000,0.6,1.8
04/13/2025 06:11:14 pm,22.000,48.600000,0.4,1.6,04/13/2025 06:12:37 pm,22.000,0.000000,0.4,1.7,04/13/2025 06:50:24 pm,22.000,49.160000,0.6,1.8
04/13/2025 06:11:14 pm,22.050,49.740000,0.4,1.6,04/13/2025 06:12:37 pm,22.050,0.000000,0.4,1.7,04/13/2025 06:50:24 pm,22.050,49.210000,0.6,1.8
04/13/2025 06:11:14 pm,22.100,51.125000,0.4,1.6,04/13/2025 06:12:37 pm,22.100,0.000000,0.4,1.7,04/13/2025 06:50:24 pm,22.100,49.210000,0.6,1.8
04/13/2025 06:11:14 pm,22.150,51.235000,0.4,1.6,04/13/2025 06:12:37 pm,22.150,0.000000,0.4,1.6,04/13/2025 06:50:24 pm,22.150,49.210000,0.6,1.8
04/13/2025 06:11:14 pm,22.200,51.235000,0.4,1.6,04/13/2025 06:12:37 pm,22.200,0.000000,0.4,1.7,04/13/2025 06:50:24 pm,22.200,49.250000,0.6,1.8
04/13/2025 06:11:14 pm,22.250,51.235000,0.4,1.6,04/13/2025 06:12:37 pm,22.250,0.000000,0.5,1.7,04/13/2025 06:50:24 pm,22.250,49.945000,0.6,1.8
04/13/2025 06:11:14 pm,22.300,51.235000,0.4,1.6,04/13/2025 06:12:37 pm,22.300,0.000000,0.4,1.7,04/13/2025 06:50:24 pm,22.300,50.535000,0.5,1.7
04/13/2025 06:11:14 pm,22.350,51.235000,0.4,1.6,04/13/2025 06:12:37 pm,22.350,0.000000,0.4,1.7,04/13/2025 06:50:24 pm,22.350,50.905000,0.5,1.7
04/13/2025 06:11:14 pm,22.400,51.240000,0.4,1.6,04/13/2025 06:12:37 pm,22.400,0.000000,0.4,1.7,04/13/2025 06:50:24 pm,22.400,50.995000,0.5,1.7
04/13/2025 06:11:14 pm,22.450,51.280000,0.4,1.6,04/13/2025 06:12:37 pm,22.450,0.000000,0.4,1.7,04/13/2025 06:50:24 pm,22.450,51.230000,0.5,1.7
04/13/2025 06:11:14 pm,22.500,51.390000,0.4,1.6,04/13/2025 06:12:37 pm,22.500,0.000000,0.5,1.7,04/13/2025 06:50:24 pm,22.500,51.390000,0.5,1.7
04/13/2025 06:11:14 pm,22.550,51.700000,0.4,1.6,04/13/2025 06:12:37 pm,22.550,0.000000,0.4,1.6,04/13/2025 06:50:24 pm,22.550,51.530000,0.5,1.7
04/13/2025 06:11:14 pm,22.600,51.915000,0.4,1.6,04/13/2025 06:12:37 pm,22.600,0.000000,0.4,1.6,04/13/2025 06:50:24 pm,22.600,51.615000,0.5,1.7
04/13/2025 06:11:14 pm,22.650,52.105000,0.4,1.6,04/13/2025 06:12:37 pm,22.650,0.000000,0.4,1.6,04/13/2025 06:50:24 pm,22.650,52.020000,0.5,1.7
04/13/2025 06:11:14 pm,22.700,52.295000,0.4,1.6,04/13/2025 06:12:37 pm,22.700,0.000000,0.4,1.6,04/13/2025 06:50:24 pm,22.700,52.410000,0.5,1.7
04/13/2025 06:11:14 pm,22.750,52.460000,0.4,1.6,04/13/2025 06:12:37 pm,22.750,0.000000,0.4,1.7,04/13/2025 06:50:24 pm,22.750,52.695000,0.5,1.7
04/13/2025 06:11:14 pm,22.800,52.680000,0.4,1.6,04/13/2025 06:12:37 pm,22.800,0.000000,0.4,1.7,04/13/2025 06:50:24 pm,22.800,53.015000,0.5,1.7
04/13/2025 06:11:14 pm,22.850,53.000000,0.4,1.6,04/13/2025 06:12:37 pm,22.850,0.000000,0.5,1.7,04/13/2025 06:50:24 pm,22.850,53.250000,0.5,1.7
04/13/2025 06:11:14 pm,22.900,53.485000,0.4,1.6,04/13/2025 06:12:37 pm,22.900,0.000000,0.4,1.6,04/13/2025 06:50:24 pm,22.900,53.560000,0.5,1.7
04/13/2025 06:11:14 pm,22.950,53.940000,0.4,1.6,04/13/2025 06:12:37 pm,22.950,0.000000,0.5,1.7,04/13/2025 06:50:24 pm,22.950,53.755000,0.5,1.7
04/13/2025 06:11:15 pm,23.000,54.320000,0.4,1.6,04/13/2025 06:12:38 pm,23.000,0.000000,0.5,1.7,04/13/2025 06:50:25 pm,23.000,54.025000,0.5,1.7
04/13/2025 06:11:15 pm,23.050,54.745000,0.4,1.6,04/13/2025 06:12:38 pm,23.050,0.000000,0.5,1.7,04/13/2025 06:50:25 pm,23.050,54.345000,0.5,1.7
04/13/2025 06:11:15 pm,23.100,55.125000,0.4,1.6,04/13/2025 06:12:38 pm,23.100,0.000000,0.4,1.7,04/13/2025 06:50:25 pm,23.100,54.690000,0.5,1.7
04/13/2025 06:11:15 pm,23.150,55.345000,0.4,1.6,04/13/2025 06:12:38 pm,23.150,0.000000,0.4,1.6,04/13/2025 06:50:25 pm,23.150,54.970000,0.5,1.7
04/13/2025 06:11:15 pm,23.200,55.720000,0.4,1.6,04/13/2025 06:12:38 pm,23.200,0.000000,0.4,1.6,04/13/2025 06:50:25 pm,23.200,55.200000,0.5,1.7
04/13/2025 06:11:15 pm,23.250,56.050000,0.4,1.6,04/13/2025 06:12:38 pm,23.250,0.000000,0.4,1.7,04/13/2025 06:50:25 pm,23.250,55.350000,0.5,1.7
04/13/2025 06:11:15 pm,23.300,56.380000,0.4,1.6,04/13/2025 06:12:38 pm,23.300,0.000000,0.5,1.7,04/13/2025 06:50:25 pm,23.300,55.450000,0.5,1.7
04/13/2025 06:11:15 pm,23.350,56.715000,0.4,1.6,04/13/2025 06:12:38 pm,23.350,0.000000,0.4,1.6,04/13/2025 06:50:25 pm,23.350,55.690000,0.5,1.7
04/13/2025 06:11:15 pm,23.400,57.240000,0.5,1.7,04/13/2025 06:12:38 pm,23.400,0.000000,0.4,1.6,04/13/2025 06:50:25 pm,23.400,56.100000,0.5,1.7
04/13/2025 06:11:15 pm,23.450,57.380000,0.4,1.6,04/13/2025 06:12:38 pm,23.450,0.000000,0.5,1.7,04/13/2025 06:50:25 pm,23.450,56.395000,0.5,1.7
04/13/2025 06:11:15 pm,23.500,57.390000,0.4,1.6,04/13/2025 06:12:38 pm,23.500,0.000000,0.4,1.7,04/13/2025 06:50:25 pm,23.500,56.595000,0.4,1.6
04/13/2025 06:11:15 pm,23.550,57.400000,0.4,1.6,04/13/2025 06:12:38 pm,23.550,0.000000,0.4,1.6,04/13/2025 06:50:25 pm,23.550,56.775000,0.4,1.6
04/13/2025 06:11:15 pm,23.600,57.435000,0.4,1.6,04/13/2025 06:12:38 pm,23.600,0.000000,0.4,1.6,04/13/2025 06:50:25 pm,23.600,56.970000,0.5,1.7
04/13/2025 06:11:15 pm,23.650,57.470000,0.4,1.6,04/13/2025 06:12:38 pm,23.650,0.000000,0.5,1.7,04/13/2025 06:50:25 pm,23.650,57.350000,0.4,1.6
04/13/2025 06:11:15 pm,23.700,57.640000,0.4,1.6,04/13/2025 06:12:38 pm,23.700,0.000000,0.5,1.7,04/13/2025 06:50:25 pm,23.700,57.685000,0.4,1.6
04/13/2025 06:11:15 pm,23.750,58.300000,0.5,1.7,04/13/2025 06:12:38 pm,23.750,0.000000,0.5,1.7,04/13/2025 06:50:25 pm,23.750,57.775000,0.4,1.6
04/13/2025 06:11:15 pm,23.800,59.380000,0.4,1.6,04/13/2025 06:12:38 pm,23.800,0.000000,0.4,1.6,04/13/2025 06:50:25 pm,23.800,58.110000,0.4,1.6
04/13/2025 06:11:15 pm,23.850,60.930000,0.5,1.7,04/13/2025 06:12:38 pm,23.850,0.000000,0.5,1.7,04/13/2025 06:50:25 pm,23.850,58.345000,0.4,1.6
04/13/2025 06:11:15 pm,23.900,61.225000,0.4,1.6,04/13/2025 06:12:38 pm,23.900,0.000000,0.4,1.7,04/13/2025 06:50:25 pm,23.900,58.645000,0.4,1.6
04/13/2025 06:11:15 pm,23.950,61.225000,0.4,1.6,04/13/2025 06:12:38 pm,23.950,0.000000,0.4,1.6,04/13/2025 06:50:25 pm,23.950,58.865000,0.4,1.6
04/13/2025 06:11:16 pm,24.000,61.225000,0.4,1.6,04/13/2025 06:12:39 pm,24.000,0.000000,0.5,1.7,04/13/2025 06:50:26 pm,24.000,58.900000,0.4,1.6
04/13/2025 06:11:16 pm,24.050,61.225000,0.4,1.6,04/13/2025 06:12:39 pm,24.050,0.000000,0.5,1.7,04/13/2025 06:50:26 pm,24.050,59.090000,0.4,1.6
04/13/2025 06:11:16 pm,24.100,61.225000,0.4,1.6,04/13/2025 06:12:39 pm,24.100,0.000000,0.5,1.7,04/13/2025 06:50:26 pm,24.100,59.345000,0.4,1.6
04/13/2025 06:11:16 pm,24.150,61.225000,0.4,1.6,04/13/2025 06:12:39 pm,24.150,0.000000,0.4,1.7,04/13/2025 06:50:26 pm,24.150,59.770000,0.4,1.6
04/13/2025 06:11:16 pm,24.200,61.225000,0.4,1.6,04/13/2025 06:12:39 pm,24.200,0.000000,0.5,1.7,04/13/2025 06:50:26 pm,24.200,60.130000,0.4,1.6
04/13/2025 06:11:16 pm,24.250,61.225000,0.4,1.6,04/13/2025 06:12:39 pm,24.250,0.000000,0.4,1.6,04/13/2025 06:50:26 pm,24.250,60.490000,0.5,1.7
04/13/2025 06:11:16 pm,24.300,61.225000,0.4,1.6,04/13/2025 06:12:39 pm,24.300,0.000000,0.5,1.7,04/13/2025 06:50:26 pm,24.300,60.625000,0.4,1.6
04/13/2025 06:11:16 pm,24.350,61.225000,0.4,1.6,04/13/2025 06:12:39 pm,24.350,0.000000,0.5,1.7,04/13/2025 06:50:26 pm,24.350,60.910000,0.4,1.6
04/13/2025 06:11:16 pm,24.400,61.590000,0.4,1.6,04/13/2025 06:12:39 pm,24.400,0.000000,0.5,1.7,04/13/2025 06:50:26 pm,24.400,61.065000,0.4,1.6
04/13/2025 06:11:16 pm,24.450,62.120000,0.4,1.6,04/13/2025 06:12:39 pm,24.450,0.000000,0.5,1.7,04/13/2025 06:50:26 pm,24.450,61.070000,0.4,1.6
04/13/2025 06:11:16 pm,24.500,62.135000,0.4,1.6,04/13/2025 06:12:39 pm,24.500,0.000000,0.5,1.7,04/13/2025 06:50:26 pm,24.500,61.260000,0.4,1.6
04/13/2025 06:11:16 pm,24.550,62.225000,0.4,1.6,04/13/2025 06:12:39 pm,24.550,0.000000,0.5,1.7,04/13/2025 06:50:26 pm,24.550,61.420000,0.4,1.6
04/13/2025 06:11:16 pm,24.600,62.400000,0.4,1.6,04/13/2025 06:12:39 pm,24.600,0.000000,0.5,1.7,04/13/2025 06:50:26 pm,24.600,61.490000,0.4,1.6
04/13/2025 06:11:16 pm,24.650,62.760000,0.4,1.6,04/13/2025 06:12:39 pm,24.650,0.000000,0.4,1.6,04/13/2025 06:50:26 pm,24.650,61.650000,0.4,1.6
04/13/2025 06:11:16 pm,24.700,62.975000,0.4,1.6,04/13/2025 06:12:39 pm,24.700,0.000000,0.4,1.7,04/13/2025 06:50:26 pm,24.700,61.755000,0.4,1.6
04/13/2025 06:11:16 pm,24.750,63.400000,0.4,1.6,04/13/2025 06:12:39 pm,24.750,0.000000,0.4,1.6,04/13/2025 06:50:26 pm,24.750,62.085000,0.4,1.6
04/13/2025 06:11:16 pm,24.800,63.805000,0.4,1.6,04/13/2025 06:12:39 pm,24.800,0.000000,0.5,1.7,04/13/2025 06:50:26 pm,24.800,62.450000,0.5,1.7
04/13/2025 06:11:16 pm,24.850,64.220000,0.4,1.6,04/13/2025 06:12:39 pm,24.850,0.000000,0.4,1.6,04/13/2025 06:50:26 pm,24.850,62.470000,0.5,1.7
04/13/2025 06:11:16 pm,24.900,64.405000,0.4,1.6,04/13/2025 06:12:39 pm,24.900,0.000000,0.4,1.7,04/13/2025 06:50:26 pm,24.900,62.480000,0.5,1.7
04/13/2025 06:11:16 pm,24.950,64.660000,0.4,1.6,04/13/2025 06:12:39 pm,24.950,0.000000,0.5,1.7,04/13/2025 06:50:26 pm,24.950,62.485000,0.5,1.7
04/13/2025 06:11:17 pm,25.000,64.950000,0.4,1.6,04/13/2025 06:12:40 pm,25.000,0.000000,0.4,1.6,04/13/2025 06:50:27 pm,25.000,62.485000,0.5,1.7
04/13/2025 06:11:17 pm,25.050,65.185000,0.4,1.6,04/13/2025 06:12:40 pm,25.050,0.000000,0.4,1.6,04/13/2025 06:50:27 pm,25.050,62.485000,0.4,1.7
04/13/2025 06:11:17 pm,25.100,65.415000,0.4,1.6,04/13/2025 06:12:40 pm,25.100,0.000000,0.4,1.6,04/13/2025 06:50:27 pm,25.100,62.485000,0.4,1.7
04/13/2025 06:11:17 pm,25.150,65.635000,0.4,1.6,04/13/2025 06:12:40 pm,25.150,0.000000,0.4,1.7,04/13/2025 06:50:27 pm,25.150,62.500000,0.5,1.7
04/13/2025 06:11:17 pm,25.200,65.775000,0.4,1.6,04/13/2025 06:12:40 pm,25.200,0.000000,0.5,1.7,04/13/2025 06:50:27 pm,25.200,62.500000,0.5,1.7
04/13/2025 06:11:17 pm,25.250,65.805000,0.4,1.6,04/13/2025 06:12:40 pm,25.250,0.000000,0.4,1.6,04/13/2025 06:50:27 pm,25.250,62.500000,0.5,1.7
04/13/2025 06:11:17 pm,25.300,65.845000,0.4,1.6,04/13/2025 06:12:40 pm,25.300,0.000000,0.4,1.7,04/13/2025 06:50:27 pm,25.300,62.515000,0.5,1.7
04/13/2025 06:11:17 pm,25.350,66.060000,0.4,1.6,04/13/2025 06:12:40 pm,25.350,0.000000,0.4,1.7,04/13/2025 06:50:27 pm,25.350,62.560000,0.5,1.7
04/13/2025 06:11:17 pm,25.400,66.350000,0.4,1.6,04/13/2025 06:12:40 pm,25.400,0.000000,0.5,1.7,04/13/2025 06:50:27 pm,25.400,62.560000,0.5,1.7
04/13/2025 06:11:17 pm,25.450,66.580000,0.4,1.6,04/13/2025 06:12:40 pm,25.450,0.000000,0.4,1.6,04/13/2025 06:50:27 pm,25.450,62.560000,0.5,1.7
04/13/2025 06:11:17 pm,25.500,66.745000,0.4,1.6,04/13/2025 06:12:40 pm,25.500,0.000000,0.4,1.6,04/13/2025 06:50:27 pm,25.500,62.560000,0.5,1.7
04/13/2025 06:11:17 pm,25.550,66.865000,0.4,1.6,04/13/2025 06:12:40 pm,25.550,0.000000,0.4,1.6,04/13/2025 06:50:27 pm,25.550,62.560000,0.5,1.7
04/13/2025 06:11:17 pm,25.600,66.935000,0.4,1.6,04/13/2025 06:12:40 pm,25.600,0.000000,0.4,1.7,04/13/2025 06:50:27 pm,25.600,62.560000,0.4,1.7
04/13/2025 06:11:17 pm,25.650,67.045000,0.4,1.6,04/13/2025 06:12:40 pm,25.650,0.000000,0.4,1.6,04/13/2025 06:50:27 pm,25.650,62.560000,0.4,1.7
04/13/2025 06:11:17 pm,25.700,67.305000,0.4,1.6,04/13/2025 06:12:40 pm,25.700,0.000000,0.4,1.6,04/13/2025 06:50:27 pm,25.700,62.560000,0.4,1.6
04/13/2025 06:11:17 pm,25.750,67.865000,0.4,1.6,04/13/2025 06:12:40 pm,25.750,0.000000,0.4,1.6,04/13/2025 06:50:27 pm,25.750,62.560000,0.5,1.7
04/13/2025 06:11:17 pm,25.800,68.285000,0.4,1.6,04/13/2025 06:12:40 pm,25.800,0.000000,0.4,1.7,04/13/2025 06:50:27 pm,25.800,62.585000,0.5,1.7
04/13/2025 06:11:17 pm,25.850,69.320000,0.5,1.7,04/13/2025 06:12:40 pm,25.850,0.000000,0.4,1.6,04/13/2025 06:50:27 pm,25.850,62.585000,0.5,1.7
04/13/2025 06:11:17 pm,25.900,70.260000,0.4,1.6,04/13/2025 06:12:40 pm,25.900,0.000000,0.4,1.6,04/13/2025 06:50:27 pm,25.900,62.585000,0.5,1.7
04/13/2025 06:11:17 pm,25.950,70.275000,0.4,1.6,04/13/2025 06:12:40 pm,25.950,0.000000,0.4,1.6,04/13/2025 06:50:27 pm,25.950,62.670000,0.5,1.7
04/13/2025 06:11:18 pm,26.000,70.290000,0.4,1.6,04/13/2025 06:12:41 pm,26.000,0.000000,0.4,1.6,04/13/2025 06:50:28 pm,26.000,62.865000,0.4,1.7
04/13/2025 06:11:18 pm,26.050,70.675000,0.4,1.6,04/13/2025 06:12:41 pm,26.050,0.000000,0.4,1.7,04/13/2025 06:50:28 pm,26.050,62.875000,0.4,1.7
04/13/2025 06:11:18 pm,26.100,71.075000,0.4,1.6,04/13/2025 06:12:41 pm,26.100,0.000000,0.4,1.6,04/13/2025 06:50:28 pm,26.100,62.875000,0.5,1.7
04/13/2025 06:11:18 pm,26.150,71.340000,0.4,1.6,04/13/2025 06:12:41 pm,26.150,0.000000,0.4,1.6,04/13/2025 06:50:28 pm,26.150,62.875000,0.5,1.7
04/13/2025 06:11:18 pm,26.200,71.520000,0.4,1.6,04/13/2025 06:12:41 pm,26.200,0.000000,0.4,1.6,04/13/2025 06:50:28 pm,26.200,62.875000,0.5,1.7
04/13/2025 06:11:18 pm,26.250,71.985000,0.4,1.6,04/13/2025 06:12:41 pm,26.250,0.000000,0.5,1.7,04/13/2025 06:50:28 pm,26.250,62.875000,0.5,1.7
04/13/2025 06:11:18 pm,26.300,72.140000,0.4,1.6,04/13/2025 06:12:41 pm,26.300,0.000000,0.4,1.6,04/13/2025 06:50:28 pm,26.300,62.870000,0.5,1.7
04/13/2025 06:11:18 pm,26.350,72.140000,0.4,1.6,04/13/2025 06:12:41 pm,26.350,0.000000,0.4,1.7,04/13/2025 06:50:28 pm,26.350,62.870000,0.5,1.7
04/13/2025 06:11:18 pm,26.400,72.245000,0.4,1.6,04/13/2025 06:12:41 pm,26.400,0.000000,0.4,1.6,04/13/2025 06:50:28 pm,26.400,62.870000,0.5,1.7
04/13/2025 06:11:18 pm,26.450,72.490000,0.4,1.6,04/13/2025 06:12:41 pm,26.450,0.000000,0.5,1.7,04/13/2025 06:50:28 pm,26.450,62.825000,0.5,1.7
04/13/2025 06:11:18 pm,26.500,72.675000,0.4,1.6,04/13/2025 06:12:41 pm,26.500,0.000000,0.5,1.7,04/13/2025 06:50:28 pm,26.500,62.655000,0.5,1.7
04/13/2025 06:11:18 pm,26.550,72.735000,0.4,1.6,04/13/2025 06:12:41 pm,26.550,0.000000,0.4,1.6,04/13/2025 06:50:28 pm,26.550,62.420000,0.5,1.7
04/13/2025 06:11:18 pm,26.600,72.780000,0.4,1.6,04/13/2025 06:12:41 pm,26.600,0.000000,0.5,1.7,04/13/2025 06:50:28 pm,26.600,62.240000,0.5,1.7
04/13/2025 06:11:18 pm,26.650,72.790000,0.4,1.6,04/13/2025 06:12:41 pm,26.650,0.000000,0.5,1.7,04/13/2025 06:50:28 pm,26.650,62.010000,0.5,1.7
04/13/2025 06:11:18 pm,26.700,72.790000,0.4,1.6,04/13/2025 06:12:41 pm,26.700,0.000000,0.4,1.6,04/13/2025 06:50:28 pm,26.700,61.835000,0.4,1.6
04/13/2025 06:11:18 pm,26.750,72.790000,0.4,1.6,04/13/2025 06:12:41 pm,26.750,0.000000,0.5,1.7,04/13/2025 06:50:28 pm,26.750,61.800000,0.5,1.7
04/13/2025 06:11:18 pm,26.800,72.790000,0.4,1.6,04/13/2025 06:12:41 pm,26.800,0.000000,0.5,1.7,04/13/2025 06:50:28 pm,26.800,61.680000,0.4,1.7
04/13/2025 06:11:18 pm,26.850,72.790000,0.4,1.6,04/13/2025 06:12:41 pm,26.850,0.000000,0.4,1.7,04/13/2025 06:50:28 pm,26.850,61.670000,0.5,1.7
04/13/2025 06:11:18 pm,26.900,72.790000,0.4,1.6,04/13/2025 06:12:41 pm,26.900,0.000000,0.5,1.7,04/13/2025 06:50:28 pm,26.900,61.640000,0.5,1.7
04/13/2025 06:11:18 pm,26.950,72.790000,0.4,1.6,04/13/2025 06:12:41 pm,26.950,0.000000,0.4,1.7,04/13/2025 06:50:28 pm,26.950,61.535000,0.4,1.6
04/13/2025 06:11:19 pm,27.000,72.790000,0.4,1.6,04/13/2025 06:12:42 pm,27.000,0.000000,0.5,1.7,04/13/2025 06:50:29 pm,27.000,61.440000,0.4,1.6
04/13/2025 06:11:19 pm,27.050,72.790000,0.4,1.6,04/13/2025 06:12:42 pm,27.050,0.000000,0.5,1.7,04/13/2025 06:50:29 pm,27.050,61.430000,0.4,1.6
04/13/2025 06:11:19 pm,27.100,72.790000,0.4,1.6,04/13/2025 06:12:42 pm,27.100,0.000000,0.4,1.6,04/13/2025 06:50:29 pm,27.100,61.430000,0.4,1.7
04/13/2025 06:11:19 pm,27.150,72.820000,0.4,1.6,04/13/2025 06:12:42 pm,27.150,0.000000,0.4,1.7,04/13/2025 06:50:29 pm,27.150,61.430000,0.4,1.7
04/13/2025 06:11:19 pm,27.200,72.820000,0.4,1.6,04/13/2025 06:12:42 pm,27.200,0.000000,0.5,1.7,04/13/2025 06:50:29 pm,27.200,61.430000,0.4,1.6
04/13/2025 06:11:19 pm,27.250,72.820000,0.4,1.6,04/13/2025 06:12:42 pm,27.250,0.000000,0.5,1.7,04/13/2025 06:50:29 pm,27.250,61.430000,0.4,1.6
04/13/2025 06:11:19 pm,27.300,72.820000,0.4,1.6,04/13/2025 06:12:42 pm,27.300,0.000000,0.5,1.7,04/13/2025 06:50:29 pm,27.300,61.430000,0.4,1.6
04/13/2025 06:11:19 pm,27.350,72.820000,0.4,1.6,04/13/2025 06:12:42 pm,27.350,0.000000,0.5,1.7,04/13/2025 06:50:29 pm,27.350,61.430000,0.5,1.7
04/13/2025 06:11:19 pm,27.400,72.820000,0.4,1.6,04/13/2025 06:12:42 pm,27.400,0.000000,0.5,1.7,04/13/2025 06:50:29 pm,27.400,61.395000,0.4,1.6
04/13/2025 06:11:19 pm,27.450,72.815000,0.4,1.6,04/13/2025 06:12:42 pm,27.450,0.000000,0.5,1.7,04/13/2025 06:50:29 pm,27.450,61.325000,0.4,1.6
04/13/2025 06:11:19 pm,27.500,72.795000,0.4,1.6,04/13/2025 06:12:42 pm,27.500,0.000000,0.4,1.7,04/13/2025 06:50:29 pm,27.500,60.850000,0.4,1.6
04/13/2025 06:11:19 pm,27.550,72.740000,0.4,1.6,04/13/2025 06:12:42 pm,27.550,0.000000,0.5,1.7,04/13/2025 06:50:29 pm,27.550,60.575000,0.4,1.6
04/13/2025 06:11:19 pm,27.600,72.740000,0.4,1.6,04/13/2025 06:12:42 pm,27.600,0.000000,0.4,1.7,04/13/2025 06:50:29 pm,27.600,60.580000,0.4,1.6
04/13/2025 06:11:19 pm,27.650,72.740000,0.4,1.6,04/13/2025 06:12:42 pm,27.650,0.000000,0.4,1.6,04/13/2025 06:50:29 pm,27.650,60.470000,0.4,1.6
04/13/2025 06:11:19 pm,27.700,72.740000,0.4,1.6,04/13/2025 06:12:42 pm,27.700,0.000000,0.4,1.6,04/13/2025 06:50:29 pm,27.700,59.940000,0.5,1.7
04/13/2025 06:11:19 pm,27.750,72.740000,0.4,1.6,04/13/2025 06:12:42 pm,27.750,0.000000,0.4,1.6,04/13/2025 06:50:29 pm,27.750,59.420000,0.4,1.6
04/13/2025 06:11:19 pm,27.800,72.740000,0.4,1.6,04/13/2025 06:12:42 pm,27.800,0.000000,0.4,1.6,04/13/2025 06:50:29 pm,27.800,59.245000,0.4,1.6
04/13/2025 06:11:19 pm,27.850,72.740000,0.4,1.6,04/13/2025 06:12:42 pm,27.850,0.000000,0.4,1.7,04/13/2025 06:50:29 pm,27.850,58.720000,0.4,1.6
04/13/2025 06:11:19 pm,27.900,72.405000,0.4,1.6,04/13/2025 06:12:42 pm,27.900,0.000000,0.4,1.7,04/13/2025 06:50:29 pm,27.900,58.505000,0.4,1.7
04/13/2025 06:11:19 pm,27.950,72.175000,0.4,1.6,04/13/2025 06:12:42 pm,27.950,0.000000,0.4,1.6,04/13/2025 06:50:29 pm,27.950,58.300000,0.4,1.6
04/13/2025 06:11:20 pm,28.000,71.930000,0.4,1.6,04/13/2025 06:12:43 pm,28.000,0.000000,0.4,1.6,04/13/2025 06:50:30 pm,28.000,57.890000,0.4,1.6
04/13/2025 06:11:20 pm,28.050,71.640000,0.4,1.6,04/13/2025 06:12:43 pm,28.050,0.000000,0.5,1.7,04/13/2025 06:50:30 pm,28.050,57.835000,0.4,1.6
04/13/2025 06:11:20 pm,28.100,71.410000,0.4,1.6,04/13/2025 06:12:43 pm,28.100,0.000000,0.4,1.6,04/13/2025 06:50:30 pm,28.100,57.705000,0.4,1.6
04/13/2025 06:11:20 pm,28.150,71.115000,0.4,1.6,04/13/2025 06:12:43 pm,28.150,0.000000,0.4,1.6,04/13/2025 06:50:30 pm,28.150,57.330000,0.4,1.6
04/13/2025 06:11:20 pm,28.200,70.965000,0.4,1.6,04/13/2025 06:12:43 pm,28.200,0.000000,0.4,1.7,04/13/2025 06:50:30 pm,28.200,56.830000,0.4,1.7
04/13/2025 06:11:20 pm,28.250,70.960000,0.4,1.6,04/13/2025 06:12:43 pm,28.250,0.000000,0.4,1.7,04/13/2025 06:50:30 pm,28.250,56.565000,0.4,1.7
04/13/2025 06:11:20 pm,28.300,70.950000,0.4,1.6,04/13/2025 06:12:43 pm,28.300,0.000000,0.4,1.7,04/13/2025 06:50:30 pm,28.300,56.310000,0.5,1.7
04/13/2025 06:11:20 pm,28.350,70.655000,0.4,1.6,04/13/2025 06:12:43 pm,28.350,0.000000,0.5,1.7,04/13/2025 06:50:30 pm,28.350,56.055000,0.5,1.7
04/13/2025 06:11:20 pm,28.400,70.160000,0.4,1.6,04/13/2025 06:12:43 pm,28.400,0.000000,0.5,1.7,04/13/2025 06:50:30 pm,28.400,55.615000,0.5,1.7
04/13/2025 06:11:20 pm,28.450,69.790000,0.4,1.6,04/13/2025 06:12:43 pm,28.450,0.000000,0.5,1.7,04/13/2025 06:50:30 pm,28.450,55.155000,0.5,1.7
04/13/2025 06:11:20 pm,28.500,69.385000,0.4,1.6,04/13/2025 06:12:43 pm,28.500,0.000000,0.4,1.6,04/13/2025 06:50:30 pm,28.500,54.975000,0.5,1.7
04/13/2025 06:11:20 pm,28.550,69.055000,0.4,1.6,04/13/2025 06:12:43 pm,28.550,0.000000,0.4,1.7,04/13/2025 06:50:30 pm,28.550,54.930000,0.5,1.7
04/13/2025 06:11:20 pm,28.600,68.680000,0.4,1.6,04/13/2025 06:12:43 pm,28.600,0.000000,0.5,1.7,04/13/2025 06:50:30 pm,28.600,54.700000,0.5,1.7
04/13/2025 06:11:20 pm,28.650,68.555000,0.4,1.6,04/13/2025 06:12:43 pm,28.650,0.000000,0.5,1.7,04/13/2025 06:50:30 pm,28.650,54.370000,0.5,1.7
04/13/2025 06:11:20 pm,28.700,68.190000,0.4,1.6,04/13/2025 06:12:43 pm,28.700,0.000000,0.5,1.7,04/13/2025 06:50:30 pm,28.700,53.890000,0.5,1.7
04/13/2025 06:11:20 pm,28.750,68.110000,0.4,1.6,04/13/2025 06:12:43 pm,28.750,0.000000,0.5,1.7,04/13/2025 06:50:30 pm,28.750,53.545000,0.5,1.7
04/13/2025 06:11:20 pm,28.800,68.005000,0.4,1.6,04/13/2025 06:12:43 pm,28.800,0.000000,0.5,1.7,04/13/2025 06:50:30 pm,28.800,53.135000,0.5,1.7
04/13/2025 06:11:20 pm,28.850,67.580000,0.4,1.6,04/13/2025 06:12:43 pm,28.850,0.000000,0.5,1.7,04/13/2025 06:50:30 pm,28.850,52.980000,0.5,1.7
04/13/2025 06:11:20 pm,28.900,67.475000,0.4,1.6,04/13/2025 06:12:43 pm,28.900,0.000000,0.4,1.7,04/13/2025 06:50:30 pm,28.900,52.735000,0.5,1.7
04/13/2025 06:11:20 pm,28.950,67.395000,0.4,1.6,04/13/2025 06:12:43 pm,28.950,0.000000,0.5,1.7,04/13/2025 06:50:30 pm,28.950,52.410000,0.5,1.7
04/13/2025 06:11:21 pm,29.000,67.245000,0.4,1.6,04/13/2025 06:12:44 pm,29.000,0.000000,0.4,1.6,04/13/2025 06:50:31 pm,29.000,52.200000,0.5,1.7
04/13/2025 06:11:21 pm,29.050,67.235000,0.4,1.6,04/13/2025 06:12:44 pm,29.050,0.000000,0.5,1.7,04/13/2025 06:50:31 pm,29.050,51.910000,0.5,1.7
04/13/2025 06:11:21 pm,29.100,67.215000,0.4,1.6,04/13/2025 06:12:44 pm,29.100,0.000000,0.4,1.7,04/13/2025 06:50:31 pm,29.100,51.710000,0.5,1.7
04/13/2025 06:11:21 pm,29.150,67.100000,0.4,1.6,04/13/2025 06:12:44 pm,29.150,0.000000,0.4,1.6,04/13/2025 06:50:31 pm,29.150,51.525000,0.5,1.7
04/13/2025 06:11:21 pm,29.200,66.915000,0.4,1.6,04/13/2025 06:12:44 pm,29.200,0.000000,0.5,1.7,04/13/2025 06:50:31 pm,29.200,51.325000,0.5,1.7
04/13/2025 06:11:21 pm,29.250,66.715000,0.4,1.6,04/13/2025 06:12:44 pm,29.250,0.000000,0.5,1.7,04/13/2025 06:50:31 pm,29.250,51.030000,0.5,1.7
04/13/2025 06:11:21 pm,29.300,66.240000,0.4,1.6,04/13/2025 06:12:44 pm,29.300,0.000000,0.4,1.6,04/13/2025 06:50:31 pm,29.300,50.765000,0.5,1.7
04/13/2025 06:11:21 pm,29.350,65.960000,0.4,1.6,04/13/2025 06:12:44 pm,29.350,0.000000,0.5,1.7,04/13/2025 06:50:31 pm,29.350,50.380000,0.6,1.8
04/13/2025 06:11:21 pm,29.400,65.725000,0.4,1.6,04/13/2025 06:12:44 pm,29.400,0.000000,0.4,1.7,04/13/2025 06:50:31 pm,29.400,50.040000,0.6,1.8
04/13/2025 06:11:21 pm,29.450,65.535000,0.4,1.6,04/13/2025 06:12:44 pm,29.450,0.000000,0.5,1.7,04/13/2025 06:50:31 pm,29.450,49.720000,0.6,1.8
04/13/2025 06:11:21 pm,29.500,65.230000,0.4,1.6,04/13/2025 06:12:44 pm,29.500,0.000000,0.4,1.7,04/13/2025 06:50:31 pm,29.500,49.650000,0.6,1.8
04/13/2025 06:11:21 pm,29.550,64.890000,0.4,1.6,04/13/2025 06:12:44 pm,29.550,0.000000,0.4,1.7,04/13/2025 06:50:31 pm,29.550,49.595000,0.6,1.8
04/13/2025 06:11:21 pm,29.600,64.750000,0.4,1.6,04/13/2025 06:12:44 pm,29.600,0.000000,0.4,1.6,04/13/2025 06:50:31 pm,29.600,49.370000,0.6,1.8
04/13/2025 06:11:21 pm,29.650,64.530000,0.4,1.6,04/13/2025 06:12:44 pm,29.650,0.000000,0.4,1.6,04/13/2025 06:50:31 pm,29.650,49.160000,0.6,1.8
04/13/2025 06:11:21 pm,29.700,64.330000,0.4,1.6,04/13/2025 06:12:44 pm,29.700,0.000000,0.4,1.6,04/13/2025 06:50:31 pm,29.700,49.070000,0.6,1.8
04/13/2025 06:11:21 pm,29.750,64.190000,0.4,1.6,04/13/2025 06:12:44 pm,29.750,0.000000,0.4,1.6,04/13/2025 06:50:31 pm,29.750,48.725000,0.6,1.8
04/13/2025 06:11:21 pm,29.800,63.905000,0.4,1.6,04/13/2025 06:12:44 pm,29.800,0.000000,0.4,1.6,04/13/2025 06:50:31 pm,29.800,48.480000,0.6,1.8
04/13/2025 06:11:21 pm,29.850,63.470000,0.4,1.6,04/13/2025 06:12:44 pm,29.850,0.000000,0.4,1.6,04/13/2025 06:50:31 pm,29.850,48.220000,0.6,1.8
04/13/2025 06:11:21 pm,29.900,63.090000,0.4,1.6,04/13/2025 06:12:44 pm,29.900,0.000000,0.4,1.6,04/13/2025 06:50:31 pm,29.900,47.690000,0.6,1.8
04/13/2025 06:11:21 pm,29.950,62.680000,0.4,1.6,04/13/2025 06:12:44 pm,29.950,0.000000,0.4,1.6,04/13/2025 06:50:31 pm,29.950,47.165000,0.6,1.8
04/13/2025 06:11:22 pm,30.000,62.540000,0.4,1.6,04/13/2025 06:12:45 pm,30.000,0.000000,0.4,1.6,04/13/2025 06:50:32 pm,30.000,46.775000,0.7,1.8
04/13/2025 06:11:22 pm,30.050,62.335000,0.4,1.6,04/13/2025 06:12:45 pm,30.050,0.000000,0.4,1.6,04/13/2025 06:50:32 pm,30.050,46.485000,0.7,1.8
04/13/2025 06:11:22 pm,30.100,62.060000,0.4,1.6,04/13/2025 06:12:45 pm,30.100,0.000000,0.4,1.6,04/13/2025 06:50:32 pm,30.100,46.015000,0.7,1.8
04/13/2025 06:11:22 pm,30.150,61.785000,0.4,1.6,04/13/2025 06:12:45 pm,30.150,0.000000,0.4,1.6,04/13/2025 06:50:32 pm,30.150,45.800000,0.7,1.8
04/13/2025 06:11:22 pm,30.200,61.645000,0.4,1.6,04/13/2025 06:12:45 pm,30.200,0.000000,0.4,1.6,04/13/2025 06:50:32 pm,30.200,45.500000,0.7,1.8
04/13/2025 06:11:22 pm,30.250,61.475000,0.4,1.6,04/13/2025 06:12:45 pm,30.250,0.000000,0.4,1.6,04/13/2025 06:50:32 pm,30.250,45.330000,0.7,1.8
04/13/2025 06:11:22 pm,30.300,61.340000,0.4,1.6,04/13/2025 06:12:45 pm,30.300,0.000000,0.4,1.6,04/13/2025 06:50:32 pm,30.300,45.225000,0.7,1.8
04/13/2025 06:11:22 pm,30.350,61.325000,0.4,1.6,04/13/2025 06:12:45 pm,30.350,0.000000,0.4,1.6,04/13/2025 06:50:32 pm,30.350,44.970000,0.7,1.8
04/13/2025 06:11:22 pm,30.400,61.215000,0.4,1.6,04/13/2025 06:12:45 pm,30.400,0.000000,0.4,1.6,04/13/2025 06:50:32 pm,30.400,44.775000,0.7,1.8
04/13/2025 06:11:22 pm,30.450,61.145000,0.4,1.6,04/13/2025 06:12:45 pm,30.450,0.000000,0.4,1.6,04/13/2025 06:50:32 pm,30.450,44.480000,0.7,1.8
04/13/2025 06:11:22 pm,30.500,61.100000,0.4,1.6,04/13/2025 06:12:45 pm,30.500,0.000000,0.4,1.6,04/13/2025 06:50:32 pm,30.500,44.165000,0.7,1.8
04/13/2025 06:11:22 pm,30.550,60.990000,0.4,1.6,04/13/2025 06:12:45 pm,30.550,0.000000,0.4,1.6,04/13/2025 06:50:32 pm,30.550,43.890000,0.7,1.8
04/13/2025 06:11:22 pm,30.600,60.885000,0.4,1.6,04/13/2025 06:12:45 pm,30.600,0.000000,0.4,1.6,04/13/2025 06:50:32 pm,30.600,43.535000,0.7,1.8
04/13/2025 06:11:22 pm,30.650,60.755000,0.4,1.6,04/13/2025 06:12:45 pm,30.650,0.000000,0.4,1.6,04/13/2025 06:50:32 pm,30.650,43.450000,0.7,1.8
04/13/2025 06:11:22 pm,30.700,60.630000,0.4,1.6,04/13/2025 06:12:45 pm,30.700,0.000000,0.4,1.6,04/13/2025 06:50:32 pm,30.700,43.270000,0.7,1.8
04/13/2025 06:11:22 pm,30.750,60.490000,0.4,1.6,04/13/2025 06:12:45 pm,30.750,0.000000,0.4,1.6,04/13/2025 06:50:32 pm,30.750,42.900000,0.7,1.8
04/13/2025 06:11:22 pm,30.800,60.370000,0.4,1.6,04/13/2025 06:12:45 pm,30.800,0.000000,0.4,1.6,04/13/2025 06:50:32 pm,30.800,42.670000,0.7,1.8
04/13/2025 06:11:22 pm,30.850,60.230000,0.4,1.6,04/13/2025 06:12:45 pm,30.850,0.000000,0.4,1.6,04/13/2025 06:50:32 pm,30.850,42.525000,0.7,1.8
04/13/2025 06:11:22 pm,30.900,60.145000,0.4,1.6,04/13/2025 06:12:45 pm,30.900,0.000000,0.4,1.6,04/13/2025 06:50:32 pm,30.900,42.390000,0.7,1.8
04/13/2025 06:11:22 pm,30.950,60.140000,0.4,1.6,04/13/2025 06:12:45 pm,30.950,0.000000,0.4,1.6,04/13/2025 06:50:32 pm,30.950,42.250000,0.7,1.8
04/13/2025 06:11:23 pm,31.000,60.135000,0.4,1.6,04/13/2025 06:12:46 pm,31.000,0.000000,0.4,1.6,04/13/2025 06:50:33 pm,31.000,41.995000,0.7,1.9
04/13/2025 06:11:23 pm,31.050,60.055000,0.4,1.6,04/13/2025 06:12:46 pm,31.050,0.000000,0.4,1.6,04/13/2025 06:50:33 pm,31.050,41.735000,0.7,1.8
04/13/2025 06:11:23 pm,31.100,59.970000,0.4,1.6,04/13/2025 06:12:46 pm,31.100,0.000000,0.4,1.6,04/13/2025 06:50:33 pm,31.100,41.470000,0.7,1.8
04/13/2025 06:11:23 pm,31.150,59.835000,0.4,1.6,04/13/2025 06:12:46 pm,31.150,0.000000,0.4,1.6,04/13/2025 06:50:33 pm,31.150,41.330000,0.7,1.8
04/13/2025 06:11:23 pm,31.200,59.740000,0.4,1.6,04/13/2025 06:12:46 pm,31.200,0.000000,0.4,1.6,04/13/2025 06:50:33 pm,31.200,41.300000,0.7,1.8
04/13/2025 06:11:23 pm,31.250,59.650000,0.4,1.6,04/13/2025 06:12:46 pm,31.250,0.000000,0.4,1.6,04/13/2025 06:50:33 pm,31.250,41.250000,0.7,1.8
04/13/2025 06:11:23 pm,31.300,59.590000,0.4,1.6,04/13/2025 06:12:46 pm,31.300,0.000000,0.4,1.6,04/13/2025 06:50:33 pm,31.300,41.195000,0.7,1.8
04/13/2025 06:11:23 pm,31.350,59.480000,0.4,1.6,04/13/2025 06:12:46 pm,31.350,0.000000,0.4,1.6,04/13/2025 06:50:33 pm,31.350,41.045000,0.7,1.8
04/13/2025 06:11:23 pm,31.400,59.400000,0.4,1.6,04/13/2025 06:12:46 pm,31.400,0.000000,0.4,1.6,04/13/2025 06:50:33 pm,31.400,40.660000,0.7,1.8
04/13/2025 06:11:23 pm,31.450,59.395000,0.4,1.6,04/13/2025 06:12:46 pm,31.450,0.000000,0.4,1.6,04/13/2025 06:50:33 pm,31.450,40.330000,0.7,1.8
04/13/2025 06:11:23 pm,31.500,59.025000,0.4,1.6,04/13/2025 06:12:46 pm,31.500,0.000000,0.4,1.6,04/13/2025 06:50:33 pm,31.500,40.035000,0.7,1.8
04/13/2025 06:11:23 pm,31.550,58.910000,0.4,1.6,04/13/2025 06:12:46 pm,31.550,0.000000,0.4,1.6,04/13/2025 06:50:33 pm,31.550,39.980000,0.7,1.8
04/13/2025 06:11:23 pm,31.600,58.910000,0.4,1.6,04/13/2025 06:12:46 pm,31.600,0.000000,0.4,1.6,04/13/2025 06:50:33 pm,31.600,39.825000,0.7,1.8
04/13/2025 06:11:23 pm,31.650,58.650000,0.4,1.6,04/13/2025 06:12:46 pm,31.650,0.000000,0.4,1.6,04/13/2025 06:50:33 pm,31.650,39.535000,0.7,1.8
04/13/2025 06:11:23 pm,31.700,58.005000,0.4,1.6,04/13/2025 06:12:46 pm,31.700,0.000000,0.4,1.6,04/13/2025 06:50:33 pm,31.700,38.975000,0.7,1.8
04/13/2025 06:11:23 pm,31.750,57.910000,0.4,1.6,04/13/2025 06:12:46 pm,31.750,0.000000,0.4,1.6,04/13/2025 06:50:33 pm,31.750,38.530000,0.7,1.8
04/13/2025 06:11:23 pm,31.800,57.605000,0.4,1.6,04/13/2025 06:12:46 pm,31.800,0.000000,0.4,1.6,04/13/2025 06:50:33 pm,31.800,37.815000,0.6,1.8
04/13/2025 06:11:23 pm,31.850,56.915000,0.4,1.6,04/13/2025 06:12:46 pm,31.850,0.000000,0.4,1.6,04/13/2025 06:50:33 pm,31.850,37.045000,0.6,1.8
04/13/2025 06:11:23 pm,31.900,56.520000,0.4,1.6,04/13/2025 06:12:46 pm,31.900,0.000000,0.4,1.6,04/13/2025 06:50:33 pm,31.900,36.615000,0.6,1.8
04/13/2025 06:11:23 pm,31.950,56.410000,0.4,1.6,04/13/2025 06:12:46 pm,31.950,0.000000,0.4,1.6,04/13/2025 06:50:33 pm,31.950,36.120000,0.6,1.8
04/13/2025 06:11:24 pm,32.000,56.270000,0.4,1.6,04/13/2025 06:12:47 pm,32.000,0.000000,0.4,1.6,04/13/2025 06:50:34 pm,32.000,35.685000,0.6,1.7
04/13/2025 06:11:24 pm,32.050,56.010000,0.4,1.6,04/13/2025 06:12:47 pm,32.050,0.000000,0.4,1.6,04/13/2025 06:50:34 pm,32.050,35.305000,0.6,1.7
04/13/2025 06:11:24 pm,32.100,55.665000,0.4,1.6,04/13/2025 06:12:47 pm,32.100,0.000000,0.4,1.6,04/13/2025 06:50:34 pm,32.100,35.175000,0.6,1.8
04/13/2025 06:11:24 pm,32.150,55.355000,0.4,1.6,04/13/2025 06:12:47 pm,32.150,0.000000,0.4,1.6,04/13/2025 06:50:34 pm,32.150,34.935000,0.5,1.7
04/13/2025 06:11:24 pm,32.200,54.820000,0.4,1.6,04/13/2025 06:12:47 pm,32.200,0.000000,0.4,1.6,04/13/2025 06:50:34 pm,32.200,34.620000,0.5,1.7
04/13/2025 06:11:24 pm,32.250,54.305000,0.4,1.6,04/13/2025 06:12:47 pm,32.250,0.000000,0.4,1.6,04/13/2025 06:50:34 pm,32.250,34.295000,0.5,1.7
04/13/2025 06:11:24 pm,32.300,53.910000,0.4,1.6,04/13/2025 06:12:47 pm,32.300,0.000000,0.4,1.6,04/13/2025 06:50:34 pm,32.300,33.975000,0.5,1.7
04/13/2025 06:11:24 pm,32.350,53.570000,0.4,1.6,04/13/2025 06:12:47 pm,32.350,0.000000,0.4,1.6,04/13/2025 06:50:34 pm,32.350,33.810000,0.5,1.7
04/13/2025 06:11:24 pm,32.400,53.280000,0.4,1.6,04/13/2025 06:12:47 pm,32.400,0.000000,0.4,1.6,04/13/2025 06:50:34 pm,32.400,33.555000,0.5,1.7
04/13/2025 06:11:24 pm,32.450,52.855000,0.4,1.6,04/13/2025 06:12:47 pm,32.450,0.000000,0.4,1.6,04/13/2025 06:50:34 pm,32.450,33.070000,0.5,1.7
04/13/2025 06:11:24 pm,32.500,52.700000,0.4,1.6,04/13/2025 06:12:47 pm,32.500,0.000000,0.4,1.6,04/13/2025 06:50:34 pm,32.500,32.445000,0.5,1.7
04/13/2025 06:11:24 pm,32.550,52.455000,0.4,1.6,04/13/2025 06:12:47 pm,32.550,0.000000,0.4,1.6,04/13/2025 06:50:34 pm,32.550,32.175000,0.5,1.7
04/13/2025 06:11:24 pm,32.600,52.340000,0.4,1.6,04/13/2025 06:12:47 pm,32.600,0.000000,0.4,1.6,04/13/2025 06:50:34 pm,32.600,31.785000,0.5,1.7
04/13/2025 06:11:24 pm,32.650,52.175000,0.4,1.6,04/13/2025 06:12:47 pm,32.650,0.000000,0.4,1.6,04/13/2025 06:50:34 pm,32.650,31.640000,0.5,1.7
04/13/2025 06:11:24 pm,32.700,51.840000,0.4,1.6,04/13/2025 06:12:47 pm,32.700,0.000000,0.4,1.6,04/13/2025 06:50:34 pm,32.700,31.515000,0.5,1.7
04/13/2025 06:11:24 pm,32.750,51.740000,0.4,1.6,04/13/2025 06:12:47 pm,32.750,0.000000,0.4,1.6,04/13/2025 06:50:34 pm,32.750,31.460000,0.5,1.7
04/13/2025 06:11:24 pm,32.800,51.555000,0.4,1.6,04/13/2025 06:12:47 pm,32.800,0.000000,0.4,1.6,04/13/2025 06:50:34 pm,32.800,31.420000,0.5,1.7
04/13/2025 06:11:24 pm,32.850,51.500000,0.4,1.6,04/13/2025 06:12:47 pm,32.850,0.000000,0.4,1.6,04/13/2025 06:50:34 pm,32.850,31.365000,0.5,1.7
04/13/2025 06:11:24 pm,32.900,51.500000,0.4,1.6,04/13/2025 06:12:47 pm,32.900,0.000000,0.4,1.6,04/13/2025 06:50:34 pm,32.900,31.340000,0.5,1.7
04/13/2025 06:11:24 pm,32.950,51.500000,0.4,1.6,04/13/2025 06:12:47 pm,32.950,0.000000,0.4,1.6,04/13/2025 06:50:34 pm,32.950,31.330000,0.5,1.7
04/13/2025 06:11:25 pm,33.000,51.500000,0.4,1.6,04/13/2025 06:12:48 pm,33.000,0.000000,0.4,1.6,04/13/2025 06:50:35 pm,33.000,31.230000,0.5,1.7
04/13/2025 06:11:25 pm,33.050,51.500000,0.4,1.6,04/13/2025 06:12:48 pm,33.050,0.000000,0.4,1.6,04/13/2025 06:50:35 pm,33.050,31.070000,0.5,1.7
04/13/2025 06:11:25 pm,33.100,51.500000,0.4,1.6,04/13/2025 06:12:48 pm,33.100,0.000000,0.4,1.6,04/13/2025 06:50:35 pm,33.100,31.010000,0.5,1.7
04/13/2025 06:11:25 pm,33.150,51.500000,0.4,1.6,04/13/2025 06:12:48 pm,33.150,0.000000,0.4,1.6,04/13/2025 06:50:35 pm,33.150,30.980000,0.5,1.7
04/13/2025 06:11:25 pm,33.200,51.500000,0.4,1.6,04/13/2025 06:12:48 pm,33.200,0.000000,0.4,1.6,04/13/2025 06:50:35 pm,33.200,30.950000,0.5,1.7
04/13/2025 06:11:25 pm,33.250,51.500000,0.4,1.6,04/13/2025 06:12:48 pm,33.250,0.000000,0.4,1.6,04/13/2025 06:50:35 pm,33.250,30.950000,0.5,1.7
04/13/2025 06:11:25 pm,33.300,51.500000,0.4,1.6,04/13/2025 06:12:48 pm,33.300,0.000000,0.4,1.6,04/13/2025 06:50:35 pm,33.300,30.950000,0.5,1.7
04/13/2025 06:11:25 pm,33.350,51.500000,0.4,1.6,04/13/2025 06:12:48 pm,33.350,0.000000,0.4,1.6,04/13/2025 06:50:35 pm,33.350,30.940000,0.5,1.7
04/13/2025 06:11:25 pm,33.400,51.495000,0.4,1.6,04/13/2025 06:12:48 pm,33.400,0.000000,0.4,1.6,04/13/2025 06:50:35 pm,33.400,30.710000,0.5,1.7
04/13/2025 06:11:25 pm,33.450,51.255000,0.4,1.6,04/13/2025 06:12:48 pm,33.450,0.000000,0.4,1.6,04/13/2025 06:50:35 pm,33.450,30.395000,0.5,1.7
04/13/2025 06:11:25 pm,33.500,50.915000,0.5,1.7,04/13/2025 06:12:48 pm,33.500,0.000000,0.4,1.6,04/13/2025 06:50:35 pm,33.500,29.975000,0.5,1.7
04/13/2025 06:11:25 pm,33.550,50.780000,0.4,1.6,04/13/2025 06:12:48 pm,33.550,0.000000,0.4,1.6,04/13/2025 06:50:35 pm,33.550,29.650000,0.5,1.7
04/13/2025 06:11:25 pm,33.600,50.765000,0.4,1.6,04/13/2025 06:12:48 pm,33.600,0.000000,0.4,1.6,04/13/2025 06:50:35 pm,33.600,29.160000,0.5,1.7
04/13/2025 06:11:25 pm,33.650,50.615000,0.4,1.6,04/13/2025 06:12:48 pm,33.650,0.000000,0.4,1.6,04/13/2025 06:50:35 pm,33.650,28.870000,0.5,1.7
04/13/2025 06:11:25 pm,33.700,50.360000,0.4,1.6,04/13/2025 06:12:48 pm,33.700,0.000000,0.4,1.6,04/13/2025 06:50:35 pm,33.700,28.555000,0.5,1.7
04/13/2025 06:11:25 pm,33.750,50.180000,0.4,1.6,04/13/2025 06:12:48 pm,33.750,0.000000,0.4,1.6,04/13/2025 06:50:35 pm,33.750,28.030000,0.5,1.7
04/13/2025 06:11:25 pm,33.800,49.975000,0.4,1.6,04/13/2025 06:12:48 pm,33.800,0.000000,0.4,1.6,04/13/2025 06:50:35 pm,33.800,27.510000,0.5,1.7
04/13/2025 06:11:25 pm,33.850,49.940000,0.4,1.6,04/13/2025 06:12:48 pm,33.850,0.000000,0.4,1.6,04/13/2025 06:50:35 pm,33.850,26.940000,0.6,1.8
04/13/2025 06:11:25 pm,33.900,49.905000,0.4,1.6,04/13/2025 06:12:48 pm,33.900,0.000000,0.4,1.6,04/13/2025 06:50:35 pm,33.900,26.910000,0.6,1.8
04/13/2025 06:11:25 pm,33.950,49.580000,0.4,1.6,04/13/2025 06:12:48 pm,33.950,0.000000,0.4,1.6,04/13/2025 06:50:35 pm,33.950,26.710000,0.6,1.8
04/13/2025 06:11:26 pm,34.000,49.265000,0.4,1.6,04/13/2025 06:12:49 pm,34.000,0.000000,0.4,1.6,04/13/2025 06:50:36 pm,34.000,26.455000,0.7,1.8
04/13/2025 06:11:26 pm,34.050,48.770000,0.4,1.6,04/13/2025 06:12:49 pm,34.050,0.000000,0.4,1.6,04/13/2025 06:50:36 pm,34.050,26.210000,0.7,1.8
04/13/2025 06:11:26 pm,34.100,48.435000,0.4,1.6,04/13/2025 06:12:49 pm,34.100,0.000000,0.4,1.6,04/13/2025 06:50:36 pm,34.100,25.980000,0.7,1.8
04/13/2025 06:11:26 pm,34.150,48.000000,0.5,1.7,04/13/2025 06:12:49 pm,34.150,0.000000,0.4,1.6,04/13/2025 06:50:36 pm,34.150,25.610000,0.7,1.9
04/13/2025 06:11:26 pm,34.200,47.515000,0.4,1.6,04/13/2025 06:12:49 pm,34.200,0.000000,0.4,1.6,04/13/2025 06:50:36 pm,34.200,25.370000,0.8,1.9
04/13/2025 06:11:26 pm,34.250,47.310000,0.4,1.6,04/13/2025 06:12:49 pm,34.250,0.000000,0.4,1.6,04/13/2025 06:50:36 pm,34.250,25.045000,0.8,1.9
04/13/2025 06:11:26 pm,34.300,47.095000,0.4,1.6,04/13/2025 06:12:49 pm,34.300,0.000000,0.4,1.6,04/13/2025 06:50:36 pm,34.300,24.815000,0.8,1.9
04/13/2025 06:11:26 pm,34.350,47.040000,0.4,1.6,04/13/2025 06:12:49 pm,34.350,0.000000,0.4,1.6,04/13/2025 06:50:36 pm,34.350,24.430000,0.9,1.9
04/13/2025 06:11:26 pm,34.400,47.035000,0.4,1.6,04/13/2025 06:12:49 pm,34.400,0.000000,0.4,1.6,04/13/2025 06:50:36 pm,34.400,24.145000,0.9,2.0
04/13/2025 06:11:26 pm,34.450,47.035000,0.4,1.6,04/13/2025 06:12:49 pm,34.450,0.000000,0.4,1.6,04/13/2025 06:50:36 pm,34.450,23.915000,1.0,2.0
04/13/2025 06:11:26 pm,34.500,47.035000,0.4,1.6,04/13/2025 06:12:49 pm,34.500,0.000000,0.4,1.6,04/13/2025 06:50:36 pm,34.500,23.440000,1.0,2.0
04/13/2025 06:11:26 pm,34.550,47.035000,0.4,1.6,04/13/2025 06:12:49 pm,34.550,0.000000,0.4,1.6,04/13/2025 06:50:36 pm,34.550,23.010000,1.1,2.1
04/13/2025 06:11:26 pm,34.600,47.035000,0.4,1.6,04/13/2025 06:12:49 pm,34.600,0.000000,0.4,1.6,04/13/2025 06:50:36 pm,34.600,22.810000,1.2,2.1
04/13/2025 06:11:26 pm,34.650,47.085000,0.4,1.6,04/13/2025 06:12:49 pm,34.650,0.000000,0.4,1.6,04/13/2025 06:50:36 pm,34.650,22.455000,1.2,2.1
04/13/2025 06:11:26 pm,34.700,47.085000,0.4,1.6,04/13/2025 06:12:49 pm,34.700,0.000000,0.4,1.6,04/13/2025 06:50:36 pm,34.700,21.920000,1.3,2.1
04/13/2025 06:11:26 pm,34.750,47.085000,0.4,1.6,04/13/2025 06:12:49 pm,34.750,0.000000,0.4,1.6,04/13/2025 06:50:36 pm,34.750,21.720000,1.4,2.1
04/13/2025 06:11:26 pm,34.800,47.085000,0.4,1.6,04/13/2025 06:12:49 pm,34.800,0.000000,0.4,1.6,04/13/2025 06:50:36 pm,34.800,21.475000,1.4,2.2
04/13/2025 06:11:26 pm,34.850,47.085000,0.4,1.6,04/13/2025 06:12:49 pm,34.850,0.000000,0.4,1.6,04/13/2025 06:50:36 pm,34.850,21.355000,1.5,2.2
04/13/2025 06:11:26 pm,34.900,46.985000,0.4,1.6,04/13/2025 06:12:49 pm,34.900,0.000000,0.4,1.6,04/13/2025 06:50:36 pm,34.900,21.345000,1.5,2.2
04/13/2025 06:11:26 pm,34.950,46.615000,0.4,1.6,04/13/2025 06:12:49 pm,34.950,0.000000,0.4,1.6,04/13/2025 06:50:36 pm,34.950,21.345000,1.5,2.2
04/13/2025 06:11:27 pm,35.000,46.270000,0.4,1.6,04/13/2025 06:12:50 pm,35.000,0.000000,0.4,1.6,04/13/2025 06:50:37 pm,35.000,21.340000,1.5,2.2
04/13/2025 06:11:27 pm,35.050,45.880000,0.4,1.6,04/13/2025 06:12:50 pm,35.050,0.000000,0.4,1.6,04/13/2025 06:50:37 pm,35.050,21.320000,1.5,2.2
04/13/2025 06:11:27 pm,35.100,45.740000,0.4,1.6,04/13/2025 06:12:50 pm,35.100,0.000000,0.4,1.6,04/13/2025 06:50:37 pm,35.100,21.280000,1.6,2.2
04/13/2025 06:11:27 pm,35.150,45.605000,0.4,1.6,04/13/2025 06:12:50 pm,35.150,0.000000,0.4,1.6,04/13/2025 06:50:37 pm,35.150,21.280000,1.6,2.2
04/13/2025 06:11:27 pm,35.200,45.195000,0.4,1.6,04/13/2025 06:12:50 pm,35.200,0.000000,0.4,1.6,04/13/2025 06:50:37 pm,35.200,21.285000,1.5,2.2
04/13/2025 06:11:27 pm,35.250,44.825000,0.4,1.6,04/13/2025 06:12:50 pm,35.250,0.000000,0.4,1.6,04/13/2025 06:50:37 pm,35.250,21.280000,1.5,2.2
04/13/2025 06:11:27 pm,35.300,44.670000,0.4,1.6,04/13/2025 06:12:50 pm,35.300,0.000000,0.4,1.6,04/13/2025 06:50:37 pm,35.300,21.200000,1.5,2.2
04/13/2025 06:11:27 pm,35.350,44.470000,0.4,1.6,04/13/2025 06:12:50 pm,35.350,0.000000,0.4,1.6,04/13/2025 06:50:37 pm,35.350,21.135000,1.5,2.2
04/13/2025 06:11:27 pm,35.400,43.835000,0.4,1.6,04/13/2025 06:12:50 pm,35.400,0.000000,0.4,1.6,04/13/2025 06:50:37 pm,35.400,21.130000,1.5,2.2
04/13/2025 06:11:27 pm,35.450,43.390000,0.4,1.6,04/13/2025 06:12:50 pm,35.450,0.000000,0.4,1.6,04/13/2025 06:50:37 pm,35.450,21.130000,1.5,2.2
04/13/2025 06:11:27 pm,35.500,43.090000,0.4,1.6,04/13/2025 06:12:50 pm,35.500,0.000000,0.4,1.6,04/13/2025 06:50:37 pm,35.500,21.130000,1.5,2.2
04/13/2025 06:11:27 pm,35.550,42.790000,0.4,1.6,04/13/2025 06:12:50 pm,35.550,0.000000,0.4,1.6,04/13/2025 06:50:37 pm,35.550,21.130000,1.5,2.2
04/13/2025 06:11:27 pm,35.600,42.760000,0.4,1.6,04/13/2025 06:12:50 pm,35.600,0.000000,0.4,1.6,04/13/2025 06:50:37 pm,35.600,21.080000,1.5,2.2
04/13/2025 06:11:27 pm,35.650,42.755000,0.4,1.6,04/13/2025 06:12:50 pm,35.650,0.000000,0.4,1.6,04/13/2025 06:50:37 pm,35.650,21.020000,1.6,2.2
04/13/2025 06:11:27 pm,35.700,42.620000,0.4,1.6,04/13/2025 06:12:50 pm,35.700,0.000000,0.4,1.6,04/13/2025 06:50:37 pm,35.700,21.020000,1.6,2.2
04/13/2025 06:11:27 pm,35.750,42.590000,0.4,1.6,04/13/2025 06:12:50 pm,35.750,0.000000,0.4,1.6,04/13/2025 06:50:37 pm,35.750,21.020000,1.6,2.2
04/13/2025 06:11:27 pm,35.800,42.425000,0.4,1.6,04/13/2025 06:12:50 pm,35.800,0.000000,0.4,1.6,04/13/2025 06:50:37 pm,35.800,21.020000,1.6,2.2
04/13/2025 06:11:27 pm,35.850,42.395000,0.4,1.6,04/13/2025 06:12:50 pm,35.850,0.000000,0.4,1.6,04/13/2025 06:50:37 pm,35.850,21.020000,1.7,2.2
04/13/2025 06:11:27 pm,35.900,42.270000,0.4,1.6,04/13/2025 06:12:50 pm,35.900,0.000000,0.4,1.6,04/13/2025 06:50:37 pm,35.900,21.020000,1.6,2.2
04/13/2025 06:11:27 pm,35.950,42.160000,0.4,1.6,04/13/2025 06:12:50 pm,35.950,0.000000,0.4,1.6,04/13/2025 06:50:37 pm,35.950,21.020000,1.6,2.2
04/13/2025 06:11:28 pm,36.000,42.140000,0.4,1.6,04/13/2025 06:12:51 pm,36.000,0.000000,0.4,1.6,04/13/2025 06:50:38 pm,36.000,21.025000,1.6,2.2
04/13/2025 06:11:28 pm,36.050,41.970000,0.4,1.6,04/13/2025 06:12:51 pm,36.050,0.000000,0.4,1.6,04/13/2025 06:50:38 pm,36.050,21.025000,1.6,2.2
04/13/2025 06:11:28 pm,36.100,41.970000,0.4,1.6,04/13/2025 06:12:51 pm,36.100,0.000000,0.4,1.6,04/13/2025 06:50:38 pm,36.100,21.025000,1.6,2.2
04/13/2025 06:11:28 pm,36.150,41.965000,0.4,1.6,04/13/2025 06:12:51 pm,36.150,0.000000,0.4,1.6,04/13/2025 06:50:38 pm,36.150,21.020000,1.6,2.2
04/13/2025 06:11:28 pm,36.200,41.845000,0.4,1.6,04/13/2025 06:12:51 pm,36.200,0.000000,0.4,1.6,04/13/2025 06:50:38 pm,36.200,21.015000,1.6,2.2
04/13/2025 06:11:28 pm,36.250,41.805000,0.4,1.6,04/13/2025 06:12:51 pm,36.250,0.000000,0.4,1.6,04/13/2025 06:50:38 pm,36.250,20.940000,1.5,2.2
04/13/2025 06:11:28 pm,36.300,41.805000,0.4,1.6,04/13/2025 06:12:51 pm,36.300,0.000000,0.4,1.6,04/13/2025 06:50:38 pm,36.300,20.910000,1.6,2.2
04/13/2025 06:11:28 pm,36.350,41.805000,0.4,1.6,04/13/2025 06:12:51 pm,36.350,0.000000,0.4,1.6,04/13/2025 06:50:38 pm,36.350,20.910000,1.6,2.2
04/13/2025 06:11:28 pm,36.400,41.805000,0.4,1.6,04/13/2025 06:12:51 pm,36.400,0.000000,0.4,1.6,04/13/2025 06:50:38 pm,36.400,20.910000,1.6,2.2
04/13/2025 06:11:28 pm,36.450,41.805000,0.4,1.6,04/13/2025 06:12:51 pm,36.450,0.000000,0.4,1.6,04/13/2025 06:50:38 pm,36.450,20.910000,1.6,2.2
04/13/2025 06:11:28 pm,36.500,41.805000,0.4,1.6,04/13/2025 06:12:51 pm,36.500,0.000000,0.4,1.6,04/13/2025 06:50:38 pm,36.500,20.915000,1.6,2.2
04/13/2025 06:11:28 pm,36.550,41.805000,0.4,1.6,04/13/2025 06:12:51 pm,36.550,0.000000,0.4,1.6,04/13/2025 06:50:38 pm,36.550,20.915000,1.6,2.2
04/13/2025 06:11:28 pm,36.600,41.805000,0.4,1.6,04/13/2025 06:12:51 pm,36.600,0.000000,0.4,1.6,04/13/2025 06:50:38 pm,36.600,20.915000,1.6,2.2
04/13/2025 06:11:28 pm,36.650,41.805000,0.4,1.6,04/13/2025 06:12:51 pm,36.650,0.000000,0.4,1.6,04/13/2025 06:50:38 pm,36.650,20.910000,1.6,2.2
04/13/2025 06:11:28 pm,36.700,41.815000,0.4,1.6,04/13/2025 06:12:51 pm,36.700,0.000000,0.4,1.6,04/13/2025 06:50:38 pm,36.700,20.910000,1.6,2.2
04/13/2025 06:11:28 pm,36.750,41.815000,0.4,1.6,04/13/2025 06:12:51 pm,36.750,0.000000,0.4,1.6,04/13/2025 06:50:38 pm,36.750,20.910000,1.6,2.2
04/13/2025 06:11:28 pm,36.800,41.815000,0.4,1.6,04/13/2025 06:12:51 pm,36.800,0.000000,0.4,1.6,04/13/2025 06:50:38 pm,36.800,20.910000,1.7,2.2
04/13/2025 06:11:28 pm,36.850,41.815000,0.4,1.6,04/13/2025 06:12:51 pm,36.850,0.000000,0.4,1.6,04/13/2025 06:50:38 pm,36.850,20.885000,1.8,2.2
04/13/2025 06:11:28 pm,36.900,41.815000,0.4,1.6,04/13/2025 06:12:51 pm,36.900,0.000000,0.4,1.6,04/13/2025 06:50:38 pm,36.900,20.770000,1.8,2.3
04/13/2025 06:11:28 pm,36.950,41.800000,0.4,1.6,04/13/2025 06:12:51 pm,36.950,0.000000,0.4,1.6,04/13/2025 06:50:38 pm,36.950,20.345000,1.9,2.3
04/13/2025 06:11:29 pm,37.000,41.775000,0.4,1.6,04/13/2025 06:12:52 pm,37.000,0.000000,0.4,1.6,04/13/2025 06:50:39 pm,37.000,19.410000,2.0,2.3
04/13/2025 06:11:29 pm,37.050,41.720000,0.4,1.6,04/13/2025 06:12:52 pm,37.050,0.000000,0.4,1.6,04/13/2025 06:50:39 pm,37.050,19.110000,2.2,2.3
04/13/2025 06:11:29 pm,37.100,41.690000,0.4,1.6,04/13/2025 06:12:52 pm,37.100,0.000000,0.4,1.6,04/13/2025 06:50:39 pm,37.100,18.950000,2.2,2.3
04/13/2025 06:11:29 pm,37.150,41.525000,0.4,1.6,04/13/2025 06:12:52 pm,37.150,0.000000,0.4,1.6,04/13/2025 06:50:39 pm,37.150,18.430000,2.4,2.4
04/13/2025 06:11:29 pm,37.200,41.505000,0.4,1.6,04/13/2025 06:12:52 pm,37.200,0.000000,0.4,1.6,04/13/2025 06:50:39 pm,37.200,17.875000,2.6,2.4
04/13/2025 06:11:29 pm,37.250,41.185000,0.4,1.6,04/13/2025 06:12:52 pm,37.250,0.000000,0.4,1.6,04/13/2025 06:50:39 pm,37.250,17.560000,2.8,2.4
04/13/2025 06:11:29 pm,37.300,41.010000,0.4,1.6,04/13/2025 06:12:52 pm,37.300,0.000000,0.4,1.6,04/13/2025 06:50:39 pm,37.300,17.305000,2.8,2.4
04/13/2025 06:11:29 pm,37.350,40.795000,0.4,1.6,04/13/2025 06:12:52 pm,37.350,0.000000,0.4,1.6,04/13/2025 06:50:39 pm,37.350,16.890000,3.0,2.5
04/13/2025 06:11:29 pm,37.400,40.795000,0.4,1.6,04/13/2025 06:12:52 pm,37.400,0.000000,0.4,1.6,04/13/2025 06:50:39 pm,37.400,16.460000,3.1,2.5
04/13/2025 06:11:29 pm,37.450,40.790000,0.4,1.6,04/13/2025 06:12:52 pm,37.450,0.000000,0.4,1.6,04/13/2025 06:50:39 pm,37.450,15.940000,3.3,2.5
04/13/2025 06:11:29 pm,37.500,40.625000,0.4,1.6,04/13/2025 06:12:52 pm,37.500,0.000000,0.4,1.6,04/13/2025 06:50:39 pm,37.500,15.440000,3.6,2.6
04/13/2025 06:11:29 pm,37.550,40.455000,0.4,1.6,04/13/2025 06:12:52 pm,37.550,0.000000,0.4,1.6,04/13/2025 06:50:39 pm,37.550,15.195000,3.6,2.6
04/13/2025 06:11:29 pm,37.600,40.295000,0.4,1.6,04/13/2025 06:12:52 pm,37.600,0.000000,0.4,1.6,04/13/2025 06:50:39 pm,37.600,14.935000,3.7,2.6
04/13/2025 06:11:29 pm,37.650,40.070000,0.4,1.6,04/13/2025 06:12:52 pm,37.650,0.000000,0.4,1.6,04/13/2025 06:50:39 pm,37.650,14.600000,3.9,2.6
04/13/2025 06:11:29 pm,37.700,39.790000,0.5,1.7,04/13/2025 06:12:52 pm,37.700,0.000000,0.4,1.6,04/13/2025 06:50:39 pm,37.700,14.355000,4.0,2.6
04/13/2025 06:11:29 pm,37.750,39.525000,0.4,1.6,04/13/2025 06:12:52 pm,37.750,0.000000,0.4,1.6,04/13/2025 06:50:39 pm,37.750,14.080000,4.1,2.6
04/13/2025 06:11:29 pm,37.800,39.115000,0.4,1.6,04/13/2025 06:12:52 pm,37.800,0.000000,0.4,1.6,04/13/2025 06:50:39 pm,37.800,13.710000,4.2,2.6
04/13/2025 06:11:29 pm,37.850,38.455000,0.4,1.6,04/13/2025 06:12:52 pm,37.850,0.000000,0.4,1.6,04/13/2025 06:50:39 pm,37.850,13.330000,4.4,2.6
04/13/2025 06:11:29 pm,37.900,38.410000,0.4,1.6,04/13/2025 06:12:52 pm,37.900,0.000000,0.4,1.6,04/13/2025 06:50:39 pm,37.900,12.950000,4.5,2.7
04/13/2025 06:11:29 pm,37.950,38.080000,0.4,1.6,04/13/2025 06:12:52 pm,37.950,0.000000,0.4,1.6,04/13/2025 06:50:39 pm,37.950,12.705000,4.7,2.7
04/13/2025 06:11:30 pm,38.000,37.460000,0.4,1.6,04/13/2025 06:12:53 pm,38.000,0.000000,0.4,1.6,04/13/2025 06:50:40 pm,38.000,12.535000,4.7,2.7
04/13/2025 06:11:30 pm,38.050,37.275000,0.4,1.6,04/13/2025 06:12:53 pm,38.050,0.000000,0.4,1.6,04/13/2025 06:50:40 pm,38.050,12.425000,4.8,2.7
04/13/2025 06:11:30 pm,38.100,37.145000,0.4,1.6,04/13/2025 06:12:53 pm,38.100,0.000000,0.4,1.6,04/13/2025 06:50:40 pm,38.100,12.130000,4.9,2.7
04/13/2025 06:11:30 pm,38.150,37.050000,0.4,1.6,04/13/2025 06:12:53 pm,38.150,0.000000,0.4,1.6,04/13/2025 06:50:40 pm,38.150,11.870000,5.0,2.7
04/13/2025 06:11:30 pm,38.200,36.985000,0.4,1.6,04/13/2025 06:12:53 pm,38.200,0.000000,0.4,1.6,04/13/2025 06:50:40 pm,38.200,11.825000,5.0,2.7
04/13/2025 06:11:30 pm,38.250,36.970000,0.4,1.6,04/13/2025 06:12:53 pm,38.250,0.000000,0.4,1.6,04/13/2025 06:50:40 pm,38.250,11.825000,5.0,2.7
04/13/2025 06:11:30 pm,38.300,36.970000,0.4,1.6,04/13/2025 06:12:53 pm,38.300,0.000000,0.4,1.6,04/13/2025 06:50:40 pm,38.300,11.825000,5.0,2.7
04/13/2025 06:11:30 pm,38.350,36.975000,0.4,1.6,04/13/2025 06:12:53 pm,38.350,0.000000,0.4,1.6,04/13/2025 06:50:40 pm,38.350,11.830000,5.0,2.7
04/13/2025 06:11:30 pm,38.400,36.975000,0.4,1.6,04/13/2025 06:12:53 pm,38.400,0.170000,0.4,1.6,04/13/2025 06:50:40 pm,38.400,11.830000,5.0,2.7
04/13/2025 06:11:30 pm,38.450,36.995000,0.4,1.6,04/13/2025 06:12:53 pm,38.450,-0.090000,0.4,1.6,04/13/2025 06:50:40 pm,38.450,11.830000,5.0,2.7
04/13/2025 06:11:30 pm,38.500,37.000000,0.4,1.6,04/13/2025 06:12:53 pm,38.500,-0.170000,0.4,1.6,04/13/2025 06:50:40 pm,38.500,11.830000,5.0,2.7
04/13/2025 06:11:30 pm,38.550,36.980000,0.4,1.6,04/13/2025 06:12:53 pm,38.550,-0.130000,0.4,1.6,04/13/2025 06:50:40 pm,38.550,11.830000,5.0,2.7
04/13/2025 06:11:30 pm,38.600,36.720000,0.4,1.6,04/13/2025 06:12:53 pm,38.600,0.090000,0.4,1.6,04/13/2025 06:50:40 pm,38.600,11.830000,5.0,2.7
04/13/2025 06:11:30 pm,38.650,36.655000,0.4,1.6,04/13/2025 06:12:53 pm,38.650,0.115000,0.4,1.6,04/13/2025 06:50:40 pm,38.650,11.830000,5.0,2.7
04/13/2025 06:11:30 pm,38.700,36.560000,0.4,1.6,04/13/2025 06:12:53 pm,38.700,0.115000,0.4,1.6,04/13/2025 06:50:40 pm,38.700,11.825000,5.0,2.7
04/13/2025 06:11:30 pm,38.750,36.370000,0.4,1.6,04/13/2025 06:12:53 pm,38.750,0.115000,0.4,1.6,04/13/2025 06:50:40 pm,38.750,11.825000,5.1,2.7
04/13/2025 06:11:30 pm,38.800,36.245000,0.4,1.6,04/13/2025 06:12:53 pm,38.800,0.115000,0.4,1.6,04/13/2025 06:50:40 pm,38.800,11.825000,5.1,2.7
04/13/2025 06:11:30 pm,38.850,36.140000,0.4,1.6,04/13/2025 06:12:53 pm,38.850,0.115000,0.4,1.6,04/13/2025 06:50:40 pm,38.850,11.825000,5.0,2.7
04/13/2025 06:11:30 pm,38.900,35.710000,0.4,1.6,04/13/2025 06:12:53 pm,38.900,0.115000,0.4,1.6,04/13/2025 06:50:40 pm,38.900,11.825000,5.0,2.7
04/13/2025 06:11:30 pm,38.950,35.060000,0.4,1.6,04/13/2025 06:12:53 pm,38.950,0.180000,0.4,1.6,04/13/2025 06:50:40 pm,38.950,11.825000,5.1,2.7
04/13/2025 06:11:31 pm,39.000,34.720000,0.4,1.6,04/13/2025 06:12:54 pm,39.000,0.380000,0.4,1.6,04/13/2025 06:50:41 pm,39.000,11.825000,5.0,2.7
04/13/2025 06:11:31 pm,39.050,34.550000,0.4,1.6,04/13/2025 06:12:54 pm,39.050,0.510000,0.4,1.6,04/13/2025 06:50:41 pm,39.050,11.820000,5.0,2.7
04/13/2025 06:11:31 pm,39.100,34.395000,0.4,1.6,04/13/2025 06:12:54 pm,39.100,0.895000,0.4,1.6,04/13/2025 06:50:41 pm,39.100,11.815000,5.0,2.7
04/13/2025 06:11:31 pm,39.150,33.970000,0.4,1.6,04/13/2025 06:12:54 pm,39.150,1.055000,0.4,1.6,04/13/2025 06:50:41 pm,39.150,11.365000,5.1,2.7
04/13/2025 06:11:31 pm,39.200,33.660000,0.4,1.6,04/13/2025 06:12:54 pm,39.200,1.270000,0.4,1.6,04/13/2025 06:50:41 pm,39.200,10.930000,5.5,2.7
04/13/2025 06:11:31 pm,39.250,33.450000,0.4,1.6,04/13/2025 06:12:54 pm,39.250,1.485000,0.4,1.6,04/13/2025 06:50:41 pm,39.250,10.930000,5.4,2.7
04/13/2025 06:11:31 pm,39.300,33.025000,0.4,1.6,04/13/2025 06:12:54 pm,39.300,1.795000,0.4,1.6,04/13/2025 06:50:41 pm,39.300,10.930000,5.4,2.7
04/13/2025 06:11:31 pm,39.350,32.630000,0.4,1.6,04/13/2025 06:12:54 pm,39.350,2.220000,0.4,1.6,04/13/2025 06:50:41 pm,39.350,10.925000,5.4,2.7
04/13/2025 06:11:31 pm,39.400,32.490000,0.4,1.6,04/13/2025 06:12:54 pm,39.400,2.690000,0.4,1.6,04/13/2025 06:50:41 pm,39.400,10.855000,5.5,2.7
04/13/2025 06:11:31 pm,39.450,32.385000,0.4,1.6,04/13/2025 06:12:54 pm,39.450,3.260000,0.4,1.6,04/13/2025 06:50:41 pm,39.450,10.785000,5.5,2.7
04/13/2025 06:11:31 pm,39.500,32.250000,0.4,1.6,04/13/2025 06:12:54 pm,39.500,3.675000,0.4,1.6,04/13/2025 06:50:41 pm,39.500,10.755000,5.5,2.7
04/13/2025 06:11:31 pm,39.550,32.170000,0.4,1.6,04/13/2025 06:12:54 pm,39.550,4.025000,0.4,1.6,04/13/2025 06:50:41 pm,39.550,10.700000,5.5,2.7
04/13/2025 06:11:31 pm,39.600,32.140000,0.4,1.6,04/13/2025 06:12:54 pm,39.600,4.510000,0.4,1.6,04/13/2025 06:50:41 pm,39.600,10.435000,5.6,2.8
04/13/2025 06:11:31 pm,39.650,32.095000,0.4,1.6,04/13/2025 06:12:54 pm,39.650,4.995000,0.4,1.6,04/13/2025 06:50:41 pm,39.650,10.065000,5.8,2.8
04/13/2025 06:11:31 pm,39.700,32.095000,0.4,1.6,04/13/2025 06:12:54 pm,39.700,5.495000,0.4,1.6,04/13/2025 06:50:41 pm,39.700,9.850000,5.9,2.8
04/13/2025 06:11:31 pm,39.750,32.095000,0.4,1.6,04/13/2025 06:12:54 pm,39.750,6.010000,0.4,1.6,04/13/2025 06:50:41 pm,39.750,9.535000,5.9,2.8
04/13/2025 06:11:31 pm,39.800,32.095000,0.4,1.6,04/13/2025 06:12:54 pm,39.800,6.605000,0.4,1.6,04/13/2025 06:50:41 pm,39.800,8.880000,6.2,2.8
04/13/2025 06:11:31 pm,39.850,32.100000,0.4,1.6,04/13/2025 06:12:54 pm,39.850,7.320000,0.4,1.6,04/13/2025 06:50:41 pm,39.850,8.385000,6.4,2.8
04/13/2025 06:11:31 pm,39.900,32.100000,0.4,1.6,04/13/2025 06:12:54 pm,39.900,8.370000,0.4,1.6,04/13/2025 06:50:41 pm,39.900,7.815000,6.5,2.8
04/13/2025 06:11:31 pm,39.950,32.100000,0.4,1.6,04/13/2025 06:12:54 pm,39.950,8.760000,0.4,1.6,04/13/2025 06:50:41 pm,39.950,7.150000,6.8,2.8
04/13/2025 06:11:32 pm,40.000,32.100000,0.4,1.6,04/13/2025 06:12:55 pm,40.000,9.225000,0.4,1.6,04/13/2025 06:50:42 pm,40.000,6.625000,6.9,2.8
04/13/2025 06:11:32 pm,40.050,32.100000,0.4,1.6,04/13/2025 06:12:55 pm,40.050,9.435000,0.4,1.6,04/13/2025 06:50:42 pm,40.050,6.250000,7.0,2.8
04/13/2025 06:11:32 pm,40.100,32.100000,0.4,1.6,04/13/2025 06:12:55 pm,40.100,9.620000,0.4,1.6,04/13/2025 06:50:42 pm,40.100,5.735000,7.2,2.9
04/13/2025 06:11:32 pm,40.150,32.095000,0.4,1.6,04/13/2025 06:12:55 pm,40.150,9.710000,0.4,1.6,04/13/2025 06:50:42 pm,40.150,5.465000,7.3,2.9
04/13/2025 06:11:32 pm,40.200,32.095000,0.4,1.6,04/13/2025 06:12:55 pm,40.200,9.895000,0.4,1.6,04/13/2025 06:50:42 pm,40.200,5.335000,7.2,2.9
04/13/2025 06:11:32 pm,40.250,32.095000,0.4,1.6,04/13/2025 06:12:55 pm,40.250,10.095000,0.4,1.6,04/13/2025 06:50:42 pm,40.250,5.015000,7.3,2.9
04/13/2025 06:11:32 pm,40.300,32.095000,0.4,1.6,04/13/2025 06:12:55 pm,40.300,10.385000,0.4,1.6,04/13/2025 06:50:42 pm,40.300,4.420000,7.4,2.9
04/13/2025 06:11:32 pm,40.350,32.080000,0.4,1.6,04/13/2025 06:12:55 pm,40.350,10.725000,0.4,1.6,04/13/2025 06:50:42 pm,40.350,3.890000,7.5,2.9
04/13/2025 06:11:32 pm,40.400,32.020000,0.4,1.6,04/13/2025 06:12:55 pm,40.400,11.075000,0.4,1.6,04/13/2025 06:50:42 pm,40.400,3.500000,7.5,2.9
04/13/2025 06:11:32 pm,40.450,31.885000,0.4,1.6,04/13/2025 06:12:55 pm,40.450,11.490000,0.4,1.6,04/13/2025 06:50:42 pm,40.450,3.195000,7.5,2.9
04/13/2025 06:11:32 pm,40.500,31.855000,0.4,1.6,04/13/2025 06:12:55 pm,40.500,11.940000,0.4,1.6,04/13/2025 06:50:42 pm,40.500,2.780000,7.6,2.9
04/13/2025 06:11:32 pm,40.550,31.615000,0.4,1.6,04/13/2025 06:12:55 pm,40.550,12.380000,0.4,1.6,04/13/2025 06:50:42 pm,40.550,2.410000,7.6,2.9
04/13/2025 06:11:32 pm,40.600,31.360000,0.4,1.6,04/13/2025 06:12:55 pm,40.600,12.875000,0.4,1.6,04/13/2025 06:50:42 pm,40.600,1.940000,7.6,2.9
04/13/2025 06:11:32 pm,40.650,31.090000,0.4,1.6,04/13/2025 06:12:55 pm,40.650,13.505000,0.4,1.6,04/13/2025 06:50:42 pm,40.650,1.755000,7.6,2.9
04/13/2025 06:11:32 pm,40.700,30.890000,0.4,1.6,04/13/2025 06:12:55 pm,40.700,13.900000,0.4,1.6,04/13/2025 06:50:42 pm,40.700,1.675000,7.7,2.9
04/13/2025 06:11:32 pm,40.750,30.490000,0.4,1.6,04/13/2025 06:12:55 pm,40.750,14.190000,0.4,1.6,04/13/2025 06:50:42 pm,40.750,1.675000,7.6,2.9
04/13/2025 06:11:32 pm,40.800,30.370000,0.4,1.6,04/13/2025 06:12:55 pm,40.800,14.575000,0.4,1.6,04/13/2025 06:50:42 pm,40.800,1.675000,7.6,2.9
04/13/2025 06:11:32 pm,40.850,30.175000,0.4,1.6,04/13/2025 06:12:55 pm,40.850,15.000000,0.4,1.6,04/13/2025 06:50:42 pm,40.850,1.675000,7.6,2.9
04/13/2025 06:11:32 pm,40.900,29.880000,0.4,1.6,04/13/2025 06:12:55 pm,40.900,15.365000,0.4,1.6,04/13/2025 06:50:42 pm,40.900,1.675000,7.6,2.9
04/13/2025 06:11:32 pm,40.950,29.465000,0.4,1.6,04/13/2025 06:12:55 pm,40.950,15.700000,0.4,1.6,04/13/2025 06:50:42 pm,40.950,1.675000,7.6,2.9
04/13/2025 06:11:33 pm,41.000,28.840000,0.4,1.6,04/13/2025 06:12:56 pm,41.000,16.080000,0.4,1.6,04/13/2025 06:50:43 pm,41.000,1.615000,7.6,2.9
04/13/2025 06:11:33 pm,41.050,28.185000,0.4,1.6,04/13/2025 06:12:56 pm,41.050,16.400000,0.4,1.6,04/13/2025 06:50:43 pm,41.050,0.915000,7.6,2.9
04/13/2025 06:11:33 pm,41.100,28.015000,0.4,1.6,04/13/2025 06:12:56 pm,41.100,16.730000,0.4,1.6,04/13/2025 06:50:43 pm,41.100,0.120000,7.6,2.9
04/13/2025 06:11:33 pm,41.150,27.510000,0.4,1.6,04/13/2025 06:12:56 pm,41.150,17.045000,0.4,1.6,04/13/2025 06:50:43 pm,41.150,-0.035000,7.6,2.9
04/13/2025 06:11:33 pm,41.200,27.365000,0.4,1.6,04/13/2025 06:12:56 pm,41.200,17.410000,0.4,1.6,04/13/2025 06:50:43 pm,41.200,-0.505000,7.6,2.9
04/13/2025 06:11:33 pm,41.250,27.165000,0.4,1.6,04/13/2025 06:12:56 pm,41.250,17.795000,0.4,1.6,04/13/2025 06:50:43 pm,41.250,-1.015000,7.5,2.9
04/13/2025 06:11:33 pm,41.300,26.975000,0.4,1.6,04/13/2025 06:12:56 pm,41.300,18.210000,0.4,1.6,04/13/2025 06:50:43 pm,41.300,-1.100000,7.5,2.9
04/13/2025 06:11:33 pm,41.350,26.855000,0.4,1.6,04/13/2025 06:12:56 pm,41.350,18.655000,0.4,1.6,04/13/2025 06:50:43 pm,41.350,-1.650000,7.4,2.9
04/13/2025 06:11:33 pm,41.400,26.630000,0.4,1.6,04/13/2025 06:12:56 pm,41.400,19.065000,0.4,1.6,04/13/2025 06:50:43 pm,41.400,-2.185000,7.3,2.9
04/13/2025 06:11:33 pm,41.450,26.395000,0.4,1.6,04/13/2025 06:12:56 pm,41.450,19.405000,0.4,1.6,04/13/2025 06:50:43 pm,41.450,-2.435000,7.3,2.9
04/13/2025 06:11:33 pm,41.500,26.310000,0.4,1.6,04/13/2025 06:12:56 pm,41.500,19.655000,0.4,1.6,04/13/2025 06:50:43 pm,41.500,-2.860000,7.1,2.9
04/13/2025 06:11:33 pm,41.550,26.230000,0.4,1.6,04/13/2025 06:12:56 pm,41.550,19.855000,0.4,1.6,04/13/2025 06:50:43 pm,41.550,-3.295000,7.0,2.8
04/13/2025 06:11:33 pm,41.600,26.055000,0.4,1.6,04/13/2025 06:12:56 pm,41.600,20.015000,0.4,1.6,04/13/2025 06:50:43 pm,41.600,-3.720000,6.9,2.8
04/13/2025 06:11:33 pm,41.650,25.875000,0.4,1.6,04/13/2025 06:12:56 pm,41.650,20.270000,0.4,1.6,04/13/2025 06:50:43 pm,41.650,-4.170000,6.8,2.8
04/13/2025 06:11:33 pm,41.700,25.630000,0.4,1.6,04/13/2025 06:12:56 pm,41.700,20.520000,0.4,1.6,04/13/2025 06:50:43 pm,41.700,-4.580000,6.6,2.8
04/13/2025 06:11:33 pm,41.750,25.385000,0.4,1.6,04/13/2025 06:12:56 pm,41.750,20.805000,0.4,1.6,04/13/2025 06:50:43 pm,41.750,-4.915000,6.6,2.8
04/13/2025 06:11:33 pm,41.800,24.995000,0.4,1.6,04/13/2025 06:12:56 pm,41.800,21.110000,0.4,1.6,04/13/2025 06:50:43 pm,41.800,-5.445000,6.4,2.8
04/13/2025 06:11:33 pm,41.850,24.640000,0.4,1.6,04/13/2025 06:12:56 pm,41.850,21.425000,0.4,1.6,04/13/2025 06:50:43 pm,41.850,-5.860000,6.3,2.8
04/13/2025 06:11:33 pm,41.900,24.355000,0.4,1.6,04/13/2025 06:12:56 pm,41.900,21.775000,0.4,1.6,04/13/2025 06:50:43 pm,41.900,-6.205000,6.1,2.8
04/13/2025 06:11:33 pm,41.950,23.985000,0.4,1.6,04/13/2025 06:12:56 pm,41.950,22.130000,0.4,1.6,04/13/2025 06:50:43 pm,41.950,-6.525000,6.0,2.8
04/13/2025 06:11:34 pm,42.000,23.690000,0.4,1.6,04/13/2025 06:12:57 pm,42.000,22.535000,0.4,1.6,04/13/2025 06:50:44 pm,42.000,-6.870000,5.9,2.8
04/13/2025 06:11:34 pm,42.050,23.300000,0.4,1.6,04/13/2025 06:12:57 pm,42.050,22.925000,0.4,1.6,04/13/2025 06:50:44 pm,42.050,-7.090000,5.8,2.8
04/13/2025 06:11:34 pm,42.100,22.855000,0.4,1.6,04/13/2025 06:12:57 pm,42.100,23.150000,0.4,1.6,04/13/2025 06:50:44 pm,42.100,-7.620000,5.6,2.8
04/13/2025 06:11:34 pm,42.150,22.665000,0.4,1.6,04/13/2025 06:12:57 pm,42.150,23.290000,0.4,1.6,04/13/2025 06:50:44 pm,42.150,-8.120000,5.4,2.7
04/13/2025 06:11:34 pm,42.200,22.395000,0.4,1.6,04/13/2025 06:12:57 pm,42.200,23.330000,0.4,1.6,04/13/2025 06:50:44 pm,42.200,-8.465000,5.3,2.7
04/13/2025 06:11:34 pm,42.250,22.345000,0.4,1.6,04/13/2025 06:12:57 pm,42.250,23.380000,0.4,1.6,04/13/2025 06:50:44 pm,42.250,-8.570000,5.2,2.7
04/13/2025 06:11:34 pm,42.300,22.220000,0.4,1.6,04/13/2025 06:12:57 pm,42.300,23.480000,0.4,1.6,04/13/2025 06:50:44 pm,42.300,-8.745000,5.2,2.7
04/13/2025 06:11:34 pm,42.350,22.165000,0.4,1.6,04/13/2025 06:12:57 pm,42.350,23.595000,0.4,1.6,04/13/2025 06:50:44 pm,42.350,-8.915000,5.1,2.7
04/13/2025 06:11:34 pm,42.400,22.090000,0.4,1.6,04/13/2025 06:12:57 pm,42.400,23.745000,0.4,1.6,04/13/2025 06:50:44 pm,42.400,-9.095000,5.0,2.7
04/13/2025 06:11:34 pm,42.450,22.085000,0.4,1.6,04/13/2025 06:12:57 pm,42.450,23.815000,0.4,1.6,04/13/2025 06:50:44 pm,42.450,-9.555000,4.8,2.7
04/13/2025 06:11:34 pm,42.500,22.085000,0.4,1.6,04/13/2025 06:12:57 pm,42.500,23.890000,0.4,1.6,04/13/2025 06:50:44 pm,42.500,-10.305000,4.5,2.7
04/13/2025 06:11:34 pm,42.550,22.085000,0.4,1.6,04/13/2025 06:12:57 pm,42.550,24.140000,0.4,1.6,04/13/2025 06:50:44 pm,42.550,-10.910000,4.2,2.6
04/13/2025 06:11:34 pm,42.600,22.085000,0.4,1.6,04/13/2025 06:12:57 pm,42.600,24.475000,0.4,1.6,04/13/2025 06:50:44 pm,42.600,-11.325000,4.0,2.6
04/13/2025 06:11:34 pm,42.650,22.085000,0.4,1.6,04/13/2025 06:12:57 pm,42.650,24.825000,0.4,1.6,04/13/2025 06:50:44 pm,42.650,-12.060000,3.7,2.6
04/13/2025 06:11:34 pm,42.700,21.975000,0.4,1.6,04/13/2025 06:12:57 pm,42.700,25.180000,0.4,1.6,04/13/2025 06:50:44 pm,42.700,-12.585000,3.5,2.5
04/13/2025 06:11:34 pm,42.750,21.605000,0.4,1.6,04/13/2025 06:12:57 pm,42.750,25.550000,0.4,1.6,04/13/2025 06:50:44 pm,42.750,-13.090000,3.3,2.5
04/13/2025 06:11:34 pm,42.800,21.400000,0.4,1.6,04/13/2025 06:12:57 pm,42.800,25.935000,0.4,1.6,04/13/2025 06:50:44 pm,42.800,-13.990000,2.9,2.5
04/13/2025 06:11:34 pm,42.850,20.995000,0.4,1.6,04/13/2025 06:12:57 pm,42.850,26.325000,0.4,1.6,04/13/2025 06:50:44 pm,42.850,-14.465000,2.7,2.4
04/13/2025 06:11:34 pm,42.900,20.560000,0.4,1.6,04/13/2025 06:12:57 pm,42.900,26.705000,0.4,1.6,04/13/2025 06:50:44 pm,42.900,-14.695000,2.6,2.4
04/13/2025 06:11:34 pm,42.950,20.220000,0.4,1.6,04/13/2025 06:12:57 pm,42.950,27.195000,0.4,1.6,04/13/2025 06:50:44 pm,42.950,-15.215000,2.5,2.4
04/13/2025 06:11:35 pm,43.000,20.000000,0.4,1.6,04/13/2025 06:12:58 pm,43.000,27.610000,0.4,1.6,04/13/2025 06:50:45 pm,43.000,-15.575000,2.3,2.4
04/13/2025 06:11:35 pm,43.050,19.620000,0.4,1.6,04/13/2025 06:12:58 pm,43.050,27.985000,0.4,1.6,04/13/2025 06:50:45 pm,43.050,-15.930000,2.2,2.3
04/13/2025 06:11:35 pm,43.100,19.255000,0.4,1.6,04/13/2025 06:12:58 pm,43.100,28.390000,0.4,1.6,04/13/2025 06:50:45 pm,43.100,-16.230000,2.1,2.3
04/13/2025 06:11:35 pm,43.150,18.500000,0.4,1.6,04/13/2025 06:12:58 pm,43.150,28.825000,0.4,1.6,04/13/2025 06:50:45 pm,43.150,-16.455000,2.1,2.3
04/13/2025 06:11:35 pm,43.200,18.185000,0.4,1.6,04/13/2025 06:12:58 pm,43.200,29.180000,0.4,1.6,04/13/2025 06:50:45 pm,43.200,-16.810000,2.0,2.3
04/13/2025 06:11:35 pm,43.250,17.990000,0.4,1.6,04/13/2025 06:12:58 pm,43.250,29.485000,0.4,1.6,04/13/2025 06:50:45 pm,43.250,-17.410000,1.8,2.2
04/13/2025 06:11:35 pm,43.300,17.715000,0.4,1.6,04/13/2025 06:12:58 pm,43.300,29.775000,0.4,1.6,04/13/2025 06:50:45 pm,43.300,-17.915000,1.6,2.2
04/13/2025 06:11:35 pm,43.350,17.400000,0.4,1.6,04/13/2025 06:12:58 pm,43.350,30.060000,0.4,1.6,04/13/2025 06:50:45 pm,43.350,-18.570000,1.4,2.2
04/13/2025 06:11:35 pm,43.400,17.170000,0.4,1.6,04/13/2025 06:12:58 pm,43.400,30.375000,0.4,1.6,04/13/2025 06:50:45 pm,43.400,-19.020000,1.3,2.1
04/13/2025 06:11:35 pm,43.450,17.025000,0.4,1.6,04/13/2025 06:12:58 pm,43.450,30.720000,0.4,1.6,04/13/2025 06:50:45 pm,43.450,-19.170000,1.3,2.1
04/13/2025 06:11:35 pm,43.500,16.790000,0.4,1.6,04/13/2025 06:12:58 pm,43.500,30.990000,0.4,1.6,04/13/2025 06:50:45 pm,43.500,-19.230000,1.2,2.1
04/13/2025 06:11:35 pm,43.550,16.505000,0.4,1.6,04/13/2025 06:12:58 pm,43.550,31.270000,0.4,1.6,04/13/2025 06:50:45 pm,43.550,-19.310000,1.2,2.1
04/13/2025 06:11:35 pm,43.600,16.455000,0.4,1.6,04/13/2025 06:12:58 pm,43.600,31.505000,0.4,1.6,04/13/2025 06:50:45 pm,43.600,-19.710000,1.2,2.1
04/13/2025 06:11:35 pm,43.650,16.330000,0.4,1.6,04/13/2025 06:12:58 pm,43.650,31.750000,0.4,1.6,04/13/2025 06:50:45 pm,43.650,-20.115000,1.0,2.0
04/13/2025 06:11:35 pm,43.700,16.265000,0.4,1.6,04/13/2025 06:12:58 pm,43.700,31.980000,0.4,1.6,04/13/2025 06:50:45 pm,43.700,-20.340000,1.0,2.0
04/13/2025 06:11:35 pm,43.750,16.175000,0.4,1.6,04/13/2025 06:12:58 pm,43.750,32.175000,0.4,1.6,04/13/2025 06:50:45 pm,43.750,-20.710000,1.0,2.0
04/13/2025 06:11:35 pm,43.800,16.005000,0.4,1.6,04/13/2025 06:12:58 pm,43.800,32.415000,0.4,1.6,04/13/2025 06:50:45 pm,43.800,-21.365000,0.8,1.9
04/13/2025 06:11:35 pm,43.850,15.880000,0.4,1.6,04/13/2025 06:12:58 pm,43.850,32.695000,0.4,1.6,04/13/2025 06:50:45 pm,43.850,-21.660000,0.8,1.9
04/13/2025 06:11:35 pm,43.900,15.685000,0.4,1.6,04/13/2025 06:12:58 pm,43.900,32.950000,0.4,1.6,04/13/2025 06:50:45 pm,43.900,-22.065000,0.7,1.9
04/13/2025 06:11:35 pm,43.950,15.500000,0.4,1.6,04/13/2025 06:12:58 pm,43.950,33.165000,0.4,1.6,04/13/2025 06:50:45 pm,43.950,-22.405000,0.7,1.8
04/13/2025 06:11:36 pm,44.000,15.365000,0.4,1.6,04/13/2025 06:12:59 pm,44.000,33.535000,0.4,1.6,04/13/2025 06:50:46 pm,44.000,-22.810000,0.6,1.8
04/13/2025 06:11:36 pm,44.050,15.035000,0.4,1.6,04/13/2025 06:12:59 pm,44.050,34.105000,0.4,1.6,04/13/2025 06:50:46 pm,44.050,-23.385000,0.6,1.8
04/13/2025 06:11:36 pm,44.100,14.710000,0.4,1.6,04/13/2025 06:12:59 pm,44.100,34.565000,0.4,1.6,04/13/2025 06:50:46 pm,44.100,-23.865000,0.6,1.7
04/13/2025 06:11:36 pm,44.150,14.365000,0.4,1.6,04/13/2025 06:12:59 pm,44.150,35.040000,0.4,1.6,04/13/2025 06:50:46 pm,44.150,-24.280000,0.5,1.7
04/13/2025 06:11:36 pm,44.200,14.230000,0.4,1.6,04/13/2025 06:12:59 pm,44.200,35.535000,0.4,1.6,04/13/2025 06:50:46 pm,44.200,-24.565000,0.5,1.7
04/13/2025 06:11:36 pm,44.250,13.905000,0.4,1.6,04/13/2025 06:12:59 pm,44.250,36.050000,0.4,1.6,04/13/2025 06:50:46 pm,44.250,-24.930000,0.5,1.7
04/13/2025 06:11:36 pm,44.300,13.695000,0.4,1.6,04/13/2025 06:12:59 pm,44.300,36.605000,0.5,1.7,04/13/2025 06:50:46 pm,44.300,-25.270000,0.5,1.7
04/13/2025 06:11:36 pm,44.350,13.450000,0.4,1.7,04/13/2025 06:12:59 pm,44.350,37.115000,0.4,1.6,04/13/2025 06:50:46 pm,44.350,-25.615000,0.5,1.7
04/13/2025 06:11:36 pm,44.400,13.065000,0.4,1.6,04/13/2025 06:12:59 pm,44.400,37.610000,0.4,1.6,04/13/2025 06:50:46 pm,44.400,-25.945000,0.5,1.7
04/13/2025 06:11:36 pm,44.450,12.850000,0.4,1.6,04/13/2025 06:12:59 pm,44.450,38.035000,0.4,1.6,04/13/2025 06:50:46 pm,44.450,-26.645000,0.5,1.7
04/13/2025 06:11:36 pm,44.500,12.555000,0.4,1.7,04/13/2025 06:12:59 pm,44.500,38.330000,0.4,1.6,04/13/2025 06:50:46 pm,44.500,-27.575000,0.5,1.7
04/13/2025 06:11:36 pm,44.550,12.360000,0.4,1.6,04/13/2025 06:12:59 pm,44.550,38.850000,0.4,1.6,04/13/2025 06:50:46 pm,44.550,-28.075000,0.5,1.7
04/13/2025 06:11:36 pm,44.600,12.150000,0.4,1.6,04/13/2025 06:12:59 pm,44.600,39.315000,0.4,1.6,04/13/2025 06:50:46 pm,44.600,-28.470000,0.5,1.7
04/13/2025 06:11:36 pm,44.650,11.835000,0.4,1.6,04/13/2025 06:12:59 pm,44.650,39.730000,0.4,1.6,04/13/2025 06:50:46 pm,44.650,-28.850000,0.5,1.7
04/13/2025 06:11:36 pm,44.700,11.540000,0.4,1.7,04/13/2025 06:12:59 pm,44.700,40.020000,0.4,1.6,04/13/2025 06:50:46 pm,44.700,-29.090000,0.5,1.7
04/13/2025 06:11:36 pm,44.750,11.325000,0.5,1.7,04/13/2025 06:12:59 pm,44.750,40.310000,0.4,1.6,04/13/2025 06:50:46 pm,44.750,-29.245000,0.5,1.7
04/13/2025 06:11:36 pm,44.800,11.140000,0.4,1.6,04/13/2025 06:12:59 pm,44.800,40.640000,0.4,1.6,04/13/2025 06:50:46 pm,44.800,-29.405000,0.5,1.7
04/13/2025 06:11:36 pm,44.850,10.925000,0.5,1.7,04/13/2025 06:12:59 pm,44.850,41.035000,0.4,1.6,04/13/2025 06:50:46 pm,44.850,-29.725000,0.5,1.7
04/13/2025 06:11:36 pm,44.900,10.710000,0.5,1.7,04/13/2025 06:12:59 pm,44.900,41.450000,0.4,1.6,04/13/2025 06:50:46 pm,44.900,-30.290000,0.5,1.7
04/13/2025 06:11:36 pm,44.950,10.455000,0.4,1.6,04/13/2025 06:12:59 pm,44.950,41.905000,0.4,1.6,04/13/2025 06:50:46 pm,44.950,-30.600000,0.5,1.7
04/13/2025 06:11:37 pm,45.000,10.095000,0.4,1.6,04/13/2025 06:13:00 pm,45.000,42.365000,0.4,1.6,04/13/2025 06:50:47 pm,45.000,-31.085000,0.5,1.7
04/13/2025 06:11:37 pm,45.050,9.540000,0.5,1.7,04/13/2025 06:13:00 pm,45.050,42.780000,0.4,1.6,04/13/2025 06:50:47 pm,45.050,-31.595000,0.6,1.8
04/13/2025 06:11:37 pm,45.100,9.320000,0.4,1.6,04/13/2025 06:13:00 pm,45.100,42.970000,0.4,1.6,04/13/2025 06:50:47 pm,45.100,-31.805000,0.6,1.8
04/13/2025 06:11:37 pm,45.150,8.915000,0.4,1.6,04/13/2025 06:13:00 pm,45.150,43.195000,0.4,1.6,04/13/2025 06:50:47 pm,45.150,-32.225000,0.6,1.8
04/13/2025 06:11:37 pm,45.200,8.505000,0.4,1.6,04/13/2025 06:13:00 pm,45.200,43.675000,0.4,1.6,04/13/2025 06:50:47 pm,45.200,-32.635000,0.6,1.8
04/13/2025 06:11:37 pm,45.250,7.965000,0.4,1.7,04/13/2025 06:13:00 pm,45.250,44.235000,0.4,1.6,04/13/2025 06:50:47 pm,45.250,-33.065000,0.6,1.8
04/13/2025 06:11:37 pm,45.300,7.600000,0.4,1.6,04/13/2025 06:13:00 pm,45.300,44.595000,0.4,1.6,04/13/2025 06:50:47 pm,45.300,-33.475000,0.7,1.8
04/13/2025 06:11:37 pm,45.350,7.380000,0.4,1.7,04/13/2025 06:13:00 pm,45.350,44.985000,0.4,1.6,04/13/2025 06:50:47 pm,45.350,-33.875000,0.7,1.8
04/13/2025 06:11:37 pm,45.400,7.110000,0.5,1.7,04/13/2025 06:13:00 pm,45.400,45.415000,0.4,1.6,04/13/2025 06:50:47 pm,45.400,-34.150000,0.7,1.8
04/13/2025 06:11:37 pm,45.450,6.905000,0.5,1.7,04/13/2025 06:13:00 pm,45.450,45.790000,0.4,1.6,04/13/2025 06:50:47 pm,45.450,-34.420000,0.7,1.8
04/13/2025 06:11:37 pm,45.500,6.650000,0.5,1.7,04/13/2025 06:13:00 pm,45.500,46.170000,0.4,1.6,04/13/2025 06:50:47 pm,45.500,-34.590000,0.7,1.8
04/13/2025 06:11:37 pm,45.550,6.480000,0.5,1.7,04/13/2025 06:13:00 pm,45.550,46.525000,0.4,1.6,04/13/2025 06:50:47 pm,45.550,-34.950000,0.7,1.8
04/13/2025 06:11:37 pm,45.600,6.405000,0.5,1.7,04/13/2025 06:13:00 pm,45.600,46.805000,0.4,1.6,04/13/2025 06:50:47 pm,45.600,-35.190000,0.7,1.9
04/13/2025 06:11:37 pm,45.650,6.335000,0.4,1.7,04/13/2025 06:13:00 pm,45.650,47.065000,0.4,1.6,04/13/2025 06:50:47 pm,45.650,-35.425000,0.7,1.9
04/13/2025 06:11:37 pm,45.700,6.335000,0.5,1.7,04/13/2025 06:13:00 pm,45.700,47.250000,0.4,1.6,04/13/2025 06:50:47 pm,45.700,-35.695000,0.7,1.9
04/13/2025 06:11:37 pm,45.750,6.365000,0.5,1.7,04/13/2025 06:13:00 pm,45.750,47.550000,0.4,1.6,04/13/2025 06:50:47 pm,45.750,-35.970000,0.7,1.9
04/13/2025 06:11:37 pm,45.800,6.340000,0.5,1.7,04/13/2025 06:13:00 pm,45.800,47.965000,0.4,1.6,04/13/2025 06:50:47 pm,45.800,-36.330000,0.8,1.9
04/13/2025 06:11:37 pm,45.850,6.240000,0.5,1.7,04/13/2025 06:13:00 pm,45.850,48.365000,0.4,1.6,04/13/2025 06:50:47 pm,45.850,-36.615000,0.8,1.9
04/13/2025 06:11:37 pm,45.900,6.140000,0.5,1.7,04/13/2025 06:13:00 pm,45.900,48.630000,0.4,1.6,04/13/2025 06:50:47 pm,45.900,-36.875000,0.8,1.9
04/13/2025 06:11:37 pm,45.950,6.030000,0.5,1.7,04/13/2025 06:13:00 pm,45.950,48.775000,0.4,1.6,04/13/2025 06:50:47 pm,45.950,-37.115000,0.8,1.9
04/13/2025 06:11:38 pm,46.000,6.030000,0.5,1.7,04/13/2025 06:13:01 pm,46.000,48.980000,0.4,1.6,04/13/2025 06:50:48 pm,46.000,-37.555000,0.8,1.9
04/13/2025 06:11:38 pm,46.050,6.060000,0.5,1.7,04/13/2025 06:13:01 pm,46.050,49.305000,0.4,1.6,04/13/2025 06:50:48 pm,46.050,-37.845000,0.8,1.9
04/13/2025 06:11:38 pm,46.100,6.200000,0.5,1.7,04/13/2025 06:13:01 pm,46.100,49.635000,0.4,1.6,04/13/2025 06:50:48 pm,46.100,-38.345000,0.8,1.9
04/13/2025 06:11:38 pm,46.150,6.135000,0.5,1.7,04/13/2025 06:13:01 pm,46.150,49.935000,0.4,1.6,04/13/2025 06:50:48 pm,46.150,-38.665000,0.8,1.9
04/13/2025 06:11:38 pm,46.200,5.995000,0.5,1.7,04/13/2025 06:13:01 pm,46.200,50.300000,0.4,1.6,04/13/2025 06:50:48 pm,46.200,-38.750000,0.8,1.9
04/13/2025 06:11:38 pm,46.250,6.040000,0.5,1.7,04/13/2025 06:13:01 pm,46.250,50.665000,0.4,1.6,04/13/2025 06:50:48 pm,46.250,-38.960000,0.8,1.9
04/13/2025 06:11:38 pm,46.300,6.155000,0.5,1.7,04/13/2025 06:13:01 pm,46.300,51.000000,0.4,1.6,04/13/2025 06:50:48 pm,46.300,-39.100000,0.8,1.9
04/13/2025 06:11:38 pm,46.350,6.340000,0.4,1.7,04/13/2025 06:13:01 pm,46.350,51.335000,0.4,1.6,04/13/2025 06:50:48 pm,46.350,-39.210000,0.8,1.9
04/13/2025 06:11:38 pm,46.400,6.470000,0.5,1.7,04/13/2025 06:13:01 pm,46.400,51.705000,0.4,1.6,04/13/2025 06:50:48 pm,46.400,-39.350000,0.8,1.9
04/13/2025 06:11:38 pm,46.450,6.515000,0.4,1.6,04/13/2025 06:13:01 pm,46.450,52.115000,0.4,1.6,04/13/2025 06:50:48 pm,46.450,-39.525000,0.8,1.9
04/13/2025 06:11:38 pm,46.500,6.515000,0.4,1.7,04/13/2025 06:13:01 pm,46.500,52.750000,0.4,1.6,04/13/2025 06:50:48 pm,46.500,-39.950000,0.8,1.9
04/13/2025 06:11:38 pm,46.550,6.505000,0.5,1.7,04/13/2025 06:13:01 pm,46.550,53.295000,0.4,1.6,04/13/2025 06:50:48 pm,46.550,-40.260000,0.8,1.9
04/13/2025 06:11:38 pm,46.600,6.375000,0.5,1.7,04/13/2025 06:13:01 pm,46.600,53.530000,0.4,1.6,04/13/2025 06:50:48 pm,46.600,-40.405000,0.8,1.9
04/13/2025 06:11:38 pm,46.650,5.980000,0.5,1.7,04/13/2025 06:13:01 pm,46.650,53.675000,0.4,1.6,04/13/2025 06:50:48 pm,46.650,-40.725000,0.8,1.9
04/13/2025 06:11:38 pm,46.700,5.630000,0.4,1.6,04/13/2025 06:13:01 pm,46.700,54.020000,0.4,1.6,04/13/2025 06:50:48 pm,46.700,-41.040000,0.8,1.9
04/13/2025 06:11:38 pm,46.750,5.330000,0.4,1.7,04/13/2025 06:13:01 pm,46.750,54.365000,0.4,1.6,04/13/2025 06:50:48 pm,46.750,-41.410000,0.8,1.9
04/13/2025 06:11:38 pm,46.800,4.955000,0.5,1.7,04/13/2025 06:13:01 pm,46.800,54.605000,0.4,1.6,04/13/2025 06:50:48 pm,46.800,-41.770000,0.8,1.9
04/13/2025 06:11:38 pm,46.850,4.575000,0.5,1.7,04/13/2025 06:13:01 pm,46.850,54.805000,0.4,1.6,04/13/2025 06:50:48 pm,46.850,-42.160000,0.8,1.9
04/13/2025 06:11:38 pm,46.900,4.155000,0.5,1.7,04/13/2025 06:13:01 pm,46.900,54.990000,0.4,1.6,04/13/2025 06:50:48 pm,46.900,-42.610000,0.7,1.9
04/13/2025 06:11:38 pm,46.950,3.650000,0.5,1.7,04/13/2025 06:13:01 pm,46.950,55.185000,0.4,1.6,04/13/2025 06:50:48 pm,46.950,-42.990000,0.7,1.9
04/13/2025 06:11:39 pm,47.000,3.250000,0.5,1.7,04/13/2025 06:13:02 pm,47.000,55.450000,0.4,1.6,04/13/2025 06:50:49 pm,47.000,-43.310000,0.7,1.9
04/13/2025 06:11:39 pm,47.050,2.890000,0.5,1.7,04/13/2025 06:13:02 pm,47.050,55.765000,0.4,1.6,04/13/2025 06:50:49 pm,47.050,-43.620000,0.7,1.9
04/13/2025 06:11:39 pm,47.100,2.630000,0.5,1.7,04/13/2025 06:13:02 pm,47.100,56.090000,0.4,1.6,04/13/2025 06:50:49 pm,47.100,-43.990000,0.7,1.9
04/13/2025 06:11:39 pm,47.150,2.325000,0.5,1.7,04/13/2025 06:13:02 pm,47.150,56.450000,0.4,1.6,04/13/2025 06:50:49 pm,47.150,-44.270000,0.7,1.8
04/13/2025 06:11:39 pm,47.200,1.985000,0.5,1.7,04/13/2025 06:13:02 pm,47.200,56.875000,0.4,1.6,04/13/2025 06:50:49 pm,47.200,-44.630000,0.7,1.8
04/13/2025 06:11:39 pm,47.250,1.740000,0.5,1.7,04/13/2025 06:13:02 pm,47.250,57.300000,0.4,1.6,04/13/2025 06:50:49 pm,47.250,-44.905000,0.7,1.8
04/13/2025 06:11:39 pm,47.300,1.530000,0.5,1.7,04/13/2025 06:13:02 pm,47.300,57.830000,0.4,1.6,04/13/2025 06:50:49 pm,47.300,-45.130000,0.7,1.8
04/13/2025 06:11:39 pm,47.350,1.300000,0.5,1.7,04/13/2025 06:13:02 pm,47.350,58.460000,0.4,1.6,04/13/2025 06:50:49 pm,47.350,-45.480000,0.7,1.8
04/13/2025 06:11:39 pm,47.400,1.075000,0.5,1.7,04/13/2025 06:13:02 pm,47.400,58.805000,0.4,1.6,04/13/2025 06:50:49 pm,47.400,-45.750000,0.7,1.8
04/13/2025 06:11:39 pm,47.450,0.915000,0.5,1.7,04/13/2025 06:13:02 pm,47.450,59.385000,0.4,1.6,04/13/2025 06:50:49 pm,47.450,-46.080000,0.6,1.8
04/13/2025 06:11:39 pm,47.500,0.855000,0.5,1.7,04/13/2025 06:13:02 pm,47.500,59.850000,0.4,1.6,04/13/2025 06:50:49 pm,47.500,-46.300000,0.6,1.8
04/13/2025 06:11:39 pm,47.550,0.760000,0.5,1.7,04/13/2025 06:13:02 pm,47.550,60.290000,0.4,1.6,04/13/2025 06:50:49 pm,47.550,-46.435000,0.6,1.8
04/13/2025 06:11:39 pm,47.600,0.760000,0.5,1.7,04/13/2025 06:13:02 pm,47.600,60.670000,0.4,1.6,04/13/2025 06:50:49 pm,47.600,-46.580000,0.6,1.8
04/13/2025 06:11:39 pm,47.650,0.760000,0.5,1.7,04/13/2025 06:13:02 pm,47.650,60.950000,0.4,1.6,04/13/2025 06:50:49 pm,47.650,-46.770000,0.6,1.8
04/13/2025 06:11:39 pm,47.700,0.760000,0.5,1.7,04/13/2025 06:13:02 pm,47.700,61.220000,0.4,1.6,04/13/2025 06:50:49 pm,47.700,-47.025000,0.6,1.8
04/13/2025 06:11:39 pm,47.750,0.760000,0.5,1.7,04/13/2025 06:13:02 pm,47.750,61.510000,0.4,1.6,04/13/2025 06:50:49 pm,47.750,-47.245000,0.6,1.8
04/13/2025 06:11:39 pm,47.800,0.760000,0.5,1.7,04/13/2025 06:13:02 pm,47.800,61.750000,0.4,1.6,04/13/2025 06:50:49 pm,47.800,-47.480000,0.6,1.8
04/13/2025 06:11:39 pm,47.850,0.760000,0.5,1.7,04/13/2025 06:13:02 pm,47.850,62.150000,0.4,1.6,04/13/2025 06:50:49 pm,47.850,-47.860000,0.6,1.8
04/13/2025 06:11:39 pm,47.900,0.745000,0.5,1.7,04/13/2025 06:13:02 pm,47.900,62.645000,0.4,1.6,04/13/2025 06:50:49 pm,47.900,-48.295000,0.6,1.8
04/13/2025 06:11:39 pm,47.950,0.420000,0.5,1.7,04/13/2025 06:13:02 pm,47.950,63.075000,0.4,1.6,04/13/2025 06:50:49 pm,47.950,-48.635000,0.6,1.7
04/13/2025 06:11:40 pm,48.000,-0.020000,0.5,1.7,04/13/2025 06:13:03 pm,48.000,63.415000,0.4,1.6,04/13/2025 06:50:50 pm,48.000,-49.010000,0.5,1.7
04/13/2025 06:11:40 pm,48.050,-0.395000,0.5,1.7,04/13/2025 06:13:03 pm,48.050,63.685000,0.4,1.6,04/13/2025 06:50:50 pm,48.050,-49.230000,0.5,1.7
04/13/2025 06:11:40 pm,48.100,-0.855000,0.5,1.7,04/13/2025 06:13:03 pm,48.100,64.055000,0.4,1.6,04/13/2025 06:50:50 pm,48.100,-49.445000,0.5,1.7
04/13/2025 06:11:40 pm,48.150,-1.365000,0.5,1.7,04/13/2025 06:13:03 pm,48.150,64.530000,0.4,1.6,04/13/2025 06:50:50 pm,48.150,-49.680000,0.5,1.7
04/13/2025 06:11:40 pm,48.200,-1.675000,0.5,1.7,04/13/2025 06:13:03 pm,48.200,64.895000,0.4,1.6,04/13/2025 06:50:50 pm,48.200,-49.780000,0.5,1.7
04/13/2025 06:11:40 pm,48.250,-2.045000,0.5,1.7,04/13/2025 06:13:03 pm,48.250,65.295000,0.4,1.6,04/13/2025 06:50:50 pm,48.250,-50.015000,0.5,1.7
04/13/2025 06:11:40 pm,48.300,-2.400000,0.5,1.7,04/13/2025 06:13:03 pm,48.300,65.675000,0.4,1.6,04/13/2025 06:50:50 pm,48.300,-50.250000,0.5,1.7
04/13/2025 06:11:40 pm,48.350,-2.575000,0.5,1.7,04/13/2025 06:13:03 pm,48.350,66.095000,0.4,1.6,04/13/2025 06:50:50 pm,48.350,-50.615000,0.5,1.7
04/13/2025 06:11:40 pm,48.400,-2.690000,0.5,1.7,04/13/2025 06:13:03 pm,48.400,66.550000,0.4,1.6,04/13/2025 06:50:50 pm,48.400,-50.925000,0.5,1.7
04/13/2025 06:11:40 pm,48.450,-2.945000,0.5,1.7,04/13/2025 06:13:03 pm,48.450,66.930000,0.4,1.6,04/13/2025 06:50:50 pm,48.450,-51.035000,0.5,1.7
04/13/2025 06:11:40 pm,48.500,-3.080000,0.5,1.7,04/13/2025 06:13:03 pm,48.500,67.245000,0.4,1.6,04/13/2025 06:50:50 pm,48.500,-51.240000,0.5,1.7
04/13/2025 06:11:40 pm,48.550,-3.260000,0.5,1.7,04/13/2025 06:13:03 pm,48.550,67.680000,0.4,1.6,04/13/2025 06:50:50 pm,48.550,-51.530000,0.5,1.7
04/13/2025 06:11:40 pm,48.600,-3.490000,0.5,1.7,04/13/2025 06:13:03 pm,48.600,68.165000,0.4,1.6,04/13/2025 06:50:50 pm,48.600,-51.555000,0.5,1.7
04/13/2025 06:11:40 pm,48.650,-3.650000,0.5,1.7,04/13/2025 06:13:03 pm,48.650,68.730000,0.4,1.6,04/13/2025 06:50:50 pm,48.650,-51.785000,0.5,1.7
04/13/2025 06:11:40 pm,48.700,-3.735000,0.5,1.7,04/13/2025 06:13:03 pm,48.700,69.180000,0.4,1.6,04/13/2025 06:50:50 pm,48.700,-52.035000,0.5,1.7
04/13/2025 06:11:40 pm,48.750,-3.930000,0.5,1.7,04/13/2025 06:13:03 pm,48.750,69.460000,0.4,1.6,04/13/2025 06:50:50 pm,48.750,-52.155000,0.5,1.7
04/13/2025 06:11:40 pm,48.800,-4.145000,0.5,1.7,04/13/2025 06:13:03 pm,48.800,69.675000,0.4,1.6,04/13/2025 06:50:50 pm,48.800,-52.420000,0.5,1.7
04/13/2025 06:11:40 pm,48.850,-4.400000,0.5,1.7,04/13/2025 06:13:03 pm,48.850,69.870000,0.4,1.6,04/13/2025 06:50:50 pm,48.850,-52.750000,0.5,1.7
04/13/2025 06:11:40 pm,48.900,-4.810000,0.5,1.7,04/13/2025 06:13:03 pm,48.900,70.025000,0.4,1.6,04/13/2025 06:50:50 pm,48.900,-52.910000,0.5,1.7
04/13/2025 06:11:40 pm,48.950,-5.095000,0.5,1.7,04/13/2025 06:13:03 pm,48.950,70.270000,0.4,1.6,04/13/2025 06:50:50 pm,48.950,-53.040000,0.5,1.7
04/13/2025 06:11:41 pm,49.000,-5.300000,0.5,1.7,04/13/2025 06:13:04 pm,49.000,70.485000,0.4,1.6,04/13/2025 06:50:51 pm,49.000,-53.175000,0.5,1.7
04/13/2025 06:11:41 pm,49.050,-5.575000,0.5,1.7,04/13/2025 06:13:04 pm,49.050,70.755000,0.4,1.6,04/13/2025 06:50:51 pm,49.050,-53.415000,0.5,1.7
04/13/2025 06:11:41 pm,49.100,-5.860000,0.5,1.7,04/13/2025 06:13:04 pm,49.100,71.140000,0.4,1.6,04/13/2025 06:50:51 pm,49.100,-53.495000,0.4,1.7
04/13/2025 06:11:41 pm,49.150,-6.085000,0.5,1.7,04/13/2025 06:13:04 pm,49.150,71.590000,0.4,1.6,04/13/2025 06:50:51 pm,49.150,-53.545000,0.5,1.7
04/13/2025 06:11:41 pm,49.200,-6.420000,0.5,1.7,04/13/2025 06:13:04 pm,49.200,72.125000,0.4,1.6,04/13/2025 06:50:51 pm,49.200,-53.655000,0.4,1.7
04/13/2025 06:11:41 pm,49.250,-6.830000,0.5,1.7,04/13/2025 06:13:04 pm,49.250,72.730000,0.4,1.6,04/13/2025 06:50:51 pm,49.250,-53.745000,0.5,1.7
04/13/2025 06:11:41 pm,49.300,-7.150000,0.4,1.6,04/13/2025 06:13:04 pm,49.300,73.180000,0.4,1.6,04/13/2025 06:50:51 pm,49.300,-54.025000,0.4,1.6
04/13/2025 06:11:41 pm,49.350,-7.550000,0.5,1.7,04/13/2025 06:13:04 pm,49.350,73.465000,0.4,1.6,04/13/2025 06:50:51 pm,49.350,-54.385000,0.4,1.6
04/13/2025 06:11:41 pm,49.400,-7.840000,0.4,1.6,04/13/2025 06:13:04 pm,49.400,73.475000,0.4,1.6,04/13/2025 06:50:51 pm,49.400,-54.565000,0.4,1.6
04/13/2025 06:11:41 pm,49.450,-8.060000,0.5,1.7,04/13/2025 06:13:04 pm,49.450,73.850000,0.4,1.6,04/13/2025 06:50:51 pm,49.450,-54.800000,0.4,1.6
04/13/2025 06:11:41 pm,49.500,-8.170000,0.4,1.6,04/13/2025 06:13:04 pm,49.500,74.545000,0.5,1.7,04/13/2025 06:50:51 pm,49.500,-55.060000,0.4,1.6
04/13/2025 06:11:41 pm,49.550,-8.400000,0.4,1.7,04/13/2025 06:13:04 pm,49.550,74.995000,0.4,1.6,04/13/2025 06:50:51 pm,49.550,-55.420000,0.4,1.6
04/13/2025 06:11:41 pm,49.600,-8.655000,0.4,1.6,04/13/2025 06:13:04 pm,49.600,75.235000,0.4,1.6,04/13/2025 06:50:51 pm,49.600,-55.715000,0.4,1.6
04/13/2025 06:11:41 pm,49.650,-8.960000,0.4,1.7,04/13/2025 06:13:04 pm,49.650,75.535000,0.4,1.6,04/13/2025 06:50:51 pm,49.650,-55.980000,0.4,1.6
04/13/2025 06:11:41 pm,49.700,-9.300000,0.4,1.6,04/13/2025 06:13:04 pm,49.700,75.770000,0.4,1.6,04/13/2025 06:50:51 pm,49.700,-56.400000,0.4,1.6
04/13/2025 06:11:41 pm,49.750,-9.640000,0.4,1.6,04/13/2025 06:13:04 pm,49.750,75.995000,0.4,1.6,04/13/2025 06:50:51 pm,49.750,-56.885000,0.4,1.6
04/13/2025 06:11:41 pm,49.800,-10.065000,0.4,1.6,04/13/2025 06:13:04 pm,49.800,76.225000,0.4,1.6,04/13/2025 06:50:51 pm,49.800,-57.290000,0.4,1.6
04/13/2025 06:11:41 pm,49.850,-10.420000,0.4,1.7,04/13/2025 06:13:04 pm,49.850,76.440000,0.4,1.6,04/13/2025 06:50:51 pm,49.850,-57.770000,0.4,1.6
04/13/2025 06:11:41 pm,49.900,-10.810000,0.4,1.6,04/13/2025 06:13:04 pm,49.900,76.770000,0.4,1.6,04/13/2025 06:50:51 pm,49.900,-58.175000,0.4,1.7
04/13/2025 06:11:41 pm,49.950,-11.245000,0.4,1.6,04/13/2025 06:13:04 pm,49.950,77.105000,0.4,1.6,04/13/2025 06:50:51 pm,49.950,-58.580000,0.4,1.7
04/13/2025 06:11:42 pm,50.000,-11.680000,0.4,1.6,04/13/2025 06:13:05 pm,50.000,77.455000,0.4,1.6,04/13/2025 06:50:52 pm,50.000,-58.830000,0.5,1.7
04/13/2025 06:11:42 pm,50.050,-12.170000,0.4,1.6,04/13/2025 06:13:05 pm,50.050,77.945000,0.4,1.6,04/13/2025 06:50:52 pm,50.050,-59.170000,0.4,1.6
04/13/2025 06:11:42 pm,50.100,-12.430000,0.4,1.6,04/13/2025 06:13:05 pm,50.100,78.270000,0.4,1.6,04/13/2025 06:50:52 pm,50.100,-59.875000,0.5,1.7
04/13/2025 06:11:42 pm,50.150,-12.660000,0.4,1.6,04/13/2025 06:13:05 pm,50.150,78.745000,0.4,1.6,04/13/2025 06:50:52 pm,50.150,-60.445000,0.5,1.7
04/13/2025 06:11:42 pm,50.200,-12.835000,0.5,1.7,04/13/2025 06:13:05 pm,50.200,79.105000,0.4,1.6,04/13/2025 06:50:52 pm,50.200,-60.790000,0.5,1.7
04/13/2025 06:11:42 pm,50.250,-12.980000,0.5,1.7,04/13/2025 06:13:05 pm,50.250,79.420000,0.4,1.6,04/13/2025 06:50:52 pm,50.250,-61.315000,0.5,1.7
04/13/2025 06:11:42 pm,50.300,-13.145000,0.5,1.7,04/13/2025 06:13:05 pm,50.300,79.680000,0.4,1.6,04/13/2025 06:50:52 pm,50.300,-61.690000,0.5,1.7
04/13/2025 06:11:42 pm,50.350,-13.385000,0.4,1.7,04/13/2025 06:13:05 pm,50.350,79.955000,0.4,1.6,04/13/2025 06:50:52 pm,50.350,-61.860000,0.5,1.7
04/13/2025 06:11:42 pm,50.400,-13.620000,0.5,1.7,04/13/2025 06:13:05 pm,50.400,80.215000,0.4,1.6,04/13/2025 06:50:52 pm,50.400,-62.130000,0.5,1.7
04/13/2025 06:11:42 pm,50.450,-13.860000,0.5,1.7,04/13/2025 06:13:05 pm,50.450,80.475000,0.4,1.6,04/13/2025 06:50:52 pm,50.450,-62.555000,0.5,1.7
04/13/2025 06:11:42 pm,50.500,-14.085000,0.5,1.7,04/13/2025 06:13:05 pm,50.500,80.700000,0.4,1.6,04/13/2025 06:50:52 pm,50.500,-62.850000,0.5,1.7
04/13/2025 06:11:42 pm,50.550,-14.180000,0.4,1.7,04/13/2025 06:13:05 pm,50.550,80.980000,0.4,1.6,04/13/2025 06:50:52 pm,50.550,-63.085000,0.5,1.7
04/13/2025 06:11:42 pm,50.600,-14.355000,0.4,1.6,04/13/2025 06:13:05 pm,50.600,81.305000,0.4,1.6,04/13/2025 06:50:52 pm,50.600,-63.455000,0.5,1.7
04/13/2025 06:11:42 pm,50.650,-14.555000,0.5,1.7,04/13/2025 06:13:05 pm,50.650,81.660000,0.4,1.6,04/13/2025 06:50:52 pm,50.650,-63.680000,0.5,1.7
04/13/2025 06:11:42 pm,50.700,-14.905000,0.5,1.7,04/13/2025 06:13:05 pm,50.700,82.115000,0.4,1.6,04/13/2025 06:50:52 pm,50.700,-63.830000,0.5,1.7
04/13/2025 06:11:42 pm,50.750,-15.370000,0.4,1.6,04/13/2025 06:13:05 pm,50.750,82.635000,0.4,1.6,04/13/2025 06:50:52 pm,50.750,-64.095000,0.5,1.7
04/13/2025 06:11:42 pm,50.800,-15.770000,0.4,1.7,04/13/2025 06:13:05 pm,50.800,83.120000,0.4,1.6,04/13/2025 06:50:52 pm,50.800,-64.190000,0.5,1.7
04/13/2025 06:11:42 pm,50.850,-16.060000,0.4,1.6,04/13/2025 06:13:05 pm,50.850,83.500000,0.4,1.6,04/13/2025 06:50:52 pm,50.850,-64.360000,0.5,1.7
04/13/2025 06:11:42 pm,50.900,-16.370000,0.4,1.6,04/13/2025 06:13:05 pm,50.900,83.745000,0.4,1.6,04/13/2025 06:50:52 pm,50.900,-64.570000,0.5,1.7
04/13/2025 06:11:42 pm,50.950,-16.930000,0.4,1.6,04/13/2025 06:13:05 pm,50.950,84.315000,0.4,1.6,04/13/2025 06:50:52 pm,50.950,-64.690000,0.5,1.7
04/13/2025 06:11:43 pm,51.000,-17.190000,0.4,1.6,04/13/2025 06:13:06 pm,51.000,84.795000,0.4,1.6,04/13/2025 06:50:53 pm,51.000,-64.920000,0.5,1.7
04/13/2025 06:11:43 pm,51.050,-17.460000,0.4,1.6,04/13/2025 06:13:06 pm,51.050,85.210000,0.4,1.6,04/13/2025 06:50:53 pm,51.050,-65.230000,0.5,1.7
04/13/2025 06:11:43 pm,51.100,-17.765000,0.4,1.6,04/13/2025 06:13:06 pm,51.100,85.605000,0.4,1.6,04/13/2025 06:50:53 pm,51.100,-65.375000,0.5,1.7
04/13/2025 06:11:43 pm,51.150,-18.075000,0.4,1.6,04/13/2025 06:13:06 pm,51.150,85.965000,0.4,1.6,04/13/2025 06:50:53 pm,51.150,-65.570000,0.5,1.7
04/13/2025 06:11:43 pm,51.200,-18.350000,0.4,1.6,04/13/2025 06:13:06 pm,51.200,86.275000,0.4,1.6,04/13/2025 06:50:53 pm,51.200,-65.970000,0.5,1.7
04/13/2025 06:11:43 pm,51.250,-18.660000,0.4,1.6,04/13/2025 06:13:06 pm,51.250,86.605000,0.4,1.6,04/13/2025 06:50:53 pm,51.250,-66.275000,0.5,1.7
04/13/2025 06:11:43 pm,51.300,-18.830000,0.4,1.6,04/13/2025 06:13:06 pm,51.300,86.850000,0.4,1.6,04/13/2025 06:50:53 pm,51.300,-66.500000,0.5,1.7
04/13/2025 06:11:43 pm,51.350,-19.030000,0.4,1.6,04/13/2025 06:13:06 pm,51.350,87.175000,0.4,1.6,04/13/2025 06:50:53 pm,51.350,-66.835000,0.5,1.7
04/13/2025 06:11:43 pm,51.400,-19.225000,0.4,1.6,04/13/2025 06:13:06 pm,51.400,87.485000,0.4,1.6,04/13/2025 06:50:53 pm,51.400,-67.315000,0.5,1.7
04/13/2025 06:11:43 pm,51.450,-19.530000,0.4,1.6,04/13/2025 06:13:06 pm,51.450,87.710000,0.4,1.6,04/13/2025 06:50:53 pm,51.450,-67.660000,0.5,1.7
04/13/2025 06:11:43 pm,51.500,-19.900000,0.4,1.6,04/13/2025 06:13:06 pm,51.500,87.750000,0.4,1.6,04/13/2025 06:50:53 pm,51.500,-68.060000,0.5,1.7
04/13/2025 06:11:43 pm,51.550,-20.300000,0.4,1.6,04/13/2025 06:13:06 pm,51.550,87.750000,0.4,1.6,04/13/2025 06:50:53 pm,51.550,-68.450000,0.5,1.7
04/13/2025 06:11:43 pm,51.600,-20.695000,0.4,1.6,04/13/2025 06:13:06 pm,51.600,87.750000,0.4,1.6,04/13/2025 06:50:53 pm,51.600,-68.660000,0.5,1.7
04/13/2025 06:11:43 pm,51.650,-21.220000,0.4,1.6,04/13/2025 06:13:06 pm,51.650,87.750000,0.4,1.6,04/13/2025 06:50:53 pm,51.650,-68.855000,0.5,1.7
04/13/2025 06:11:43 pm,51.700,-21.645000,0.4,1.6,04/13/2025 06:13:06 pm,51.700,87.750000,0.4,1.6,04/13/2025 06:50:53 pm,51.700,-69.320000,0.5,1.7
04/13/2025 06:11:43 pm,51.750,-21.985000,0.4,1.6,04/13/2025 06:13:06 pm,51.750,87.750000,0.4,1.6,04/13/2025 06:50:53 pm,51.750,-69.770000,0.5,1.7
04/13/2025 06:11:43 pm,51.800,-22.405000,0.4,1.6,04/13/2025 06:13:06 pm,51.800,87.750000,0.4,1.6,04/13/2025 06:50:53 pm,51.800,-70.200000,0.5,1.7
04/13/2025 06:11:43 pm,51.850,-22.570000,0.4,1.6,04/13/2025 06:13:06 pm,51.850,87.750000,0.4,1.6,04/13/2025 06:50:53 pm,51.850,-70.545000,0.5,1.7
04/13/2025 06:11:43 pm,51.900,-22.780000,0.4,1.6,04/13/2025 06:13:06 pm,51.900,87.750000,0.4,1.6,04/13/2025 06:50:53 pm,51.900,-70.920000,0.5,1.7
04/13/2025 06:11:43 pm,51.950,-22.805000,0.4,1.6,04/13/2025 06:13:06 pm,51.950,87.750000,0.4,1.6,04/13/2025 06:50:53 pm,51.950,-71.235000,0.5,1.7
04/13/2025 06:11:44 pm,52.000,-22.945000,0.4,1.6,04/13/2025 06:13:07 pm,52.000,87.750000,0.4,1.6,04/13/2025 06:50:54 pm,52.000,-71.290000,0.5,1.7
04/13/2025 06:11:44 pm,52.050,-23.080000,0.4,1.6,04/13/2025 06:13:07 pm,52.050,87.750000,0.4,1.6,04/13/2025 06:50:54 pm,52.050,-71.585000,0.5,1.7
04/13/2025 06:11:44 pm,52.100,-23.235000,0.4,1.6,04/13/2025 06:13:07 pm,52.100,87.750000,0.4,1.6,04/13/2025 06:50:54 pm,52.100,-71.850000,0.5,1.7
04/13/2025 06:11:44 pm,52.150,-23.385000,0.4,1.6,04/13/2025 06:13:07 pm,52.150,87.750000,0.4,1.6,04/13/2025 06:50:54 pm,52.150,-72.150000,0.5,1.7
04/13/2025 06:11:44 pm,52.200,-23.580000,0.4,1.6,04/13/2025 06:13:07 pm,52.200,87.750000,0.4,1.6,04/13/2025 06:50:54 pm,52.200,-72.720000,0.5,1.7
04/13/2025 06:11:44 pm,52.250,-23.690000,0.4,1.6,04/13/2025 06:13:07 pm,52.250,87.750000,0.4,1.6,04/13/2025 06:50:54 pm,52.250,-72.925000,0.5,1.7
04/13/2025 06:11:44 pm,52.300,-23.695000,0.4,1.6,04/13/2025 06:13:07 pm,52.300,87.750000,0.4,1.6,04/13/2025 06:50:54 pm,52.300,-73.025000,0.5,1.7
04/13/2025 06:11:44 pm,52.350,-23.810000,0.4,1.6,04/13/2025 06:13:07 pm,52.350,87.750000,0.4,1.6,04/13/2025 06:50:54 pm,52.350,-73.325000,0.5,1.7
04/13/2025 06:11:44 pm,52.400,-23.900000,0.4,1.6,04/13/2025 06:13:07 pm,52.400,87.750000,0.4,1.6,04/13/2025 06:50:54 pm,52.400,-73.910000,0.5,1.7
04/13/2025 06:11:44 pm,52.450,-23.965000,0.4,1.6,04/13/2025 06:13:07 pm,52.450,87.750000,0.4,1.6,04/13/2025 06:50:54 pm,52.450,-74.400000,0.5,1.7
04/13/2025 06:11:44 pm,52.500,-24.105000,0.4,1.6,04/13/2025 06:13:07 pm,52.500,87.750000,0.4,1.6,04/13/2025 06:50:54 pm,52.500,-74.780000,0.5,1.7
04/13/2025 06:11:44 pm,52.550,-24.385000,0.4,1.6,04/13/2025 06:13:07 pm,52.550,87.750000,0.4,1.6,04/13/2025 06:50:54 pm,52.550,-74.915000,0.5,1.7
04/13/2025 06:11:44 pm,52.600,-24.605000,0.4,1.6,04/13/2025 06:13:07 pm,52.600,87.750000,0.4,1.6,04/13/2025 06:50:54 pm,52.600,-75.110000,0.5,1.7
04/13/2025 06:11:44 pm,52.650,-24.785000,0.4,1.6,04/13/2025 06:13:07 pm,52.650,87.750000,0.4,1.6,04/13/2025 06:50:54 pm,52.650,-75.345000,0.5,1.7
04/13/2025 06:11:44 pm,52.700,-25.145000,0.4,1.6,04/13/2025 06:13:07 pm,52.700,87.750000,0.4,1.6,04/13/2025 06:50:54 pm,52.700,-75.575000,0.5,1.7
04/13/2025 06:11:44 pm,52.750,-25.360000,0.4,1.6,04/13/2025 06:13:07 pm,52.750,87.750000,0.4,1.6,04/13/2025 06:50:54 pm,52.750,-75.655000,0.5,1.7
04/13/2025 06:11:44 pm,52.800,-25.530000,0.4,1.6,04/13/2025 06:13:07 pm,52.800,87.750000,0.4,1.6,04/13/2025 06:50:54 pm,52.800,-75.805000,0.5,1.7
04/13/2025 06:11:44 pm,52.850,-25.900000,0.4,1.6,04/13/2025 06:13:07 pm,52.850,87.750000,0.4,1.6,04/13/2025 06:50:54 pm,52.850,-75.990000,0.5,1.7
04/13/2025 06:11:44 pm,52.900,-26.155000,0.4,1.6,04/13/2025 06:13:07 pm,52.900,87.750000,0.4,1.6,04/13/2025 06:50:54 pm,52.900,-76.345000,0.5,1.7
04/13/2025 06:11:44 pm,52.950,-26.505000,0.4,1.6,04/13/2025 06:13:07 pm,52.950,87.750000,0.4,1.6,04/13/2025 06:50:54 pm,52.950,-76.555000,0.5,1.7
04/13/2025 06:11:45 pm,53.000,-26.990000,0.4,1.6,04/13/2025 06:13:08 pm,53.000,87.750000,0.4,1.6,04/13/2025 06:50:55 pm,53.000,-76.600000,0.5,1.7
04/13/2025 06:11:45 pm,53.050,-27.495000,0.4,1.6,04/13/2025 06:13:08 pm,53.050,87.750000,0.4,1.6,04/13/2025 06:50:55 pm,53.050,-76.885000,0.5,1.7
04/13/2025 06:11:45 pm,53.100,-27.900000,0.4,1.6,04/13/2025 06:13:08 pm,53.100,87.750000,0.4,1.6,04/13/2025 06:50:55 pm,53.100,-77.190000,0.5,1.7
04/13/2025 06:11:45 pm,53.150,-28.220000,0.4,1.6,04/13/2025 06:13:08 pm,53.150,87.750000,0.4,1.6,04/13/2025 06:50:55 pm,53.150,-77.475000,0.5,1.7
04/13/2025 06:11:45 pm,53.200,-28.590000,0.4,1.6,04/13/2025 06:13:08 pm,53.200,87.750000,0.4,1.6,04/13/2025 06:50:55 pm,53.200,-77.760000,0.5,1.7
04/13/2025 06:11:45 pm,53.250,-28.810000,0.4,1.6,04/13/2025 06:13:08 pm,53.250,87.750000,0.4,1.6,04/13/2025 06:50:55 pm,53.250,-78.115000,0.5,1.7
04/13/2025 06:11:45 pm,53.300,-29.300000,0.4,1.6,04/13/2025 06:13:08 pm,53.300,87.750000,0.4,1.6,04/13/2025 06:50:55 pm,53.300,-78.270000,0.5,1.7
04/13/2025 06:11:45 pm,53.350,-29.735000,0.4,1.6,04/13/2025 06:13:08 pm,53.350,87.750000,0.4,1.6,04/13/2025 06:50:55 pm,53.350,-78.410000,0.5,1.7
04/13/2025 06:11:45 pm,53.400,-29.875000,0.4,1.6,04/13/2025 06:13:08 pm,53.400,87.750000,0.4,1.6,04/13/2025 06:50:55 pm,53.400,-78.555000,0.5,1.7
04/13/2025 06:11:45 pm,53.450,-30.345000,0.4,1.6,04/13/2025 06:13:08 pm,53.450,87.750000,0.4,1.6,04/13/2025 06:50:55 pm,53.450,-78.785000,0.5,1.7
04/13/2025 06:11:45 pm,53.500,-30.845000,0.4,1.6,04/13/2025 06:13:08 pm,53.500,87.750000,0.4,1.6,04/13/2025 06:50:55 pm,53.500,-79.115000,0.5,1.7
04/13/2025 06:11:45 pm,53.550,-30.955000,0.4,1.6,04/13/2025 06:13:08 pm,53.550,87.750000,0.4,1.6,04/13/2025 06:50:55 pm,53.550,-79.650000,0.5,1.7
04/13/2025 06:11:45 pm,53.600,-31.485000,0.4,1.6,04/13/2025 06:13:08 pm,53.600,87.750000,0.4,1.6,04/13/2025 06:50:55 pm,53.600,-79.985000,0.5,1.7
04/13/2025 06:11:45 pm,53.650,-31.775000,0.4,1.6,04/13/2025 06:13:08 pm,53.650,87.750000,0.4,1.6,04/13/2025 06:50:55 pm,53.650,-80.085000,0.5,1.7
04/13/2025 06:11:45 pm,53.700,-32.060000,0.4,1.6,04/13/2025 06:13:08 pm,53.700,87.750000,0.4,1.6,04/13/2025 06:50:55 pm,53.700,-80.460000,0.5,1.7
04/13/2025 06:11:45 pm,53.750,-32.390000,0.4,1.6,04/13/2025 06:13:08 pm,53.750,87.750000,0.4,1.6,04/13/2025 06:50:55 pm,53.750,-80.660000,0.4,1.7
04/13/2025 06:11:45 pm,53.800,-32.650000,0.4,1.6,04/13/2025 06:13:08 pm,53.800,87.750000,0.4,1.6,04/13/2025 06:50:55 pm,53.800,-80.660000,0.5,1.7
04/13/2025 06:11:45 pm,53.850,-32.830000,0.4,1.6,04/13/2025 06:13:08 pm,53.850,87.750000,0.4,1.6,04/13/2025 06:50:55 pm,53.850,-80.910000,0.5,1.7
04/13/2025 06:11:45 pm,53.900,-33.035000,0.4,1.6,04/13/2025 06:13:08 pm,53.900,87.750000,0.4,1.6,04/13/2025 06:50:55 pm,53.900,-81.245000,0.4,1.6
04/13/2025 06:11:45 pm,53.950,-33.185000,0.4,1.6,04/13/2025 06:13:08 pm,53.950,87.750000,0.4,1.6,04/13/2025 06:50:55 pm,53.950,-81.320000,0.5,1.7
04/13/2025 06:11:46 pm,54.000,-33.285000,0.4,1.6,04/13/2025 06:13:09 pm,54.000,87.750000,0.4,1.6,04/13/2025 06:50:56 pm,54.000,-81.920000,0.4,1.6
04/13/2025 06:11:46 pm,54.050,-33.460000,0.4,1.6,04/13/2025 06:13:09 pm,54.050,87.750000,0.4,1.6,04/13/2025 06:50:56 pm,54.050,-82.075000,0.4,1.6
04/13/2025 06:11:46 pm,54.100,-33.505000,0.4,1.6,04/13/2025 06:13:09 pm,54.100,87.750000,0.4,1.6,04/13/2025 06:50:56 pm,54.100,-82.240000,0.4,1.6
04/13/2025 06:11:46 pm,54.150,-33.555000,0.4,1.6,04/13/2025 06:13:09 pm,54.150,87.750000,0.4,1.6,04/13/2025 06:50:56 pm,54.150,-82.440000,0.4,1.6
04/13/2025 06:11:46 pm,54.200,-33.575000,0.4,1.6,04/13/2025 06:13:09 pm,54.200,87.750000,0.4,1.6,04/13/2025 06:50:56 pm,54.200,-82.615000,0.4,1.6
04/13/2025 06:11:46 pm,54.250,-33.575000,0.4,1.6,04/13/2025 06:13:09 pm,54.250,87.750000,0.4,1.6,04/13/2025 06:50:56 pm,54.250,-83.110000,0.4,1.6
04/13/2025 06:11:46 pm,54.300,-33.575000,0.4,1.6,04/13/2025 06:13:09 pm,54.300,87.750000,0.4,1.6,04/13/2025 06:50:56 pm,54.300,-83.910000,0.4,1.6
04/13/2025 06:11:46 pm,54.350,-33.530000,0.4,1.6,04/13/2025 06:13:09 pm,54.350,87.750000,0.4,1.6,04/13/2025 06:50:56 pm,54.350,-84.455000,0.4,1.6
04/13/2025 06:11:46 pm,54.400,-33.510000,0.4,1.6,04/13/2025 06:13:09 pm,54.400,87.750000,0.4,1.6,04/13/2025 06:50:56 pm,54.400,-84.765000,0.4,1.6
04/13/2025 06:11:46 pm,54.450,-33.510000,0.4,1.6,04/13/2025 06:13:09 pm,54.450,87.750000,0.4,1.6,04/13/2025 06:50:56 pm,54.450,-84.950000,0.4,1.6
04/13/2025 06:11:46 pm,54.500,-33.510000,0.4,1.6,04/13/2025 06:13:09 pm,54.500,87.750000,0.4,1.6,04/13/2025 06:50:56 pm,54.500,-85.035000,0.4,1.6
04/13/2025 06:11:46 pm,54.550,-33.510000,0.4,1.6,04/13/2025 06:13:09 pm,54.550,87.750000,0.4,1.6,04/13/2025 06:50:56 pm,54.550,-85.165000,0.4,1.6
04/13/2025 06:11:46 pm,54.600,-33.640000,0.4,1.6,04/13/2025 06:13:09 pm,54.600,87.750000,0.4,1.6,04/13/2025 06:50:56 pm,54.600,-85.325000,0.4,1.7
04/13/2025 06:11:46 pm,54.650,-33.975000,0.4,1.6,04/13/2025 06:13:09 pm,54.650,87.750000,0.4,1.6,04/13/2025 06:50:56 pm,54.650,-85.520000,0.4,1.6
04/13/2025 06:11:46 pm,54.700,-34.225000,0.4,1.6,04/13/2025 06:13:09 pm,54.700,87.750000,0.4,1.6,04/13/2025 06:50:56 pm,54.700,-85.645000,0.4,1.6
04/13/2025 06:11:46 pm,54.750,-34.565000,0.4,1.6,04/13/2025 06:13:09 pm,54.750,87.750000,0.4,1.6,04/13/2025 06:50:56 pm,54.750,-85.805000,0.4,1.6
04/13/2025 06:11:46 pm,54.800,-34.940000,0.4,1.6,04/13/2025 06:13:09 pm,54.800,87.750000,0.4,1.6,04/13/2025 06:50:56 pm,54.800,-85.840000,0.4,1.6
04/13/2025 06:11:46 pm,54.850,-35.380000,0.4,1.6,04/13/2025 06:13:09 pm,54.850,87.750000,0.4,1.6,04/13/2025 06:50:56 pm,54.850,-85.940000,0.4,1.6
04/13/2025 06:11:46 pm,54.900,-36.140000,0.4,1.6,04/13/2025 06:13:09 pm,54.900,87.750000,0.4,1.6,04/13/2025 06:50:56 pm,54.900,-86.090000,0.4,1.6
04/13/2025 06:11:46 pm,54.950,-36.545000,0.4,1.6,04/13/2025 06:13:09 pm,54.950,87.750000,0.4,1.6,04/13/2025 06:50:56 pm,54.950,-86.370000,0.4,1.6
04/13/2025 06:11:47 pm,55.000,-36.800000,0.4,1.6,04/13/2025 06:13:10 pm,55.000,87.750000,0.4,1.6,04/13/2025 06:50:57 pm,55.000,-86.535000,0.4,1.6
04/13/2025 06:11:47 pm,55.050,-37.405000,0.4,1.6,04/13/2025 06:13:10 pm,55.050,87.750000,0.4,1.6,04/13/2025 06:50:57 pm,55.050,-86.620000,0.4,1.6
04/13/2025 06:11:47 pm,55.100,-37.825000,0.4,1.6,04/13/2025 06:13:10 pm,55.100,87.750000,0.4,1.6,04/13/2025 06:50:57 pm,55.100,-86.940000,0.4,1.6
04/13/2025 06:11:47 pm,55.150,-38.225000,0.4,1.6,04/13/2025 06:13:10 pm,55.150,87.750000,0.4,1.6,04/13/2025 06:50:57 pm,55.150,-87.215000,0.4,1.6
04/13/2025 06:11:47 pm,55.200,-38.755000,0.4,1.6,04/13/2025 06:13:10 pm,55.200,87.750000,0.4,1.6,04/13/2025 06:50:57 pm,55.200,-87.270000,0.4,1.6
04/13/2025 06:11:47 pm,55.250,-39.225000,0.4,1.6,04/13/2025 06:13:10 pm,55.250,87.750000,0.4,1.6,04/13/2025 06:50:57 pm,55.250,-87.500000,0.4,1.6
04/13/2025 06:11:47 pm,55.300,-39.520000,0.4,1.6,04/13/2025 06:13:10 pm,55.300,87.750000,0.4,1.6,04/13/2025 06:50:57 pm,55.300,-87.775000,0.4,1.6
04/13/2025 06:11:47 pm,55.350,-39.865000,0.4,1.6,04/13/2025 06:13:10 pm,55.350,87.750000,0.4,1.6,04/13/2025 06:50:57 pm,55.350,-87.875000,0.4,1.6
04/13/2025 06:11:47 pm,55.400,-40.185000,0.4,1.6,04/13/2025 06:13:10 pm,55.400,87.750000,0.4,1.6,04/13/2025 06:50:57 pm,55.400,-87.925000,0.4,1.6
04/13/2025 06:11:47 pm,55.450,-40.510000,0.4,1.6,04/13/2025 06:13:10 pm,55.450,87.750000,0.4,1.6,04/13/2025 06:50:57 pm,55.450,-87.925000,0.4,1.6
04/13/2025 06:11:47 pm,55.500,-40.750000,0.4,1.6,04/13/2025 06:13:10 pm,55.500,87.750000,0.4,1.6,04/13/2025 06:50:57 pm,55.500,-87.925000,0.4,1.6
04/13/2025 06:11:47 pm,55.550,-41.010000,0.4,1.6,04/13/2025 06:13:10 pm,55.550,87.750000,0.4,1.6,04/13/2025 06:50:57 pm,55.550,-87.925000,0.4,1.6
04/13/2025 06:11:47 pm,55.600,-41.280000,0.4,1.6,04/13/2025 06:13:10 pm,55.600,87.750000,0.4,1.6,04/13/2025 06:50:57 pm,55.600,-87.925000,0.5,1.7
04/13/2025 06:11:47 pm,55.650,-41.620000,0.4,1.6,04/13/2025 06:13:10 pm,55.650,87.750000,0.4,1.6,04/13/2025 06:50:57 pm,55.650,-87.925000,0.4,1.6
04/13/2025 06:11:47 pm,55.700,-41.890000,0.4,1.6,04/13/2025 06:13:10 pm,55.700,87.750000,0.4,1.6,04/13/2025 06:50:57 pm,55.700,-87.925000,0.4,1.6
04/13/2025 06:11:47 pm,55.750,-42.180000,0.4,1.6,04/13/2025 06:13:10 pm,55.750,87.750000,0.4,1.6,04/13/2025 06:50:57 pm,55.750,-87.925000,0.4,1.6
04/13/2025 06:11:47 pm,55.800,-42.465000,0.4,1.6,04/13/2025 06:13:10 pm,55.800,87.750000,0.4,1.6,04/13/2025 06:50:57 pm,55.800,-87.925000,0.4,1.6
04/13/2025 06:11:47 pm,55.850,-42.645000,0.4,1.6,04/13/2025 06:13:10 pm,55.850,87.750000,0.4,1.6,04/13/2025 06:50:57 pm,55.850,-87.925000,0.4,1.6
04/13/2025 06:11:47 pm,55.900,-42.860000,0.4,1.6,04/13/2025 06:13:10 pm,55.900,87.750000,0.4,1.6,04/13/2025 06:50:57 pm,55.900,-87.925000,0.4,1.6
04/13/2025 06:11:47 pm,55.950,-43.070000,0.4,1.6,04/13/2025 06:13:10 pm,55.950,87.750000,0.4,1.6,04/13/2025 06:50:57 pm,55.950,-87.925000,0.4,1.6
04/13/2025 06:11:48 pm,56.000,-43.280000,0.4,1.6,04/13/2025 06:13:11 pm,56.000,87.750000,0.4,1.6,04/13/2025 06:50:58 pm,56.000,-87.925000,0.4,1.6
04/13/2025 06:11:48 pm,56.050,-43.590000,0.4,1.6,04/13/2025 06:13:11 pm,56.050,87.750000,0.4,1.6,04/13/2025 06:50:58 pm,56.050,-87.925000,0.4,1.6
04/13/2025 06:11:48 pm,56.100,-43.840000,0.4,1.6,04/13/2025 06:13:11 pm,56.100,87.750000,0.4,1.6,04/13/2025 06:50:58 pm,56.100,-87.925000,0.4,1.6
04/13/2025 06:11:48 pm,56.150,-44.205000,0.4,1.6,04/13/2025 06:13:11 pm,56.150,87.750000,0.4,1.6,04/13/2025 06:50:58 pm,56.150,-87.925000,0.4,1.6
04/13/2025 06:11:48 pm,56.200,-44.525000,0.4,1.6,04/13/2025 06:13:11 pm,56.200,87.750000,0.4,1.6,04/13/2025 06:50:58 pm,56.200,-87.925000,0.4,1.6
04/13/2025 06:11:48 pm,56.250,-44.640000,0.4,1.6,04/13/2025 06:13:11 pm,56.250,87.750000,0.4,1.6,04/13/2025 06:50:58 pm,56.250,-87.925000,0.4,1.6
04/13/2025 06:11:48 pm,56.300,-44.830000,0.4,1.6,04/13/2025 06:13:11 pm,56.300,87.750000,0.4,1.6,04/13/2025 06:50:58 pm,56.300,-87.925000,0.4,1.6
04/13/2025 06:11:48 pm,56.350,-45.130000,0.4,1.6,04/13/2025 06:13:11 pm,56.350,87.750000,0.4,1.6,04/13/2025 06:50:58 pm,56.350,-87.925000,0.4,1.6
04/13/2025 06:11:48 pm,56.400,-45.300000,0.4,1.6,04/13/2025 06:13:11 pm,56.400,87.750000,0.4,1.6,04/13/2025 06:50:58 pm,56.400,-87.895000,0.4,1.6
04/13/2025 06:11:48 pm,56.450,-45.300000,0.4,1.6,04/13/2025 06:13:11 pm,56.450,87.750000,0.4,1.6,04/13/2025 06:50:58 pm,56.450,-87.880000,0.4,1.6
04/13/2025 06:11:48 pm,56.500,-45.305000,0.4,1.6,04/13/2025 06:13:11 pm,56.500,87.750000,0.4,1.6,04/13/2025 06:50:58 pm,56.500,-87.870000,0.4,1.6
04/13/2025 06:11:48 pm,56.550,-45.460000,0.4,1.6,04/13/2025 06:13:11 pm,56.550,87.750000,0.4,1.6,04/13/2025 06:50:58 pm,56.550,-87.870000,0.4,1.6
04/13/2025 06:11:48 pm,56.600,-45.620000,0.4,1.6,04/13/2025 06:13:11 pm,56.600,87.750000,0.4,1.6,04/13/2025 06:50:58 pm,56.600,-87.870000,0.4,1.6
04/13/2025 06:11:48 pm,56.650,-45.875000,0.4,1.6,04/13/2025 06:13:11 pm,56.650,87.750000,0.4,1.6,04/13/2025 06:50:58 pm,56.650,-87.870000,0.4,1.6
04/13/2025 06:11:48 pm,56.700,-46.200000,0.4,1.6,04/13/2025 06:13:11 pm,56.700,87.750000,0.4,1.6,04/13/2025 06:50:58 pm,56.700,-87.870000,0.4,1.6
04/13/2025 06:11:48 pm,56.750,-46.440000,0.4,1.6,04/13/2025 06:13:11 pm,56.750,87.750000,0.4,1.6,04/13/2025 06:50:58 pm,56.750,-87.870000,0.4,1.6
04/13/2025 06:11:48 pm,56.800,-46.645000,0.4,1.6,04/13/2025 06:13:11 pm,56.800,87.750000,0.4,1.6,04/13/2025 06:50:58 pm,56.800,-87.870000,0.4,1.6
04/13/2025 06:11:48 pm,56.850,-46.915000,0.4,1.6,04/13/2025 06:13:11 pm,56.850,87.750000,0.4,1.6,04/13/2025 06:50:58 pm,56.850,-87.870000,0.4,1.6
04/13/2025 06:11:48 pm,56.900,-47.230000,0.4,1.6,04/13/2025 06:13:11 pm,56.900,87.750000,0.4,1.6,04/13/2025 06:50:58 pm,56.900,-87.870000,0.4,1.6
04/13/2025 06:11:48 pm,56.950,-47.540000,0.4,1.6,04/13/2025 06:13:11 pm,56.950,87.750000,0.4,1.6,04/13/2025 06:50:58 pm,56.950,-87.870000,0.4,1.6
04/13/2025 06:11:49 pm,57.000,-47.720000,0.4,1.6,04/13/2025 06:13:12 pm,57.000,87.750000,0.4,1.6,04/13/2025 06:50:59 pm,57.000,-87.870000,0.4,1.6
04/13/2025 06:11:49 pm,57.050,-48.015000,0.4,1.6,04/13/2025 06:13:12 pm,57.050,87.750000,0.4,1.6,04/13/2025 06:50:59 pm,57.050,-87.870000,0.4,1.6
04/13/2025 06:11:49 pm,57.100,-48.160000,0.4,1.6,04/13/2025 06:13:12 pm,57.100,87.750000,0.4,1.6,04/13/2025 06:50:59 pm,57.100,-87.870000,0.4,1.6
04/13/2025 06:11:49 pm,57.150,-48.375000,0.4,1.6,04/13/2025 06:13:12 pm,57.150,87.750000,0.4,1.6,04/13/2025 06:50:59 pm,57.150,-87.870000,0.4,1.6
04/13/2025 06:11:49 pm,57.200,-48.650000,0.4,1.6,04/13/2025 06:13:12 pm,57.200,87.750000,0.4,1.6,04/13/2025 06:50:59 pm,57.200,-87.870000,0.4,1.6
04/13/2025 06:11:49 pm,57.250,-49.025000,0.4,1.6,04/13/2025 06:13:12 pm,57.250,87.750000,0.4,1.6,04/13/2025 06:50:59 pm,57.250,-87.870000,0.4,1.6
04/13/2025 06:11:49 pm,57.300,-49.295000,0.4,1.6,04/13/2025 06:13:12 pm,57.300,87.750000,0.4,1.6,04/13/2025 06:50:59 pm,57.300,-87.870000,0.4,1.6
04/13/2025 06:11:49 pm,57.350,-49.455000,0.4,1.6,04/13/2025 06:13:12 pm,57.350,87.750000,0.4,1.6,04/13/2025 06:50:59 pm,57.350,-87.870000,0.4,1.6
04/13/2025 06:11:49 pm,57.400,-49.695000,0.4,1.6,04/13/2025 06:13:12 pm,57.400,87.750000,0.4,1.6,04/13/2025 06:50:59 pm,57.400,-87.870000,0.4,1.6
04/13/2025 06:11:49 pm,57.450,-49.935000,0.4,1.6,04/13/2025 06:13:12 pm,57.450,87.750000,0.4,1.6,04/13/2025 06:50:59 pm,57.450,-87.870000,0.4,1.6
04/13/2025 06:11:49 pm,57.500,-50.135000,0.4,1.6,04/13/2025 06:13:12 pm,57.500,87.750000,0.4,1.6,04/13/2025 06:50:59 pm,57.500,-87.870000,0.4,1.6
04/13/2025 06:11:49 pm,57.550,-50.330000,0.4,1.6,04/13/2025 06:13:12 pm,57.550,87.750000,0.4,1.6,04/13/2025 06:50:59 pm,57.550,-87.870000,0.4,1.6
04/13/2025 06:11:49 pm,57.600,-50.475000,0.4,1.6,04/13/2025 06:13:12 pm,57.600,87.750000,0.4,1.6,04/13/2025 06:50:59 pm,57.600,-87.870000,0.4,1.6
04/13/2025 06:11:49 pm,57.650,-50.560000,0.4,1.6,04/13/2025 06:13:12 pm,57.650,87.750000,0.4,1.6,04/13/2025 06:50:59 pm,57.650,-87.870000,0.4,1.6
04/13/2025 06:11:49 pm,57.700,-50.720000,0.4,1.6,04/13/2025 06:13:12 pm,57.700,87.750000,0.4,1.6,04/13/2025 06:50:59 pm,57.700,-87.870000,0.4,1.6
04/13/2025 06:11:49 pm,57.750,-50.745000,0.4,1.6,04/13/2025 06:13:12 pm,57.750,87.750000,0.4,1.6,04/13/2025 06:50:59 pm,57.750,-87.870000,0.4,1.6
04/13/2025 06:11:49 pm,57.800,-50.800000,0.4,1.6,04/13/2025 06:13:12 pm,57.800,87.750000,0.4,1.6,04/13/2025 06:50:59 pm,57.800,-87.870000,0.4,1.6
04/13/2025 06:11:49 pm,57.850,-50.820000,0.4,1.6,04/13/2025 06:13:12 pm,57.850,87.750000,0.4,1.6,04/13/2025 06:50:59 pm,57.850,-87.870000,0.4,1.6
04/13/2025 06:11:49 pm,57.900,-50.820000,0.4,1.6,04/13/2025 06:13:12 pm,57.900,87.750000,0.4,1.6,04/13/2025 06:50:59 pm,57.900,-87.870000,0.4,1.6
04/13/2025 06:11:49 pm,57.950,-50.825000,0.4,1.6,04/13/2025 06:13:12 pm,57.950,87.750000,0.4,1.6,04/13/2025 06:50:59 pm,57.950,-87.870000,0.4,1.6
04/13/2025 06:11:50 pm,58.000,-50.915000,0.4,1.6,04/13/2025 06:13:13 pm,58.000,87.750000,0.4,1.6,04/13/2025 06:51:00 pm,58.000,-87.870000,0.4,1.6
04/13/2025 06:11:50 pm,58.050,-51.090000,0.4,1.6,04/13/2025 06:13:13 pm,58.050,87.750000,0.4,1.6,04/13/2025 06:51:00 pm,58.050,-87.870000,0.4,1.6
04/13/2025 06:11:50 pm,58.100,-51.155000,0.4,1.6,04/13/2025 06:13:13 pm,58.100,87.750000,0.4,1.6,04/13/2025 06:51:00 pm,58.100,-87.870000,0.4,1.6
04/13/2025 06:11:50 pm,58.150,-51.425000,0.4,1.6,04/13/2025 06:13:13 pm,58.150,87.750000,0.4,1.6,04/13/2025 06:51:00 pm,58.150,-87.870000,0.4,1.6
04/13/2025 06:11:50 pm,58.200,-51.610000,0.4,1.6,04/13/2025 06:13:13 pm,58.200,87.750000,0.4,1.6,04/13/2025 06:51:00 pm,58.200,-87.870000,0.4,1.6
04/13/2025 06:11:50 pm,58.250,-51.905000,0.4,1.6,04/13/2025 06:13:13 pm,58.250,87.750000,0.4,1.6,04/13/2025 06:51:00 pm,58.250,-87.870000,0.4,1.6
04/13/2025 06:11:50 pm,58.300,-52.140000,0.4,1.6,04/13/2025 06:13:13 pm,58.300,87.750000,0.4,1.6,04/13/2025 06:51:00 pm,58.300,-87.870000,0.4,1.6
04/13/2025 06:11:50 pm,58.350,-52.310000,0.4,1.6,04/13/2025 06:13:13 pm,58.350,87.750000,0.4,1.6,04/13/2025 06:51:00 pm,58.350,-87.870000,0.4,1.6
04/13/2025 06:11:50 pm,58.400,-52.630000,0.4,1.6,04/13/2025 06:13:13 pm,58.400,87.750000,0.4,1.6,04/13/2025 06:51:00 pm,58.400,-87.870000,0.4,1.6
04/13/2025 06:11:50 pm,58.450,-52.900000,0.4,1.6,04/13/2025 06:13:13 pm,58.450,87.750000,0.4,1.6,04/13/2025 06:51:00 pm,58.450,-87.870000,0.4,1.6
04/13/2025 06:11:50 pm,58.500,-53.240000,0.4,1.6,04/13/2025 06:13:13 pm,58.500,87.750000,0.4,1.6,04/13/2025 06:51:00 pm,58.500,-87.870000,0.4,1.6
04/13/2025 06:11:50 pm,58.550,-53.525000,0.4,1.6,04/13/2025 06:13:13 pm,58.550,87.750000,0.4,1.6,04/13/2025 06:51:00 pm,58.550,-87.870000,0.4,1.6
04/13/2025 06:11:50 pm,58.600,-53.885000,0.4,1.6,04/13/2025 06:13:13 pm,58.600,87.750000,0.4,1.6,04/13/2025 06:51:00 pm,58.600,-87.870000,0.4,1.6
04/13/2025 06:11:50 pm,58.650,-54.425000,0.4,1.6,04/13/2025 06:13:13 pm,58.650,87.750000,0.4,1.6,04/13/2025 06:51:00 pm,58.650,-87.870000,0.4,1.6
04/13/2025 06:11:50 pm,58.700,-54.730000,0.4,1.6,04/13/2025 06:13:13 pm,58.700,87.750000,0.4,1.6,04/13/2025 06:51:00 pm,58.700,-87.870000,0.4,1.6
04/13/2025 06:11:50 pm,58.750,-55.010000,0.4,1.6,04/13/2025 06:13:13 pm,58.750,87.750000,0.4,1.6,04/13/2025 06:51:00 pm,58.750,-87.870000,0.4,1.6
04/13/2025 06:11:50 pm,58.800,-55.500000,0.4,1.6,04/13/2025 06:13:13 pm,58.800,87.750000,0.4,1.6,04/13/2025 06:51:00 pm,58.800,-87.870000,0.4,1.6
04/13/2025 06:11:50 pm,58.850,-55.880000,0.4,1.6,04/13/2025 06:13:13 pm,58.850,87.750000,0.4,1.6,04/13/2025 06:51:00 pm,58.850,-87.870000,0.4,1.6
04/13/2025 06:11:50 pm,58.900,-56.400000,0.4,1.6,04/13/2025 06:13:13 pm,58.900,87.750000,0.4,1.6,04/13/2025 06:51:00 pm,58.900,-87.870000,0.4,1.6
04/13/2025 06:11:50 pm,58.950,-56.900000,0.4,1.6,04/13/2025 06:13:13 pm,58.950,87.750000,0.4,1.6,04/13/2025 06:51:00 pm,58.950,-87.870000,0.4,1.6
04/13/2025 06:11:51 pm,59.000,-57.260000,0.4,1.6,04/13/2025 06:13:14 pm,59.000,87.750000,0.4,1.6,04/13/2025 06:51:01 pm,59.000,-87.870000,0.4,1.6
04/13/2025 06:11:51 pm,59.050,-57.435000,0.4,1.6,04/13/2025 06:13:14 pm,59.050,87.750000,0.4,1.6,04/13/2025 06:51:01 pm,59.050,-87.870000,0.4,1.6
04/13/2025 06:11:51 pm,59.100,-57.830000,0.4,1.6,04/13/2025 06:13:14 pm,59.100,87.750000,0.4,1.6,04/13/2025 06:51:01 pm,59.100,-87.870000,0.4,1.6
04/13/2025 06:11:51 pm,59.150,-57.965000,0.4,1.6,04/13/2025 06:13:14 pm,59.150,87.750000,0.4,1.6,04/13/2025 06:51:01 pm,59.150,-87.870000,0.4,1.6
04/13/2025 06:11:51 pm,59.200,-58.290000,0.4,1.6,04/13/2025 06:13:14 pm,59.200,87.750000,0.4,1.6,04/13/2025 06:51:01 pm,59.200,-87.870000,0.4,1.6
04/13/2025 06:11:51 pm,59.250,-58.455000,0.4,1.6,04/13/2025 06:13:14 pm,59.250,87.750000,0.4,1.6,04/13/2025 06:51:01 pm,59.250,-87.870000,0.4,1.6
04/13/2025 06:11:51 pm,59.300,-58.580000,0.4,1.6,04/13/2025 06:13:14 pm,59.300,87.750000,0.4,1.6,04/13/2025 06:51:01 pm,59.300,-87.870000,0.4,1.6
04/13/2025 06:11:51 pm,59.350,-58.820000,0.5,1.7,04/13/2025 06:13:14 pm,59.350,87.750000,0.4,1.6,04/13/2025 06:51:01 pm,59.350,-87.870000,0.4,1.6
04/13/2025 06:11:51 pm,59.400,-59.240000,0.4,1.6,04/13/2025 06:13:14 pm,59.400,87.750000,0.4,1.6,04/13/2025 06:51:01 pm,59.400,-87.870000,0.4,1.6
04/13/2025 06:11:51 pm,59.450,-59.425000,0.4,1.6,04/13/2025 06:13:14 pm,59.450,87.750000,0.4,1.6,04/13/2025 06:51:01 pm,59.450,-87.870000,0.4,1.6
04/13/2025 06:11:51 pm,59.500,-59.660000,0.4,1.6,04/13/2025 06:13:14 pm,59.500,87.750000,0.4,1.6,04/13/2025 06:51:01 pm,59.500,-87.870000,0.4,1.6
04/13/2025 06:11:51 pm,59.550,-59.910000,0.4,1.6,04/13/2025 06:13:14 pm,59.550,87.750000,0.4,1.6,04/13/2025 06:51:01 pm,59.550,-87.870000,0.4,1.6
04/13/2025 06:11:51 pm,59.600,-60.175000,0.4,1.6,04/13/2025 06:13:14 pm,59.600,87.750000,0.4,1.6,04/13/2025 06:51:01 pm,59.600,-87.870000,0.4,1.6
04/13/2025 06:11:51 pm,59.650,-60.405000,0.4,1.6,04/13/2025 06:13:14 pm,59.650,87.750000,0.4,1.6,04/13/2025 06:51:01 pm,59.650,-87.870000,0.4,1.6
04/13/2025 06:11:51 pm,59.700,-60.620000,0.4,1.6,04/13/2025 06:13:14 pm,59.700,87.750000,0.4,1.6,04/13/2025 06:51:01 pm,59.700,-87.870000,0.4,1.6
04/13/2025 06:11:51 pm,59.750,-60.830000,0.4,1.6,04/13/2025 06:13:14 pm,59.750,87.750000,0.4,1.6,04/13/2025 06:51:01 pm,59.750,-87.870000,0.4,1.6
04/13/2025 06:11:51 pm,59.800,-61.140000,0.4,1.6,04/13/2025 06:13:14 pm,59.800,87.750000,0.4,1.6,04/13/2025 06:51:01 pm,59.800,-87.870000,0.4,1.6
04/13/2025 06:11:51 pm,59.850,-61.395000,0.4,1.6,04/13/2025 06:13:14 pm,59.850,87.750000,0.4,1.6,04/13/2025 06:51:01 pm,59.850,-87.870000,0.4,1.6
04/13/2025 06:11:51 pm,59.900,-61.715000,0.4,1.6,04/13/2025 06:13:14 pm,59.900,87.750000,0.4,1.6,04/13/2025 06:51:01 pm,59.900,-87.870000,0.4,1.6
04/13/2025 06:11:51 pm,59.950,-62.085000,0.4,1.6,04/13/2025 06:13:14 pm,59.950,87.750000,0.4,1.6,04/13/2025 06:51:01 pm,59.950,-87.870000,0.4,1.6
04/13/2025 06:11:52 pm,60.000,-62.330000,0.4,1.6,04/13/2025 06:13:15 pm,60.000,87.750000,0.4,1.6,04/13/2025 06:51:02 pm,60.000,-87.870000,0.4,1.6
04/13/2025 06:11:52 pm,60.050,-62.585000,0.4,1.6,04/13/2025 06:13:15 pm,60.050,87.750000,0.4,1.6,04/13/2025 06:51:02 pm,60.050,-87.870000,0.4,1.6
04/13/2025 06:11:52 pm,60.100,-62.865000,0.4,1.6,04/13/2025 06:13:15 pm,60.100,87.750000,0.4,1.6,04/13/2025 06:51:02 pm,60.100,-87.870000,0.4,1.6
04/13/2025 06:11:52 pm,60.150,-63.195000,0.4,1.6,04/13/2025 06:13:15 pm,60.150,87.750000,0.4,1.6,04/13/2025 06:51:02 pm,60.150,-87.870000,0.4,1.6
04/13/2025 06:11:52 pm,60.200,-63.660000,0.4,1.6,04/13/2025 06:13:15 pm,60.200,87.750000,0.4,1.6,04/13/2025 06:51:02 pm,60.200,-87.870000,0.4,1.6
04/13/2025 06:11:52 pm,60.250,-64.160000,0.4,1.6,04/13/2025 06:13:15 pm,60.250,87.750000,0.4,1.6,04/13/2025 06:51:02 pm,60.250,-87.870000,0.4,1.6
04/13/2025 06:11:52 pm,60.300,-64.515000,0.4,1.6,04/13/2025 06:13:15 pm,60.300,87.750000,0.4,1.6,04/13/2025 06:51:02 pm,60.300,-87.870000,0.4,1.6
04/13/2025 06:11:52 pm,60.350,-64.725000,0.4,1.6,04/13/2025 06:13:15 pm,60.350,87.750000,0.4,1.6,04/13/2025 06:51:02 pm,60.350,-87.870000,0.4,1.6
04/13/2025 06:11:52 pm,60.400,-65.160000,0.4,1.6,04/13/2025 06:13:15 pm,60.400,87.750000,0.4,1.6,04/13/2025 06:51:02 pm,60.400,-87.870000,0.4,1.6
04/13/2025 06:11:52 pm,60.450,-65.705000,0.4,1.6,04/13/2025 06:13:15 pm,60.450,87.750000,0.4,1.6,04/13/2025 06:51:02 pm,60.450,-87.870000,0.4,1.6
04/13/2025 06:11:52 pm,60.500,-66.180000,0.4,1.6,04/13/2025 06:13:15 pm,60.500,87.750000,0.4,1.6,04/13/2025 06:51:02 pm,60.500,-87.870000,0.4,1.6
04/13/2025 06:11:52 pm,60.550,-66.380000,0.4,1.6,04/13/2025 06:13:15 pm,60.550,87.750000,0.4,1.6,04/13/2025 06:51:02 pm,60.550,-87.870000,0.4,1.6
04/13/2025 06:11:52 pm,60.600,-66.815000,0.4,1.6,04/13/2025 06:13:15 pm,60.600,87.750000,0.4,1.6,04/13/2025 06:51:02 pm,60.600,-87.870000,0.4,1.6
04/13/2025 06:11:52 pm,60.650,-67.045000,0.4,1.6,04/13/2025 06:13:15 pm,60.650,87.750000,0.4,1.6,04/13/2025 06:51:02 pm,60.650,-87.870000,0.4,1.6
04/13/2025 06:11:52 pm,60.700,-67.480000,0.4,1.6,04/13/2025 06:13:15 pm,60.700,87.750000,0.4,1.6,04/13/2025 06:51:02 pm,60.700,-87.870000,0.4,1.6
04/13/2025 06:11:52 pm,60.750,-67.595000,0.4,1.6,04/13/2025 06:13:15 pm,60.750,87.750000,0.4,1.6,04/13/2025 06:51:02 pm,60.750,-87.870000,0.4,1.6
04/13/2025 06:11:52 pm,60.800,-67.830000,0.4,1.6,04/13/2025 06:13:15 pm,60.800,87.750000,0.4,1.6,04/13/2025 06:51:02 pm,60.800,-87.870000,0.4,1.6
04/13/2025 06:11:52 pm,60.850,-68.115000,0.4,1.6,04/13/2025 06:13:15 pm,60.850,87.750000,0.4,1.6,04/13/2025 06:51:02 pm,60.850,-87.870000,0.4,1.6
04/13/2025 06:11:52 pm,60.900,-68.440000,0.4,1.6,04/13/2025 06:13:15 pm,60.900,87.750000,0.4,1.6,04/13/2025 06:51:02 pm,60.900,-87.870000,0.4,1.6
04/13/2025 06:11:52 pm,60.950,-68.850000,0.4,1.6,04/13/2025 06:13:15 pm,60.950,87.750000,0.4,1.6,04/13/2025 06:51:02 pm,60.950,-87.870000,0.4,1.6
04/13/2025 06:11:53 pm,61.000,-69.110000,0.4,1.6,04/13/2025 06:13:16 pm,61.000,87.750000,0.4,1.6,04/13/2025 06:51:03 pm,61.000,-87.870000,0.4,1.6
04/13/2025 06:11:53 pm,61.050,-69.380000,0.4,1.6,04/13/2025 06:13:16 pm,61.050,87.750000,0.4,1.6,04/13/2025 06:51:03 pm,61.050,-87.870000,0.4,1.6
04/13/2025 06:11:53 pm,61.100,-69.600000,0.4,1.6,04/13/2025 06:13:16 pm,61.100,87.750000,0.4,1.6,04/13/2025 06:51:03 pm,61.100,-87.870000,0.4,1.6
04/13/2025 06:11:53 pm,61.150,-69.885000,0.4,1.6,04/13/2025 06:13:16 pm,61.150,87.750000,0.4,1.6,04/13/2025 06:51:03 pm,61.150,-87.870000,0.4,1.6
04/13/2025 06:11:53 pm,61.200,-69.960000,0.4,1.6,04/13/2025 06:13:16 pm,61.200,87.750000,0.4,1.6,04/13/2025 06:51:03 pm,61.200,-87.870000,0.4,1.6
04/13/2025 06:11:53 pm,61.250,-69.960000,0.4,1.6,04/13/2025 06:13:16 pm,61.250,87.750000,0.4,1.6,04/13/2025 06:51:03 pm,61.250,-87.870000,0.4,1.6
04/13/2025 06:11:53 pm,61.300,-69.960000,0.4,1.6,04/13/2025 06:13:16 pm,61.300,87.750000,0.4,1.6,04/13/2025 06:51:03 pm,61.300,-87.870000,0.4,1.6
04/13/2025 06:11:53 pm,61.350,-69.960000,0.4,1.6,04/13/2025 06:13:16 pm,61.350,87.750000,0.4,1.6,04/13/2025 06:51:03 pm,61.350,-87.870000,0.4,1.6
04/13/2025 06:11:53 pm,61.400,-70.145000,0.4,1.6,04/13/2025 06:13:16 pm,61.400,87.750000,0.4,1.6,04/13/2025 06:51:03 pm,61.400,-87.870000,0.4,1.6
04/13/2025 06:11:53 pm,61.450,-70.425000,0.4,1.6,04/13/2025 06:13:16 pm,61.450,87.750000,0.4,1.6,04/13/2025 06:51:03 pm,61.450,-87.870000,0.4,1.6
04/13/2025 06:11:53 pm,61.500,-70.840000,0.4,1.6,04/13/2025 06:13:16 pm,61.500,87.750000,0.4,1.6,04/13/2025 06:51:03 pm,61.500,-87.870000,0.4,1.6
04/13/2025 06:11:53 pm,61.550,-71.480000,0.4,1.6,04/13/2025 06:13:16 pm,61.550,87.750000,0.4,1.6,04/13/2025 06:51:03 pm,61.550,-87.870000,0.4,1.6
04/13/2025 06:11:53 pm,61.600,-71.490000,0.4,1.6,04/13/2025 06:13:16 pm,61.600,87.750000,0.4,1.6,04/13/2025 06:51:03 pm,61.600,-87.870000,0.4,1.6
04/13/2025 06:11:53 pm,61.650,-71.495000,0.4,1.6,04/13/2025 06:13:16 pm,61.650,87.750000,0.4,1.6,04/13/2025 06:51:03 pm,61.650,-87.870000,0.4,1.6
04/13/2025 06:11:53 pm,61.700,-71.545000,0.4,1.6,04/13/2025 06:13:16 pm,61.700,87.750000,0.4,1.6,04/13/2025 06:51:03 pm,61.700,-87.870000,0.4,1.6
04/13/2025 06:11:53 pm,61.750,-71.800000,0.4,1.6,04/13/2025 06:13:16 pm,61.750,87.750000,0.4,1.6,04/13/2025 06:51:03 pm,61.750,-87.870000,0.4,1.6
04/13/2025 06:11:53 pm,61.800,-72.140000,0.4,1.6,04/13/2025 06:13:16 pm,61.800,87.750000,0.4,1.6,04/13/2025 06:51:03 pm,61.800,-87.870000,0.4,1.6
04/13/2025 06:11:53 pm,61.850,-72.375000,0.4,1.6,04/13/2025 06:13:16 pm,61.850,87.750000,0.4,1.6,04/13/2025 06:51:03 pm,61.850,-87.870000,0.4,1.6
04/13/2025 06:11:53 pm,61.900,-72.580000,0.4,1.6,04/13/2025 06:13:16 pm,61.900,87.750000,0.4,1.6,04/13/2025 06:51:03 pm,61.900,-87.870000,0.4,1.6
04/13/2025 06:11:53 pm,61.950,-72.745000,0.4,1.6,04/13/2025 06:13:16 pm,61.950,87.750000,0.4,1.6,04/13/2025 06:51:03 pm,61.950,-87.870000,0.4,1.6
04/13/2025 06:11:54 pm,62.000,-72.950000,0.4,1.6,04/13/2025 06:13:17 pm,62.000,87.750000,0.4,1.6,04/13/2025 06:51:04 pm,62.000,-87.870000,0.4,1.6
04/13/2025 06:11:54 pm,62.050,-73.220000,0.4,1.6,04/13/2025 06:13:17 pm,62.050,87.750000,0.4,1.6,04/13/2025 06:51:04 pm,62.050,-87.870000,0.4,1.6
04/13/2025 06:11:54 pm,62.100,-73.460000,0.4,1.6,04/13/2025 06:13:17 pm,62.100,87.750000,0.4,1.6,04/13/2025 06:51:04 pm,62.100,-87.870000,0.4,1.6
04/13/2025 06:11:54 pm,62.150,-73.825000,0.4,1.6,04/13/2025 06:13:17 pm,62.150,87.750000,0.4,1.6,04/13/2025 06:51:04 pm,62.150,-87.870000,0.4,1.6
04/13/2025 06:11:54 pm,62.200,-74.280000,0.4,1.6,04/13/2025 06:13:17 pm,62.200,87.750000,0.4,1.6,04/13/2025 06:51:04 pm,62.200,-87.870000,0.4,1.6
04/13/2025 06:11:54 pm,62.250,-74.545000,0.4,1.6,04/13/2025 06:13:17 pm,62.250,87.750000,0.4,1.6,04/13/2025 06:51:04 pm,62.250,-87.870000,0.4,1.6
04/13/2025 06:11:54 pm,62.300,-74.735000,0.4,1.6,04/13/2025 06:13:17 pm,62.300,87.750000,0.4,1.6,04/13/2025 06:51:04 pm,62.300,-87.870000,0.4,1.6
04/13/2025 06:11:54 pm,62.350,-74.945000,0.4,1.6,04/13/2025 06:13:17 pm,62.350,87.750000,0.4,1.6,04/13/2025 06:51:04 pm,62.350,-87.870000,0.4,1.6
04/13/2025 06:11:54 pm,62.400,-75.215000,0.4,1.6,04/13/2025 06:13:17 pm,62.400,87.750000,0.4,1.6,04/13/2025 06:51:04 pm,62.400,-87.870000,0.4,1.6
04/13/2025 06:11:54 pm,62.450,-75.755000,0.4,1.6,04/13/2025 06:13:17 pm,62.450,87.750000,0.4,1.6,04/13/2025 06:51:04 pm,62.450,-87.870000,0.4,1.6
04/13/2025 06:11:54 pm,62.500,-76.090000,0.4,1.6,04/13/2025 06:13:17 pm,62.500,87.750000,0.4,1.6,04/13/2025 06:51:04 pm,62.500,-87.870000,0.4,1.6
04/13/2025 06:11:54 pm,62.550,-76.570000,0.4,1.6,04/13/2025 06:13:17 pm,62.550,87.750000,0.4,1.6,04/13/2025 06:51:04 pm,62.550,-87.870000,0.4,1.6
04/13/2025 06:11:54 pm,62.600,-76.770000,0.4,1.6,04/13/2025 06:13:17 pm,62.600,87.750000,0.4,1.6,04/13/2025 06:51:04 pm,62.600,-87.870000,0.4,1.6
04/13/2025 06:11:54 pm,62.650,-77.225000,0.4,1.6,04/13/2025 06:13:17 pm,62.650,87.750000,0.4,1.6,04/13/2025 06:51:04 pm,62.650,-87.870000,0.4,1.6
04/13/2025 06:11:54 pm,62.700,-77.455000,0.4,1.6,04/13/2025 06:13:17 pm,62.700,87.750000,0.4,1.6,04/13/2025 06:51:04 pm,62.700,-87.870000,0.4,1.6
04/13/2025 06:11:54 pm,62.750,-77.775000,0.4,1.6,04/13/2025 06:13:17 pm,62.750,87.750000,0.4,1.6,04/13/2025 06:51:04 pm,62.750,-87.870000,0.4,1.6
04/13/2025 06:11:54 pm,62.800,-77.905000,0.4,1.6,04/13/2025 06:13:17 pm,62.800,87.750000,0.4,1.6,04/13/2025 06:51:04 pm,62.800,-87.870000,0.4,1.6
04/13/2025 06:11:54 pm,62.850,-77.935000,0.4,1.6,04/13/2025 06:13:17 pm,62.850,87.750000,0.4,1.6,04/13/2025 06:51:04 pm,62.850,-87.870000,0.4,1.6
04/13/2025 06:11:54 pm,62.900,-77.945000,0.4,1.6,04/13/2025 06:13:17 pm,62.900,87.750000,0.4,1.6,04/13/2025 06:51:04 pm,62.900,-87.870000,0.4,1.6
04/13/2025 06:11:54 pm,62.950,-77.945000,0.4,1.6,04/13/2025 06:13:17 pm,62.950,87.750000,0.4,1.6,04/13/2025 06:51:04 pm,62.950,-87.870000,0.4,1.6
04/13/2025 06:11:55 pm,63.000,-77.945000,0.4,1.6,04/13/2025 06:13:18 pm,63.000,87.750000,0.4,1.6,04/13/2025 06:51:05 pm,63.000,-87.870000,0.4,1.6
04/13/2025 06:11:55 pm,63.050,-77.945000,0.4,1.6,04/13/2025 06:13:18 pm,63.050,87.750000,0.4,1.6,04/13/2025 06:51:05 pm,63.050,-87.870000,0.4,1.6
04/13/2025 06:11:55 pm,63.100,-77.960000,0.4,1.6,04/13/2025 06:13:18 pm,63.100,87.750000,0.4,1.6,04/13/2025 06:51:05 pm,63.100,-87.870000,0.4,1.6
04/13/2025 06:11:55 pm,63.150,-77.965000,0.4,1.6,04/13/2025 06:13:18 pm,63.150,87.750000,0.4,1.6,04/13/2025 06:51:05 pm,63.150,-87.870000,0.4,1.6
04/13/2025 06:11:55 pm,63.200,-77.965000,0.4,1.6,04/13/2025 06:13:18 pm,63.200,87.750000,0.4,1.6,04/13/2025 06:51:05 pm,63.200,-87.870000,0.4,1.6
04/13/2025 06:11:55 pm,63.250,-77.965000,0.4,1.6,04/13/2025 06:13:18 pm,63.250,87.750000,0.4,1.6,04/13/2025 06:51:05 pm,63.250,-87.870000,0.4,1.6
04/13/2025 06:11:55 pm,63.300,-77.965000,0.4,1.6,04/13/2025 06:13:18 pm,63.300,87.750000,0.4,1.6,04/13/2025 06:51:05 pm,63.300,-87.870000,0.4,1.6
04/13/2025 06:11:55 pm,63.350,-77.965000,0.4,1.6,04/13/2025 06:13:18 pm,63.350,87.750000,0.4,1.6,04/13/2025 06:51:05 pm,63.350,-87.870000,0.4,1.6
04/13/2025 06:11:55 pm,63.400,-77.965000,0.4,1.6,04/13/2025 06:13:18 pm,63.400,87.750000,0.4,1.6,04/13/2025 06:51:05 pm,63.400,-87.870000,0.4,1.6
04/13/2025 06:11:55 pm,63.450,-77.965000,0.4,1.6,04/13/2025 06:13:18 pm,63.450,87.750000,0.4,1.6,04/13/2025 06:51:05 pm,63.450,-87.870000,0.4,1.6
04/13/2025 06:11:55 pm,63.500,-77.960000,0.4,1.6,04/13/2025 06:13:18 pm,63.500,87.750000,0.4,1.6,04/13/2025 06:51:05 pm,63.500,-87.870000,0.4,1.6
04/13/2025 06:11:55 pm,63.550,-77.960000,0.4,1.6,04/13/2025 06:13:18 pm,63.550,87.750000,0.4,1.6,04/13/2025 06:51:05 pm,63.550,-87.870000,0.4,1.6
04/13/2025 06:11:55 pm,63.600,-77.945000,0.4,1.6,04/13/2025 06:13:18 pm,63.600,87.750000,0.4,1.6,04/13/2025 06:51:05 pm,63.600,-87.870000,0.4,1.6
04/13/2025 06:11:55 pm,63.650,-77.910000,0.4,1.6,04/13/2025 06:13:18 pm,63.650,87.750000,0.4,1.6,04/13/2025 06:51:05 pm,63.650,-87.870000,0.4,1.6
04/13/2025 06:11:55 pm,63.700,-77.880000,0.4,1.6,04/13/2025 06:13:18 pm,63.700,87.750000,0.4,1.6,04/13/2025 06:51:05 pm,63.700,-87.870000,0.4,1.6
04/13/2025 06:11:55 pm,63.750,-77.875000,0.4,1.6,04/13/2025 06:13:18 pm,63.750,87.750000,0.4,1.6,04/13/2025 06:51:05 pm,63.750,-87.870000,0.4,1.6
04/13/2025 06:11:55 pm,63.800,-77.870000,0.4,1.6,04/13/2025 06:13:18 pm,63.800,87.750000,0.4,1.6,04/13/2025 06:51:05 pm,63.800,-87.870000,0.4,1.6
04/13/2025 06:11:55 pm,63.850,-77.870000,0.4,1.6,04/13/2025 06:13:18 pm,63.850,87.750000,0.4,1.6,04/13/2025 06:51:05 pm,63.850,-87.870000,0.4,1.6
04/13/2025 06:11:55 pm,63.900,-77.870000,0.4,1.6,04/13/2025 06:13:18 pm,63.900,87.750000,0.4,1.6,04/13/2025 06:51:05 pm,63.900,-87.870000,0.4,1.6
04/13/2025 06:11:55 pm,63.950,-77.870000,0.4,1.6,04/13/2025 06:13:18 pm,63.950,87.750000,0.4,1.6,04/13/2025 06:51:05 pm,63.950,-87.870000,0.4,1.6
04/13/2025 06:11:56 pm,64.000,-77.870000,0.4,1.6,04/13/2025 06:13:19 pm,64.000,87.750000,0.4,1.6,04/13/2025 06:51:06 pm,64.000,-87.870000,0.4,1.6
04/13/2025 06:11:56 pm,64.050,-77.870000,0.4,1.6,04/13/2025 06:13:19 pm,64.050,87.750000,0.4,1.6,04/13/2025 06:51:06 pm,64.050,-87.870000,0.4,1.6
04/13/2025 06:11:56 pm,64.100,-77.870000,0.4,1.6,04/13/2025 06:13:19 pm,64.100,87.750000,0.4,1.6,04/13/2025 06:51:06 pm,64.100,-87.870000,0.4,1.6
04/13/2025 06:11:56 pm,64.150,-77.870000,0.4,1.6,04/13/2025 06:13:19 pm,64.150,87.750000,0.4,1.6,04/13/2025 06:51:06 pm,64.150,-87.870000,0.4,1.6
04/13/2025 06:11:56 pm,64.200,-77.870000,0.4,1.6,04/13/2025 06:13:19 pm,64.200,87.750000,0.4,1.6,04/13/2025 06:51:06 pm,64.200,-87.870000,0.4,1.6
04/13/2025 06:11:56 pm,64.250,-77.870000,0.4,1.6,04/13/2025 06:13:19 pm,64.250,87.750000,0.4,1.6,04/13/2025 06:51:06 pm,64.250,-87.870000,0.4,1.6
04/13/2025 06:11:56 pm,64.300,-77.870000,0.4,1.6,04/13/2025 06:13:19 pm,64.300,87.750000,0.4,1.6,04/13/2025 06:51:06 pm,64.300,-87.870000,0.4,1.6
04/13/2025 06:11:56 pm,64.350,-77.870000,0.4,1.6,04/13/2025 06:13:19 pm,64.350,87.750000,0.4,1.6,04/13/2025 06:51:06 pm,64.350,-87.870000,0.4,1.6
04/13/2025 06:11:56 pm,64.400,-77.870000,0.4,1.6,04/13/2025 06:13:19 pm,64.400,87.750000,0.4,1.6,04/13/2025 06:51:06 pm,64.400,-87.870000,0.4,1.6
04/13/2025 06:11:56 pm,64.450,-77.870000,0.4,1.6,04/13/2025 06:13:19 pm,64.450,87.750000,0.4,1.6,04/13/2025 06:51:06 pm,64.450,-87.870000,0.4,1.6
04/13/2025 06:11:56 pm,64.500,-77.870000,0.4,1.6,04/13/2025 06:13:19 pm,64.500,87.750000,0.4,1.6,04/13/2025 06:51:06 pm,64.500,-87.870000,0.4,1.6
04/13/2025 06:11:56 pm,64.550,-77.870000,0.4,1.6,04/13/2025 06:13:19 pm,64.550,87.750000,0.4,1.6,04/13/2025 06:51:06 pm,64.550,-87.870000,0.4,1.6
04/13/2025 06:11:56 pm,64.600,-77.870000,0.4,1.6,04/13/2025 06:13:19 pm,64.600,87.750000,0.4,1.6,04/13/2025 06:51:06 pm,64.600,-87.870000,0.4,1.6
04/13/2025 06:11:56 pm,64.650,-77.870000,0.4,1.6,04/13/2025 06:13:19 pm,64.650,87.750000,0.4,1.6,04/13/2025 06:51:06 pm,64.650,-87.870000,0.4,1.6
04/13/2025 06:11:56 pm,64.700,-77.870000,0.4,1.6,04/13/2025 06:13:19 pm,64.700,87.750000,0.4,1.6,04/13/2025 06:51:06 pm,64.700,-87.870000,0.4,1.6
04/13/2025 06:11:56 pm,64.750,-77.870000,0.4,1.6,04/13/2025 06:13:19 pm,64.750,87.750000,0.4,1.6,04/13/2025 06:51:06 pm,64.750,-87.870000,0.4,1.6
04/13/2025 06:11:56 pm,64.800,-77.870000,0.4,1.6,04/13/2025 06:13:19 pm,64.800,87.750000,0.4,1.6,04/13/2025 06:51:06 pm,64.800,-87.870000,0.4,1.6
04/13/2025 06:11:56 pm,64.850,-77.870000,0.4,1.6,04/13/2025 06:13:19 pm,64.850,87.750000,0.4,1.6,04/13/2025 06:51:06 pm,64.850,-87.870000,0.4,1.6
04/13/2025 06:11:56 pm,64.900,-77.870000,0.4,1.6,04/13/2025 06:13:19 pm,64.900,87.750000,0.4,1.6,04/13/2025 06:51:06 pm,64.900,-87.870000,0.4,1.6
04/13/2025 06:11:56 pm,64.950,-77.870000,0.4,1.6,04/13/2025 06:13:19 pm,64.950,87.750000,0.4,1.6,04/13/2025 06:51:06 pm,64.950,-87.870000,0.4,1.6
04/13/2025 06:11:57 pm,65.000,-77.870000,0.4,1.6,04/13/2025 06:13:20 pm,65.000,87.750000,0.4,1.6,04/13/2025 06:51:07 pm,65.000,-87.870000,0.4,1.6
04/13/2025 06:11:57 pm,65.050,-77.870000,0.4,1.6,04/13/2025 06:13:20 pm,65.050,87.750000,0.4,1.6,04/13/2025 06:51:07 pm,65.050,-87.870000,0.4,1.6
04/13/2025 06:11:57 pm,65.100,-77.870000,0.4,1.6,04/13/2025 06:13:20 pm,65.100,87.750000,0.4,1.6,04/13/2025 06:51:07 pm,65.100,-87.870000,0.4,1.6
04/13/2025 06:11:57 pm,65.150,-77.870000,0.4,1.6,04/13/2025 06:13:20 pm,65.150,87.750000,0.4,1.6,04/13/2025 06:51:07 pm,65.150,-87.870000,0.4,1.6
04/13/2025 06:11:57 pm,65.200,-77.870000,0.4,1.6,04/13/2025 06:13:20 pm,65.200,87.750000,0.4,1.6,04/13/2025 06:51:07 pm,65.200,-87.870000,0.4,1.6
04/13/2025 06:11:57 pm,65.250,-77.870000,0.4,1.6,04/13/2025 06:13:20 pm,65.250,87.750000,0.4,1.6,04/13/2025 06:51:07 pm,65.250,-87.870000,0.4,1.6
04/13/2025 06:11:57 pm,65.300,-77.870000,0.4,1.6,04/13/2025 06:13:20 pm,65.300,87.750000,0.4,1.6,04/13/2025 06:51:07 pm,65.300,-87.870000,0.4,1.6
04/13/2025 06:11:57 pm,65.350,-77.870000,0.4,1.6,04/13/2025 06:13:20 pm,65.350,87.750000,0.4,1.6,04/13/2025 06:51:07 pm,65.350,-87.870000,0.4,1.6
04/13/2025 06:11:57 pm,65.400,-77.870000,0.4,1.6,04/13/2025 06:13:20 pm,65.400,87.750000,0.4,1.6,04/13/2025 06:51:07 pm,65.400,-87.870000,0.4,1.6
04/13/2025 06:11:57 pm,65.450,-77.870000,0.4,1.6,04/13/2025 06:13:20 pm,65.450,87.750000,0.4,1.6,04/13/2025 06:51:07 pm,65.450,-87.870000,0.4,1.6
04/13/2025 06:11:57 pm,65.500,-77.870000,0.4,1.6,04/13/2025 06:13:20 pm,65.500,87.750000,0.4,1.6,04/13/2025 06:51:07 pm,65.500,-87.870000,0.4,1.6
04/13/2025 06:11:57 pm,65.550,-77.870000,0.4,1.6,04/13/2025 06:13:20 pm,65.550,87.750000,0.4,1.6,04/13/2025 06:51:07 pm,65.550,-87.870000,0.4,1.6
04/13/2025 06:11:57 pm,65.600,-77.870000,0.4,1.6,04/13/2025 06:13:20 pm,65.600,87.750000,0.4,1.6,04/13/2025 06:51:07 pm,65.600,-87.870000,0.4,1.6
04/13/2025 06:11:57 pm,65.650,-77.870000,0.4,1.6,04/13/2025 06:13:20 pm,65.650,87.750000,0.4,1.6,04/13/2025 06:51:07 pm,65.650,-87.870000,0.4,1.6
04/13/2025 06:11:57 pm,65.700,-77.870000,0.4,1.6,04/13/2025 06:13:20 pm,65.700,87.750000,0.4,1.6,04/13/2025 06:51:07 pm,65.700,-87.870000,0.4,1.6
04/13/2025 06:11:57 pm,65.750,-77.870000,0.4,1.6,04/13/2025 06:13:20 pm,65.750,87.750000,0.4,1.6,04/13/2025 06:51:07 pm,65.750,-87.870000,0.4,1.6
04/13/2025 06:11:57 pm,65.800,-77.870000,0.4,1.6,04/13/2025 06:13:20 pm,65.800,87.750000,0.4,1.6,04/13/2025 06:51:07 pm,65.800,-87.870000,0.4,1.6
04/13/2025 06:11:57 pm,65.850,-77.870000,0.4,1.6,04/13/2025 06:13:20 pm,65.850,87.750000,0.4,1.6,04/13/2025 06:51:07 pm,65.850,-87.870000,0.4,1.6
04/13/2025 06:11:57 pm,65.900,-77.870000,0.4,1.6,04/13/2025 06:13:20 pm,65.900,87.750000,0.4,1.6,04/13/2025 06:51:07 pm,65.900,-87.870000,0.4,1.6
04/13/2025 06:11:57 pm,65.950,-77.870000,0.4,1.6,04/13/2025 06:13:20 pm,65.950,87.750000,0.4,1.6,04/13/2025 06:51:07 pm,65.950,-87.870000,0.4,1.6
04/13/2025 06:11:58 pm,66.000,-77.870000,0.4,1.6,04/13/2025 06:13:21 pm,66.000,87.750000,0.4,1.6,04/13/2025 06:51:08 pm,66.000,-87.870000,0.4,1.6
04/13/2025 06:11:58 pm,66.050,-77.870000,0.4,1.6,04/13/2025 06:13:21 pm,66.050,87.750000,0.4,1.6,04/13/2025 06:51:08 pm,66.050,-87.870000,0.4,1.6
04/13/2025 06:11:58 pm,66.100,-77.870000,0.4,1.6,04/13/2025 06:13:21 pm,66.100,87.750000,0.4,1.6,04/13/2025 06:51:08 pm,66.100,-87.870000,0.4,1.6
04/13/2025 06:11:58 pm,66.150,-77.870000,0.4,1.6,04/13/2025 06:13:21 pm,66.150,87.750000,0.4,1.6,04/13/2025 06:51:08 pm,66.150,-87.870000,0.4,1.6
04/13/2025 06:11:58 pm,66.200,-77.870000,0.4,1.6,04/13/2025 06:13:21 pm,66.200,87.750000,0.4,1.6,04/13/2025 06:51:08 pm,66.200,-87.870000,0.4,1.6
04/13/2025 06:11:58 pm,66.250,-77.870000,0.4,1.6,04/13/2025 06:13:21 pm,66.250,87.750000,0.4,1.6,04/13/2025 06:51:08 pm,66.250,-87.870000,0.4,1.6
04/13/2025 06:11:58 pm,66.300,-77.870000,0.4,1.6,04/13/2025 06:13:21 pm,66.300,87.750000,0.4,1.6,04/13/2025 06:51:08 pm,66.300,-87.870000,0.4,1.6
04/13/2025 06:11:58 pm,66.350,-77.870000,0.4,1.6,04/13/2025 06:13:21 pm,66.350,87.750000,0.4,1.6,04/13/2025 06:51:08 pm,66.350,-87.870000,0.4,1.6
04/13/2025 06:11:58 pm,66.400,-77.870000,0.4,1.6,04/13/2025 06:13:21 pm,66.400,87.750000,0.4,1.6,04/13/2025 06:51:08 pm,66.400,-87.870000,0.4,1.6
04/13/2025 06:11:58 pm,66.450,-77.870000,0.4,1.6,04/13/2025 06:13:21 pm,66.450,87.750000,0.4,1.6,04/13/2025 06:51:08 pm,66.450,-87.870000,0.4,1.6
04/13/2025 06:11:58 pm,66.500,-77.870000,0.4,1.6,04/13/2025 06:13:21 pm,66.500,87.750000,0.4,1.6,04/13/2025 06:51:08 pm,66.500,-87.870000,0.4,1.6
04/13/2025 06:11:58 pm,66.550,-77.870000,0.4,1.6,04/13/2025 06:13:21 pm,66.550,87.750000,0.4,1.6,04/13/2025 06:51:08 pm,66.550,-87.870000,0.4,1.6
04/13/2025 06:11:58 pm,66.600,-77.870000,0.4,1.6,04/13/2025 06:13:21 pm,66.600,87.750000,0.4,1.6,04/13/2025 06:51:08 pm,66.600,-87.870000,0.4,1.6
04/13/2025 06:11:58 pm,66.650,-77.870000,0.4,1.6,04/13/2025 06:13:21 pm,66.650,87.750000,0.4,1.6,04/13/2025 06:51:08 pm,66.650,-87.870000,0.4,1.6
04/13/2025 06:11:58 pm,66.700,-77.870000,0.4,1.6,04/13/2025 06:13:21 pm,66.700,87.750000,0.4,1.6,04/13/2025 06:51:08 pm,66.700,-87.870000,0.4,1.6
04/13/2025 06:11:58 pm,66.750,-77.870000,0.4,1.6,04/13/2025 06:13:21 pm,66.750,87.750000,0.4,1.6,04/13/2025 06:51:08 pm,66.750,-87.870000,0.4,1.6
04/13/2025 06:11:58 pm,66.800,-77.870000,0.4,1.6,04/13/2025 06:13:21 pm,66.800,87.750000,0.4,1.6,04/13/2025 06:51:08 pm,66.800,-87.870000,0.4,1.6
04/13/2025 06:11:58 pm,66.850,-77.870000,0.4,1.6,04/13/2025 06:13:21 pm,66.850,87.750000,0.4,1.6,04/13/2025 06:51:08 pm,66.850,-87.870000,0.4,1.6
04/13/2025 06:11:58 pm,66.900,-77.870000,0.4,1.6,04/13/2025 06:13:21 pm,66.900,87.750000,0.4,1.6,04/13/2025 06:51:08 pm,66.900,-87.870000,0.4,1.6
04/13/2025 06:11:58 pm,66.950,-77.870000,0.4,1.6,04/13/2025 06:13:21 pm,66.950,87.750000,0.4,1.6,04/13/2025 06:51:08 pm,66.950,-87.870000,0.4,1.6
04/13/2025 06:11:59 pm,67.000,-77.870000,0.4,1.6,04/13/2025 06:13:22 pm,67.000,87.750000,0.4,1.6,04/13/2025 06:51:09 pm,67.000,-87.870000,0.4,1.6
04/13/2025 06:11:59 pm,67.050,-77.870000,0.4,1.6,04/13/2025 06:13:22 pm,67.050,87.750000,0.4,1.6,04/13/2025 06:51:09 pm,67.050,-87.870000,0.4,1.6
04/13/2025 06:11:59 pm,67.100,-77.870000,0.4,1.6,04/13/2025 06:13:22 pm,67.100,87.750000,0.4,1.6,04/13/2025 06:51:09 pm,67.100,-87.870000,0.4,1.6
04/13/2025 06:11:59 pm,67.150,-77.870000,0.4,1.6,04/13/2025 06:13:22 pm,67.150,87.750000,0.4,1.6,04/13/2025 06:51:09 pm,67.150,-87.870000,0.4,1.6
04/13/2025 06:11:59 pm,67.200,-77.870000,0.4,1.6,04/13/2025 06:13:22 pm,67.200,87.750000,0.4,1.6,04/13/2025 06:51:09 pm,67.200,-87.870000,0.4,1.6
04/13/2025 06:11:59 pm,67.250,-77.870000,0.4,1.6,04/13/2025 06:13:22 pm,67.250,87.750000,0.4,1.6,04/13/2025 06:51:09 pm,67.250,-87.870000,0.4,1.6
04/13/2025 06:11:59 pm,67.300,-77.870000,0.4,1.6,04/13/2025 06:13:22 pm,67.300,87.750000,0.4,1.6,04/13/2025 06:51:09 pm,67.300,-87.870000,0.4,1.6
04/13/2025 06:11:59 pm,67.350,-77.870000,0.4,1.6,04/13/2025 06:13:22 pm,67.350,87.750000,0.4,1.6,04/13/2025 06:51:09 pm,67.350,-87.870000,0.4,1.6
04/13/2025 06:11:59 pm,67.400,-77.870000,0.4,1.6,04/13/2025 06:13:22 pm,67.400,87.750000,0.4,1.6,04/13/2025 06:51:09 pm,67.400,-87.870000,0.4,1.6
04/13/2025 06:11:59 pm,67.450,-77.870000,0.4,1.6,04/13/2025 06:13:22 pm,67.450,87.750000,0.4,1.6,04/13/2025 06:51:09 pm,67.450,-87.870000,0.4,1.6
04/13/2025 06:11:59 pm,67.500,-77.870000,0.4,1.6,04/13/2025 06:13:22 pm,67.500,87.750000,0.4,1.6,04/13/2025 06:51:09 pm,67.500,-87.870000,0.4,1.6
04/13/2025 06:11:59 pm,67.550,-77.870000,0.4,1.6,04/13/2025 06:13:22 pm,67.550,87.750000,0.4,1.6,04/13/2025 06:51:09 pm,67.550,-87.870000,0.4,1.6
04/13/2025 06:11:59 pm,67.600,-77.870000,0.4,1.6,04/13/2025 06:13:22 pm,67.600,87.750000,0.4,1.6,04/13/2025 06:51:09 pm,67.600,-87.870000,0.4,1.6
04/13/2025 06:11:59 pm,67.650,-77.870000,0.4,1.6,04/13/2025 06:13:22 pm,67.650,87.750000,0.4,1.6,04/13/2025 06:51:09 pm,67.650,-87.870000,0.4,1.6
04/13/2025 06:11:59 pm,67.700,-77.870000,0.4,1.6,04/13/2025 06:13:22 pm,67.700,87.750000,0.4,1.6,04/13/2025 06:51:09 pm,67.700,-87.870000,0.4,1.6
04/13/2025 06:11:59 pm,67.750,-77.870000,0.4,1.6,04/13/2025 06:13:22 pm,67.750,87.750000,0.4,1.6,04/13/2025 06:51:09 pm,67.750,-87.870000,0.4,1.6
04/13/2025 06:11:59 pm,67.800,-77.870000,0.4,1.6,04/13/2025 06:13:22 pm,67.800,87.750000,0.4,1.6,04/13/2025 06:51:09 pm,67.800,-87.870000,0.4,1.6
04/13/2025 06:11:59 pm,67.850,-77.870000,0.4,1.6,04/13/2025 06:13:22 pm,67.850,87.750000,0.4,1.6,04/13/2025 06:51:09 pm,67.850,-87.870000,0.4,1.6
04/13/2025 06:11:59 pm,67.900,-77.870000,0.4,1.6,04/13/2025 06:13:22 pm,67.900,87.750000,0.4,1.6,04/13/2025 06:51:09 pm,67.900,-87.870000,0.4,1.6
04/13/2025 06:11:59 pm,67.950,-77.870000,0.4,1.6,04/13/2025 06:13:22 pm,67.950,87.750000,0.4,1.6,04/13/2025 06:51:09 pm,67.950,-87.870000,0.4,1.6
04/13/2025 06:12:00 pm,68.000,-77.870000,0.4,1.6,04/13/2025 06:13:23 pm,68.000,87.750000,0.4,1.6,04/13/2025 06:51:10 pm,68.000,-87.870000,0.4,1.6
04/13/2025 06:12:00 pm,68.050,-77.870000,0.4,1.6,04/13/2025 06:13:23 pm,68.050,87.750000,0.4,1.6,04/13/2025 06:51:10 pm,68.050,-87.870000,0.4,1.6
04/13/2025 06:12:00 pm,68.100,-77.870000,0.4,1.6,04/13/2025 06:13:23 pm,68.100,87.750000,0.4,1.6,04/13/2025 06:51:10 pm,68.100,-87.870000,0.4,1.6
04/13/2025 06:12:00 pm,68.150,-77.870000,0.4,1.6,04/13/2025 06:13:23 pm,68.150,87.750000,0.4,1.6,04/13/2025 06:51:10 pm,68.150,-87.870000,0.4,1.6
04/13/2025 06:12:00 pm,68.200,-77.870000,0.4,1.6,04/13/2025 06:13:23 pm,68.200,87.750000,0.4,1.6,04/13/2025 06:51:10 pm,68.200,-87.870000,0.4,1.6
04/13/2025 06:12:00 pm,68.250,-77.870000,0.4,1.6,04/13/2025 06:13:23 pm,68.250,87.750000,0.4,1.6,04/13/2025 06:51:10 pm,68.250,-87.870000,0.4,1.6
04/13/2025 06:12:00 pm,68.300,-77.870000,0.4,1.6,04/13/2025 06:13:23 pm,68.300,87.750000,0.4,1.6,04/13/2025 06:51:10 pm,68.300,-87.870000,0.4,1.6
04/13/2025 06:12:00 pm,68.350,-77.870000,0.4,1.6,04/13/2025 06:13:23 pm,68.350,87.750000,0.4,1.6,04/13/2025 06:51:10 pm,68.350,-87.870000,0.4,1.6
04/13/2025 06:12:00 pm,68.400,-77.870000,0.4,1.6,04/13/2025 06:13:23 pm,68.400,87.750000,0.4,1.6,04/13/2025 06:51:10 pm,68.400,-87.870000,0.4,1.6
04/13/2025 06:12:00 pm,68.450,-77.870000,0.4,1.6,04/13/2025 06:13:23 pm,68.450,87.750000,0.4,1.6,04/13/2025 06:51:10 pm,68.450,-87.870000,0.4,1.6
04/13/2025 06:12:00 pm,68.500,-77.870000,0.4,1.6,04/13/2025 06:13:23 pm,68.500,87.750000,0.4,1.6,04/13/2025 06:51:10 pm,68.500,-87.870000,0.4,1.6
04/13/2025 06:12:00 pm,68.550,-77.870000,0.4,1.6,04/13/2025 06:13:23 pm,68.550,87.750000,0.4,1.6,04/13/2025 06:51:10 pm,68.550,-87.870000,0.4,1.6
04/13/2025 06:12:00 pm,68.600,-77.870000,0.4,1.6,04/13/2025 06:13:23 pm,68.600,87.750000,0.4,1.6,04/13/2025 06:51:10 pm,68.600,-87.870000,0.4,1.6
04/13/2025 06:12:00 pm,68.650,-77.870000,0.4,1.6,04/13/2025 06:13:23 pm,68.650,87.750000,0.4,1.6,04/13/2025 06:51:10 pm,68.650,-87.870000,0.4,1.6
04/13/2025 06:12:00 pm,68.700,-77.870000,0.4,1.6,04/13/2025 06:13:23 pm,68.700,87.750000,0.4,1.6,04/13/2025 06:51:10 pm,68.700,-87.870000,0.4,1.6
04/13/2025 06:12:00 pm,68.750,-77.870000,0.4,1.6,04/13/2025 06:13:23 pm,68.750,87.750000,0.4,1.6,04/13/2025 06:51:10 pm,68.750,-87.870000,0.4,1.6
04/13/2025 06:12:00 pm,68.800,-77.870000,0.4,1.6,04/13/2025 06:13:23 pm,68.800,87.750000,0.4,1.6,04/13/2025 06:51:10 pm,68.800,-87.870000,0.4,1.6
04/13/2025 06:12:00 pm,68.850,-77.870000,0.4,1.6,04/13/2025 06:13:23 pm,68.850,87.750000,0.4,1.6,04/13/2025 06:51:10 pm,68.850,-87.870000,0.4,1.6
04/13/2025 06:12:00 pm,68.900,-77.870000,0.4,1.6,04/13/2025 06:13:23 pm,68.900,87.750000,0.4,1.6,04/13/2025 06:51:10 pm,68.900,-87.870000,0.4,1.6
04/13/2025 06:12:00 pm,68.950,-77.870000,0.4,1.6,04/13/2025 06:13:23 pm,68.950,87.750000,0.4,1.6,04/13/2025 06:51:10 pm,68.950,-87.870000,0.4,1.6
04/13/2025 06:12:01 pm,69.000,-77.870000,0.4,1.6,04/13/2025 06:13:24 pm,69.000,87.750000,0.4,1.6,04/13/2025 06:51:11 pm,69.000,-87.870000,0.4,1.6
04/13/2025 06:12:01 pm,69.050,-77.870000,0.4,1.6,04/13/2025 06:13:24 pm,69.050,87.750000,0.4,1.6,04/13/2025 06:51:11 pm,69.050,-87.870000,0.4,1.6
04/13/2025 06:12:01 pm,69.100,-77.870000,0.4,1.6,04/13/2025 06:13:24 pm,69.100,87.750000,0.4,1.6,04/13/2025 06:51:11 pm,69.100,-87.870000,0.4,1.6
04/13/2025 06:12:01 pm,69.150,-77.870000,0.4,1.6,04/13/2025 06:13:24 pm,69.150,87.750000,0.4,1.6,04/13/2025 06:51:11 pm,69.150,-87.870000,0.4,1.6
04/13/2025 06:12:01 pm,69.200,-77.870000,0.4,1.6,04/13/2025 06:13:24 pm,69.200,87.750000,0.4,1.6,04/13/2025 06:51:11 pm,69.200,-87.870000,0.4,1.6
04/13/2025 06:12:01 pm,69.250,-77.870000,0.4,1.6,04/13/2025 06:13:24 pm,69.250,87.750000,0.4,1.6,04/13/2025 06:51:11 pm,69.250,-87.870000,0.4,1.6
04/13/2025 06:12:01 pm,69.300,-77.870000,0.4,1.6,04/13/2025 06:13:24 pm,69.300,87.750000,0.4,1.6,04/13/2025 06:51:11 pm,69.300,-87.870000,0.4,1.6
04/13/2025 06:12:01 pm,69.350,-77.870000,0.4,1.6,04/13/2025 06:13:24 pm,69.350,87.750000,0.4,1.6,04/13/2025 06:51:11 pm,69.350,-87.870000,0.4,1.6
04/13/2025 06:12:01 pm,69.400,-77.870000,0.4,1.6,04/13/2025 06:13:24 pm,69.400,87.750000,0.4,1.6,04/13/2025 06:51:11 pm,69.400,-87.870000,0.4,1.6
04/13/2025 06:12:01 pm,69.450,-77.870000,0.4,1.6,04/13/2025 06:13:24 pm,69.450,87.750000,0.4,1.6,04/13/2025 06:51:11 pm,69.450,-87.870000,0.4,1.6
04/13/2025 06:12:01 pm,69.500,-77.870000,0.4,1.6,04/13/2025 06:13:24 pm,69.500,87.750000,0.4,1.6,04/13/2025 06:51:11 pm,69.500,-87.870000,0.4,1.6
04/13/2025 06:12:01 pm,69.550,-77.870000,0.4,1.6,04/13/2025 06:13:24 pm,69.550,87.750000,0.4,1.6,04/13/2025 06:51:11 pm,69.550,-87.870000,0.4,1.6
04/13/2025 06:12:01 pm,69.600,-77.870000,0.4,1.6,04/13/2025 06:13:24 pm,69.600,87.750000,0.4,1.6,04/13/2025 06:51:11 pm,69.600,-87.870000,0.4,1.6
04/13/2025 06:12:01 pm,69.650,-77.870000,0.4,1.6,04/13/2025 06:13:24 pm,69.650,87.750000,0.4,1.6,04/13/2025 06:51:11 pm,69.650,-87.870000,0.4,1.6
04/13/2025 06:12:01 pm,69.700,-77.870000,0.4,1.6,04/13/2025 06:13:24 pm,69.700,87.750000,0.4,1.6,04/13/2025 06:51:11 pm,69.700,-87.870000,0.4,1.6
04/13/2025 06:12:01 pm,69.750,-77.870000,0.4,1.6,04/13/2025 06:13:24 pm,69.750,87.750000,0.4,1.6,04/13/2025 06:51:11 pm,69.750,-87.870000,0.4,1.6
04/13/2025 06:12:01 pm,69.800,-77.870000,0.4,1.6,04/13/2025 06:13:24 pm,69.800,87.750000,0.4,1.6,04/13/2025 06:51:11 pm,69.800,-87.870000,0.4,1.6
04/13/2025 06:12:01 pm,69.850,-77.870000,0.4,1.6,04/13/2025 06:13:24 pm,69.850,87.750000,0.4,1.6,04/13/2025 06:51:11 pm,69.850,-87.870000,0.4,1.6
04/13/2025 06:12:01 pm,69.900,-77.870000,0.4,1.6,04/13/2025 06:13:24 pm,69.900,87.750000,0.4,1.6,04/13/2025 06:51:11 pm,69.900,-87.870000,0.4,1.6
04/13/2025 06:12:01 pm,69.950,-77.870000,0.4,1.6,04/13/2025 06:13:24 pm,69.950,87.750000,0.4,1.6,04/13/2025 06:51:11 pm,69.950,-87.870000,0.4,1.6
04/13/2025 06:12:02 pm,70.000,-77.870000,0.4,1.6,04/13/2025 06:13:25 pm,70.000,87.750000,0.4,1.6,04/13/2025 06:51:12 pm,70.000,-87.870000,0.4,1.6
04/13/2025 06:12:02 pm,70.050,-77.870000,0.4,1.6,04/13/2025 06:13:25 pm,70.050,87.750000,0.4,1.6,04/13/2025 06:51:12 pm,70.050,-87.870000,0.4,1.6
04/13/2025 06:12:02 pm,70.100,-77.870000,0.4,1.6,04/13/2025 06:13:25 pm,70.100,87.750000,0.4,1.6,04/13/2025 06:51:12 pm,70.100,-87.870000,0.4,1.6
04/13/2025 06:12:02 pm,70.150,-77.870000,0.4,1.6,04/13/2025 06:13:25 pm,70.150,87.750000,0.4,1.6,04/13/2025 06:51:12 pm,70.150,-87.870000,0.4,1.6
04/13/2025 06:12:02 pm,70.200,-77.870000,0.4,1.6,04/13/2025 06:13:25 pm,70.200,87.750000,0.4,1.6,04/13/2025 06:51:12 pm,70.200,-87.870000,0.4,1.6
04/13/2025 06:12:02 pm,70.250,-77.870000,0.4,1.6,04/13/2025 06:13:25 pm,70.250,87.750000,0.4,1.6,04/13/2025 06:51:12 pm,70.250,-87.870000,0.4,1.6
04/13/2025 06:12:02 pm,70.300,-77.870000,0.4,1.6,04/13/2025 06:13:25 pm,70.300,87.750000,0.4,1.6,04/13/2025 06:51:12 pm,70.300,-87.870000,0.4,1.6
04/13/2025 06:12:02 pm,70.350,-77.870000,0.4,1.6,04/13/2025 06:13:25 pm,70.350,87.750000,0.4,1.6,04/13/2025 06:51:12 pm,70.350,-87.870000,0.4,1.6
04/13/2025 06:12:02 pm,70.400,-77.870000,0.4,1.6,04/13/2025 06:13:25 pm,70.400,87.750000,0.4,1.6,04/13/2025 06:51:12 pm,70.400,-87.870000,0.4,1.6
04/13/2025 06:12:02 pm,70.450,-77.870000,0.4,1.6,04/13/2025 06:13:25 pm,70.450,87.750000,0.4,1.6,04/13/2025 06:51:12 pm,70.450,-87.870000,0.4,1.6
04/13/2025 06:12:02 pm,70.500,-77.870000,0.4,1.6,04/13/2025 06:13:25 pm,70.500,87.750000,0.4,1.6,04/13/2025 06:51:12 pm,70.500,-87.870000,0.4,1.6
04/13/2025 06:12:02 pm,70.550,-77.870000,0.4,1.6,04/13/2025 06:13:25 pm,70.550,87.750000,0.4,1.6,04/13/2025 06:51:12 pm,70.550,-87.870000,0.4,1.6
04/13/2025 06:12:02 pm,70.600,-77.870000,0.4,1.6,04/13/2025 06:13:25 pm,70.600,87.750000,0.4,1.6,04/13/2025 06:51:12 pm,70.600,-87.870000,0.4,1.6
04/13/2025 06:12:02 pm,70.650,-77.870000,0.4,1.6,04/13/2025 06:13:25 pm,70.650,87.750000,0.4,1.6,04/13/2025 06:51:12 pm,70.650,-87.870000,0.4,1.6
04/13/2025 06:12:02 pm,70.700,-77.870000,0.4,1.6,04/13/2025 06:13:25 pm,70.700,87.750000,0.4,1.6,04/13/2025 06:51:12 pm,70.700,-87.870000,0.4,1.6
04/13/2025 06:12:02 pm,70.750,-77.870000,0.4,1.6,04/13/2025 06:13:25 pm,70.750,87.750000,0.4,1.6,04/13/2025 06:51:12 pm,70.750,-87.870000,0.4,1.6
04/13/2025 06:12:02 pm,70.800,-77.870000,0.4,1.6,04/13/2025 06:13:25 pm,70.800,87.750000,0.4,1.6,04/13/2025 06:51:12 pm,70.800,-87.870000,0.4,1.6
04/13/2025 06:12:02 pm,70.850,-77.870000,0.4,1.6,04/13/2025 06:13:25 pm,70.850,87.750000,0.4,1.6,04/13/2025 06:51:12 pm,70.850,-87.870000,0.4,1.6
04/13/2025 06:12:02 pm,70.900,-77.870000,0.4,1.6,04/13/2025 06:13:25 pm,70.900,87.750000,0.4,1.6,04/13/2025 06:51:12 pm,70.900,-87.870000,0.4,1.6
04/13/2025 06:12:02 pm,70.950,-77.870000,0.4,1.6,04/13/2025 06:13:25 pm,70.950,87.750000,0.4,1.6,04/13/2025 06:51:12 pm,70.950,-87.870000,0.4,1.6
04/13/2025 06:12:03 pm,71.000,-77.870000,0.4,1.6,04/13/2025 06:13:26 pm,71.000,87.750000,0.4,1.6,04/13/2025 06:51:13 pm,71.000,-87.870000,0.4,1.6
04/13/2025 06:12:03 pm,71.050,-77.870000,0.4,1.6,04/13/2025 06:13:26 pm,71.050,87.750000,0.4,1.6,04/13/2025 06:51:13 pm,71.050,-87.870000,0.4,1.6
04/13/2025 06:12:03 pm,71.100,-77.870000,0.4,1.6,04/13/2025 06:13:26 pm,71.100,87.750000,0.4,1.6,04/13/2025 06:51:13 pm,71.100,-87.870000,0.4,1.6
04/13/2025 06:12:03 pm,71.150,-77.870000,0.4,1.6,04/13/2025 06:13:26 pm,71.150,87.750000,0.4,1.6,04/13/2025 06:51:13 pm,71.150,-87.870000,0.4,1.6
04/13/2025 06:12:03 pm,71.200,-77.870000,0.4,1.6,04/13/2025 06:13:26 pm,71.200,87.750000,0.4,1.6,04/13/2025 06:51:13 pm,71.200,-87.870000,0.4,1.6
04/13/2025 06:12:03 pm,71.250,-77.870000,0.4,1.6,04/13/2025 06:13:26 pm,71.250,87.750000,0.4,1.6,04/13/2025 06:51:13 pm,71.250,-87.870000,0.4,1.6
04/13/2025 06:12:03 pm,71.300,-77.870000,0.4,1.6,04/13/2025 06:13:26 pm,71.300,87.750000,0.4,1.6,04/13/2025 06:51:13 pm,71.300,-87.870000,0.4,1.6
04/13/2025 06:12:03 pm,71.350,-77.870000,0.4,1.6,04/13/2025 06:13:26 pm,71.350,87.750000,0.4,1.6,04/13/2025 06:51:13 pm,71.350,-87.870000,0.4,1.6
04/13/2025 06:12:03 pm,71.400,-77.870000,0.4,1.6,04/13/2025 06:13:26 pm,71.400,87.750000,0.4,1.6,04/13/2025 06:51:13 pm,71.400,-87.870000,0.4,1.6
04/13/2025 06:12:03 pm,71.450,-77.870000,0.4,1.6,04/13/2025 06:13:26 pm,71.450,87.750000,0.4,1.6,04/13/2025 06:51:13 pm,71.450,-87.870000,0.4,1.6
04/13/2025 06:12:03 pm,71.500,-77.870000,0.4,1.6,04/13/2025 06:13:26 pm,71.500,87.750000,0.4,1.6,04/13/2025 06:51:13 pm,71.500,-87.870000,0.4,1.6
04/13/2025 06:12:03 pm,71.550,-77.870000,0.4,1.6,04/13/2025 06:13:26 pm,71.550,87.750000,0.4,1.6,04/13/2025 06:51:13 pm,71.550,-87.870000,0.4,1.6
04/13/2025 06:12:03 pm,71.600,-77.870000,0.4,1.6,04/13/2025 06:13:26 pm,71.600,87.750000,0.4,1.6,04/13/2025 06:51:13 pm,71.600,-87.870000,0.4,1.6
04/13/2025 06:12:03 pm,71.650,-77.870000,0.4,1.6,04/13/2025 06:13:26 pm,71.650,87.750000,0.4,1.6,04/13/2025 06:51:13 pm,71.650,-87.870000,0.4,1.6
04/13/2025 06:12:03 pm,71.700,-77.870000,0.4,1.6,04/13/2025 06:13:26 pm,71.700,87.750000,0.4,1.6,04/13/2025 06:51:13 pm,71.700,-87.870000,0.4,1.6
04/13/2025 06:12:03 pm,71.750,-77.870000,0.4,1.6,04/13/2025 06:13:26 pm,71.750,87.750000,0.4,1.6,04/13/2025 06:51:13 pm,71.750,-87.870000,0.4,1.6
04/13/2025 06:12:03 pm,71.800,-77.870000,0.4,1.6,04/13/2025 06:13:26 pm,71.800,87.750000,0.4,1.6,04/13/2025 06:51:13 pm,71.800,-87.870000,0.4,1.6
04/13/2025 06:12:03 pm,71.850,-77.870000,0.4,1.6,04/13/2025 06:13:26 pm,71.850,87.750000,0.4,1.6,04/13/2025 06:51:13 pm,71.850,-87.870000,0.4,1.6
04/13/2025 06:12:03 pm,71.900,-77.870000,0.4,1.6,04/13/2025 06:13:26 pm,71.900,87.750000,0.4,1.6,04/13/2025 06:51:13 pm,71.900,-87.870000,0.4,1.6
04/13/2025 06:12:03 pm,71.950,-77.870000,0.4,1.6,04/13/2025 06:13:26 pm,71.950,87.750000,0.4,1.6,04/13/2025 06:51:13 pm,71.950,-87.870000,0.4,1.6
04/13/2025 06:12:04 pm,72.000,-77.870000,0.4,1.6,04/13/2025 06:13:27 pm,72.000,87.750000,0.4,1.6,04/13/2025 06:51:14 pm,72.000,-87.870000,0.4,1.6
04/13/2025 06:12:04 pm,72.050,-77.870000,0.4,1.6,04/13/2025 06:13:27 pm,72.050,87.750000,0.4,1.6,04/13/2025 06:51:14 pm,72.050,-87.870000,0.4,1.6
04/13/2025 06:12:04 pm,72.100,-77.870000,0.4,1.6,04/13/2025 06:13:27 pm,72.100,87.750000,0.4,1.6,04/13/2025 06:51:14 pm,72.100,-87.870000,0.4,1.6
04/13/2025 06:12:04 pm,72.150,-77.870000,0.4,1.6,04/13/2025 06:13:27 pm,72.150,87.750000,0.4,1.6,,,,,
04/13/2025 06:12:04 pm,72.200,-77.870000,0.4,1.6,04/13/2025 06:13:27 pm,72.200,87.750000,0.4,1.6,,,,,
04/13/2025 06:12:04 pm,72.250,-77.870000,0.4,1.6,04/13/2025 06:13:27 pm,72.250,87.750000,0.4,1.6,,,,,
04/13/2025 06:12:04 pm,72.300,-77.870000,0.4,1.6,04/13/2025 06:13:27 pm,72.300,87.750000,0.4,1.6,,,,,
04/13/2025 06:12:04 pm,72.350,-77.870000,0.4,1.6,04/13/2025 06:13:27 pm,72.350,87.750000,0.4,1.6,,,,,
04/13/2025 06:12:04 pm,72.400,-77.870000,0.4,1.6,04/13/2025 06:13:27 pm,72.400,87.750000,0.4,1.6,,,,,
04/13/2025 06:12:04 pm,72.450,-77.870000,0.4,1.6,04/13/2025 06:13:27 pm,72.450,87.750000,0.4,1.6,,,,,
04/13/2025 06:12:04 pm,72.500,-77.870000,0.4,1.6,04/13/2025 06:13:27 pm,72.500,87.750000,0.4,1.6,,,,,
04/13/2025 06:12:04 pm,72.550,-77.870000,0.4,1.6,04/13/2025 06:13:27 pm,72.550,87.750000,0.4,1.6,,,,,
04/13/2025 06:12:04 pm,72.600,-77.870000,0.4,1.6,04/13/2025 06:13:27 pm,72.600,87.750000,0.4,1.6,,,,,
04/13/2025 06:12:04 pm,72.650,-77.870000,0.4,1.6,04/13/2025 06:13:27 pm,72.650,87.750000,0.4,1.6,,,,,
04/13/2025 06:12:04 pm,72.700,-77.870000,0.4,1.6,04/13/2025 06:13:27 pm,72.700,87.750000,0.4,1.6,,,,,
04/13/2025 06:12:04 pm,72.750,-77.870000,0.4,1.6,04/13/2025 06:13:27 pm,72.750,87.750000,0.4,1.6,,,,,
04/13/2025 06:12:04 pm,72.800,-77.870000,0.4,1.6,04/13/2025 06:13:27 pm,72.800,87.750000,0.4,1.6,,,,,
04/13/2025 06:12:04 pm,72.850,-77.870000,0.4,1.6,04/13/2025 06:13:27 pm,72.850,87.750000,0.4,1.6,,,,,
04/13/2025 06:12:04 pm,72.900,-77.870000,0.4,1.6,04/13/2025 06:13:27 pm,72.900,87.750000,0.4,1.6,,,,,
04/13/2025 06:12:04 pm,72.950,-77.870000,0.4,1.6,04/13/2025 06:13:27 pm,72.950,87.750000,0.4,1.6,,,,,
04/13/2025 06:12:05 pm,73.000,-77.870000,0.4,1.6,04/13/2025 06:13:28 pm,73.000,87.750000,0.4,1.6,,,,,
04/13/2025 06:12:05 pm,73.050,-77.870000,0.4,1.6,04/13/2025 06:13:28 pm,73.050,87.750000,0.4,1.6,,,,,
04/13/2025 06:12:05 pm,73.100,-77.870000,0.4,1.6,04/13/2025 06:13:28 pm,73.100,87.750000,0.4,1.6,,,,,
04/13/2025 06:12:05 pm,73.150,-77.870000,0.4,1.6,04/13/2025 06:13:28 pm,73.150,87.750000,0.4,1.6,,,,,
04/13/2025 06:12:05 pm,73.200,-77.870000,0.4,1.6,04/13/2025 06:13:28 pm,73.200,87.750000,0.4,1.6,,,,,
04/13/2025 06:12:05 pm,73.250,-77.870000,0.4,1.6,04/13/2025 06:13:28 pm,73.250,87.750000,0.4,1.6,,,,,
04/13/2025 06:12:05 pm,73.300,-77.870000,0.4,1.6,04/13/2025 06:13:28 pm,73.300,87.750000,0.4,1.6,,,,,
04/13/2025 06:12:05 pm,73.350,-77.870000,0.4,1.6,04/13/2025 06:13:28 pm,73.350,87.750000,0.4,1.6,,,,,
04/13/2025 06:12:05 pm,73.400,-77.870000,0.4,1.6,04/13/2025 06:13:28 pm,73.400,87.750000,0.4,1.6,,,,,
04/13/2025 06:12:05 pm,73.450,-77.870000,0.4,1.6,04/13/2025 06:13:28 pm,73.450,87.750000,0.4,1.6,,,,,
04/13/2025 06:12:05 pm,73.500,-77.870000,0.4,1.6,04/13/2025 06:13:28 pm,73.500,87.750000,0.4,1.6,,,,,
04/13/2025 06:12:05 pm,73.550,-77.870000,0.4,1.6,04/13/2025 06:13:28 pm,73.550,87.750000,0.4,1.6,,,,,
04/13/2025 06:12:05 pm,73.600,-77.870000,0.4,1.6,04/13/2025 06:13:28 pm,73.600,87.750000,0.4,1.6,,,,,
04/13/2025 06:12:05 pm,73.650,-77.870000,0.4,1.6,04/13/2025 06:13:28 pm,73.650,87.750000,0.4,1.6,,,,,
04/13/2025 06:12:05 pm,73.700,-77.870000,0.4,1.6,04/13/2025 06:13:28 pm,73.700,87.750000,0.4,1.6,,,,,
04/13/2025 06:12:05 pm,73.750,-77.870000,0.4,1.6,04/13/2025 06:13:28 pm,73.750,87.750000,0.4,1.6,,,,,
04/13/2025 06:12:05 pm,73.800,-77.870000,0.4,1.6,04/13/2025 06:13:28 pm,73.800,87.750000,0.4,1.6,,,,,
04/13/2025 06:12:05 pm,73.850,-77.870000,0.4,1.6,04/13/2025 06:13:28 pm,73.850,87.750000,0.4,1.6,,,,,
04/13/2025 06:12:05 pm,73.900,-77.870000,0.4,1.6,04/13/2025 06:13:28 pm,73.900,87.750000,0.4,1.6,,,,,
04/13/2025 06:12:05 pm,73.950,-77.870000,0.4,1.6,04/13/2025 06:13:28 pm,73.950,87.750000,0.4,1.6,,,,,
04/13/2025 06:12:06 pm,74.000,-77.870000,0.4,1.6,04/13/2025 06:13:29 pm,74.000,87.750000,0.4,1.6,,,,,
04/13/2025 06:12:06 pm,74.050,-77.870000,0.4,1.6,04/13/2025 06:13:29 pm,74.050,87.750000,0.4,1.6,,,,,
04/13/2025 06:12:06 pm,74.100,-77.870000,0.4,1.6,04/13/2025 06:13:29 pm,74.100,87.750000,0.4,1.6,,,,,
04/13/2025 06:12:06 pm,74.150,-77.870000,0.4,1.6,04/13/2025 06:13:29 pm,74.150,87.750000,0.4,1.6,,,,,
04/13/2025 06:12:06 pm,74.200,-77.870000,0.4,1.6,04/13/2025 06:13:29 pm,74.200,87.750000,0.4,1.6,,,,,
04/13/2025 06:12:06 pm,74.250,-77.870000,0.4,1.6,04/13/2025 06:13:29 pm,74.250,87.750000,0.4,1.6,,,,,
04/13/2025 06:12:06 pm,74.300,-77.870000,0.4,1.6,04/13/2025 06:13:29 pm,74.300,87.750000,0.4,1.6,,,,,
04/13/2025 06:12:06 pm,74.350,-77.870000,0.4,1.6,04/13/2025 06:13:29 pm,74.350,87.750000,0.4,1.6,,,,,
04/13/2025 06:12:06 pm,74.400,-77.870000,0.4,1.6,04/13/2025 06:13:29 pm,74.400,87.750000,0.4,1.6,,,,,
04/13/2025 06:12:06 pm,74.450,-77.870000,0.4,1.6,04/13/2025 06:13:29 pm,74.450,87.750000,0.4,1.6,,,,,
04/13/2025 06:12:06 pm,74.500,-77.870000,0.4,1.6,04/13/2025 06:13:29 pm,74.500,87.750000,0.4,1.6,,,,,
04/13/2025 06:12:06 pm,74.550,-77.870000,0.4,1.6,04/13/2025 06:13:29 pm,74.550,87.750000,0.4,1.6,,,,,
04/13/2025 06:12:06 pm,74.600,-77.870000,0.4,1.6,04/13/2025 06:13:29 pm,74.600,87.750000,0.4,1.6,,,,,
04/13/2025 06:12:06 pm,74.650,-77.870000,0.4,1.6,04/13/2025 06:13:29 pm,74.650,87.750000,0.4,1.6,,,,,
04/13/2025 06:12:06 pm,74.700,-77.870000,0.4,1.6,04/13/2025 06:13:29 pm,74.700,87.750000,0.4,1.6,,,,,
04/13/2025 06:12:06 pm,74.750,-77.870000,0.4,1.6,04/13/2025 06:13:29 pm,74.750,87.750000,0.4,1.6,,,,,
04/13/2025 06:12:06 pm,74.800,-77.870000,0.4,1.6,04/13/2025 06:13:29 pm,74.800,87.750000,0.4,1.6,,,,,
04/13/2025 06:12:06 pm,74.850,-77.870000,0.4,1.6,04/13/2025 06:13:29 pm,74.850,87.750000,0.4,1.6,,,,,
04/13/2025 06:12:06 pm,74.900,-77.870000,0.4,1.6,04/13/2025 06:13:29 pm,74.900,87.750000,0.4,1.6,,,,,
04/13/2025 06:12:06 pm,74.950,-77.870000,0.4,1.6,04/13/2025 06:13:29 pm,74.950,87.750000,0.4,1.6,,,,,
04/13/2025 06:12:07 pm,75.000,-77.870000,0.4,1.6,04/13/2025 06:13:30 pm,75.000,87.750000,0.4,1.6,,,,,
04/13/2025 06:12:07 pm,75.050,-77.870000,0.4,1.6,04/13/2025 06:13:30 pm,75.050,87.750000,0.4,1.6,,,,,
04/13/2025 06:12:07 pm,75.100,-77.870000,0.4,1.6,04/13/2025 06:13:30 pm,75.100,87.750000,0.4,1.6,,,,,
04/13/2025 06:12:07 pm,75.150,-77.870000,0.4,1.6,04/13/2025 06:13:30 pm,75.150,87.750000,0.4,1.6,,,,,
04/13/2025 06:12:07 pm,75.200,-77.870000,0.4,1.6,04/13/2025 06:13:30 pm,75.200,87.750000,0.4,1.6,,,,,
04/13/2025 06:12:07 pm,75.250,-77.870000,0.4,1.6,04/13/2025 06:13:30 pm,75.250,87.750000,0.4,1.6,,,,,
04/13/2025 06:12:07 pm,75.300,-77.870000,0.4,1.6,04/13/2025 06:13:30 pm,75.300,87.750000,0.4,1.6,,,,,
04/13/2025 06:12:07 pm,75.350,-77.870000,0.4,1.6,04/13/2025 06:13:30 pm,75.350,87.750000,0.4,1.6,,,,,
04/13/2025 06:12:07 pm,75.400,-77.870000,0.4,1.6,04/13/2025 06:13:30 pm,75.400,87.750000,0.4,1.6,,,,,
04/13/2025 06:12:07 pm,75.450,-77.870000,0.4,1.6,04/13/2025 06:13:30 pm,75.450,87.750000,0.4,1.6,,,,,
04/13/2025 06:12:07 pm,75.500,-77.870000,0.4,1.6,04/13/2025 06:13:30 pm,75.500,87.750000,0.4,1.6,,,,,
04/13/2025 06:12:07 pm,75.550,-77.870000,0.4,1.6,04/13/2025 06:13:30 pm,75.550,87.750000,0.4,1.6,,,,,
04/13/2025 06:12:07 pm,75.600,-77.870000,0.4,1.6,04/13/2025 06:13:30 pm,75.600,87.750000,0.4,1.6,,,,,
04/13/2025 06:12:07 pm,75.650,-77.870000,0.4,1.6,04/13/2025 06:13:30 pm,75.650,87.750000,0.4,1.6,,,,,
04/13/2025 06:12:07 pm,75.700,-77.870000,0.4,1.6,04/13/2025 06:13:30 pm,75.700,87.750000,0.4,1.6,,,,,
04/13/2025 06:12:07 pm,75.750,-77.870000,0.4,1.6,04/13/2025 06:13:30 pm,75.750,87.750000,0.4,1.6,,,,,
04/13/2025 06:12:07 pm,75.800,-77.870000,0.4,1.6,04/13/2025 06:13:30 pm,75.800,87.750000,0.4,1.6,,,,,
04/13/2025 06:12:07 pm,75.850,-77.870000,0.4,1.6,04/13/2025 06:13:30 pm,75.850,87.750000,0.4,1.6,,,,,
04/13/2025 06:12:07 pm,75.900,-77.870000,0.4,1.6,04/13/2025 06:13:30 pm,75.900,87.750000,0.4,1.6,,,,,
04/13/2025 06:12:07 pm,75.950,-77.870000,0.4,1.6,04/13/2025 06:13:30 pm,75.950,87.750000,0.4,1.6,,,,,
04/13/2025 06:12:08 pm,76.000,-77.870000,0.4,1.6,04/13/2025 06:13:31 pm,76.000,87.750000,0.4,1.6,,,,,
04/13/2025 06:12:08 pm,76.050,-77.870000,0.4,1.6,04/13/2025 06:13:31 pm,76.050,87.750000,0.4,1.6,,,,,
04/13/2025 06:12:08 pm,76.100,-77.870000,0.4,1.6,04/13/2025 06:13:31 pm,76.100,87.750000,0.4,1.6,,,,,
04/13/2025 06:12:08 pm,76.150,-77.870000,0.4,1.6,04/13/2025 06:13:31 pm,76.150,87.750000,0.4,1.6,,,,,
04/13/2025 06:12:08 pm,76.200,-77.870000,0.4,1.6,04/13/2025 06:13:31 pm,76.200,87.750000,0.4,1.6,,,,,
04/13/2025 06:12:08 pm,76.250,-77.870000,0.4,1.6,04/13/2025 06:13:31 pm,76.250,87.750000,0.4,1.6,,,,,
04/13/2025 06:12:08 pm,76.300,-77.870000,0.4,1.6,04/13/2025 06:13:31 pm,76.300,87.750000,0.4,1.6,,,,,
04/13/2025 06:12:08 pm,76.350,-77.870000,0.4,1.6,04/13/2025 06:13:31 pm,76.350,87.750000,0.4,1.6,,,,,
04/13/2025 06:12:08 pm,76.400,-77.870000,0.4,1.6,04/13/2025 06:13:31 pm,76.400,87.750000,0.4,1.6,,,,,
04/13/2025 06:12:08 pm,76.450,-77.870000,0.4,1.6,04/13/2025 06:13:31 pm,76.450,87.750000,0.4,1.6,,,,,
04/13/2025 06:12:08 pm,76.500,-77.870000,0.4,1.6,04/13/2025 06:13:31 pm,76.500,87.750000,0.4,1.6,,,,,
04/13/2025 06:12:08 pm,76.550,-77.870000,0.4,1.6,04/13/2025 06:13:31 pm,76.550,87.750000,0.4,1.6,,,,,
04/13/2025 06:12:08 pm,76.600,-77.870000,0.4,1.6,04/13/2025 06:13:31 pm,76.600,87.750000,0.4,1.6,,,,,
04/13/2025 06:12:08 pm,76.650,-77.870000,0.4,1.6,04/13/2025 06:13:31 pm,76.650,87.750000,0.4,1.6,,,,,
04/13/2025 06:12:08 pm,76.700,-77.870000,0.4,1.6,04/13/2025 06:13:31 pm,76.700,87.750000,0.4,1.6,,,,,
04/13/2025 06:12:08 pm,76.750,-77.870000,0.4,1.6,04/13/2025 06:13:31 pm,76.750,87.750000,0.4,1.6,,,,,
04/13/2025 06:12:08 pm,76.800,-77.870000,0.4,1.6,04/13/2025 06:13:31 pm,76.800,87.750000,0.4,1.6,,,,,
04/13/2025 06:12:08 pm,76.850,-77.870000,0.4,1.6,04/13/2025 06:13:31 pm,76.850,87.750000,0.4,1.6,,,,,
04/13/2025 06:12:08 pm,76.900,-77.870000,0.4,1.6,04/13/2025 06:13:31 pm,76.900,87.750000,0.4,1.6,,,,,
04/13/2025 06:12:08 pm,76.950,-77.870000,0.4,1.6,04/13/2025 06:13:31 pm,76.950,87.750000,0.4,1.6,,,,,
04/13/2025 06:12:09 pm,77.000,-77.870000,0.4,1.6,04/13/2025 06:13:32 pm,77.000,87.750000,0.4,1.6,,,,,
04/13/2025 06:12:09 pm,77.050,-77.870000,0.4,1.6,04/13/2025 06:13:32 pm,77.050,87.750000,0.4,1.6,,,,,
04/13/2025 06:12:09 pm,77.100,-77.870000,0.4,1.6,04/13/2025 06:13:32 pm,77.100,87.750000,0.4,1.6,,,,,
04/13/2025 06:12:09 pm,77.150,-77.870000,0.4,1.6,04/13/2025 06:13:32 pm,77.150,87.750000,0.4,1.6,,,,,
04/13/2025 06:12:09 pm,77.200,-77.870000,0.4,1.6,04/13/2025 06:13:32 pm,77.200,87.750000,0.4,1.6,,,,,
04/13/2025 06:12:09 pm,77.250,-77.870000,0.4,1.6,04/13/2025 06:13:32 pm,77.250,87.750000,0.4,1.6,,,,,
04/13/2025 06:12:09 pm,77.300,-77.870000,0.4,1.6,04/13/2025 06:13:32 pm,77.300,87.750000,0.4,1.6,,,,,
04/13/2025 06:12:09 pm,77.350,-77.870000,0.4,1.6,04/13/2025 06:13:32 pm,77.350,87.750000,0.4,1.6,,,,,
04/13/2025 06:12:09 pm,77.400,-77.870000,0.4,1.6,04/13/2025 06:13:32 pm,77.400,87.750000,0.4,1.6,,,,,
04/13/2025 06:12:09 pm,77.450,-77.870000,0.4,1.6,04/13/2025 06:13:32 pm,77.450,87.750000,0.4,1.6,,,,,
04/13/2025 06:12:09 pm,77.500,-77.870000,0.4,1.6,04/13/2025 06:13:32 pm,77.500,87.750000,0.4,1.6,,,,,
04/13/2025 06:12:09 pm,77.550,-77.870000,0.4,1.6,04/13/2025 06:13:32 pm,77.550,87.750000,0.4,1.6,,,,,
04/13/2025 06:12:09 pm,77.600,-77.870000,0.4,1.6,04/13/2025 06:13:32 pm,77.600,87.750000,0.4,1.6,,,,,
04/13/2025 06:12:09 pm,77.650,-77.870000,0.4,1.6,04/13/2025 06:13:32 pm,77.650,87.750000,0.4,1.6,,,,,
04/13/2025 06:12:09 pm,77.700,-77.870000,0.4,1.6,04/13/2025 06:13:32 pm,77.700,87.750000,0.4,1.6,,,,,
04/13/2025 06:12:09 pm,77.750,-77.870000,0.4,1.6,04/13/2025 06:13:32 pm,77.750,87.750000,0.4,1.6,,,,,
04/13/2025 06:12:09 pm,77.800,-77.870000,0.4,1.6,04/13/2025 06:13:32 pm,77.800,87.750000,0.4,1.6,,,,,
,,,,,04/13/2025 06:13:32 pm,77.850,87.750000,0.4,1.6,,,,,
,,,,,04/13/2025 06:13:32 pm,77.900,87.750000,0.4,1.6,,,,,
,,,,,04/13/2025 06:13:32 pm,77.950,87.750000,0.4,1.6,,,,,
,,,,,04/13/2025 06:13:33 pm,78.000,87.750000,0.4,1.6,,,,,
,,,,,04/13/2025 06:13:33 pm,78.050,87.750000,0.4,1.6,,,,,
,,,,,04/13/2025 06:13:33 pm,78.100,87.750000,0.4,1.6,,,,,
,,,,,04/13/2025 06:13:33 pm,78.150,87.750000,0.4,1.6,,,,,
,,,,,04/13/2025 06:13:33 pm,78.200,87.750000,0.4,1.6,,,,,
,,,,,04/13/2025 06:13:33 pm,78.250,87.750000,0.4,1.6,,,,,
,,,,,04/13/2025 06:13:33 pm,78.300,87.750000,0.4,1.6,,,,,
,,,,,04/13/2025 06:13:33 pm,78.350,87.750000,0.4,1.6,,,,,
,,,,,04/13/2025 06:13:33 pm,78.400,87.750000,0.4,1.6,,,,,
,,,,,04/13/2025 06:13:33 pm,78.450,87.750000,0.4,1.6,,,,,
,,,,,04/13/2025 06:13:33 pm,78.500,87.750000,0.4,1.6,,,,,
,,,,,04/13/2025 06:13:33 pm,78.550,87.750000,0.4,1.6,,,,,
,,,,,04/13/2025 06:13:33 pm,78.600,87.750000,0.4,1.6,,,,,
,,,,,04/13/2025 06:13:33 pm,78.650,87.750000,0.4,1.6,,,,,
,,,,,04/13/2025 06:13:33 pm,78.700,87.750000,0.4,1.6,,,,,
,,,,,04/13/2025 06:13:33 pm,78.750,87.750000,0.4,1.6,,,,,
,,,,,04/13/2025 06:13:33 pm,78.800,87.750000,0.4,1.6,,,,,
,,,,,04/13/2025 06:13:33 pm,78.850,87.750000,0.4,1.6,,,,,
,,,,,04/13/2025 06:13:33 pm,78.900,87.750000,0.4,1.6,,,,,
,,,,,04/13/2025 06:13:33 pm,78.950,87.750000,0.4,1.6,,,,,
,,,,,04/13/2025 06:13:34 pm,79.000,87.750000,0.4,1.6,,,,,
,,,,,04/13/2025 06:13:34 pm,79.050,87.750000,0.4,1.6,,,,,
,,,,,04/13/2025 06:13:34 pm,79.100,87.750000,0.4,1.6,,,,,
,,,,,04/13/2025 06:13:34 pm,79.150,87.750000,0.4,1.6,,,,,
,,,,,04/13/2025 06:13:34 pm,79.200,87.750000,0.4,1.6,,,,,
,,,,,04/13/2025 06:13:34 pm,79.250,87.750000,0.4,1.6,,,,,
,,,,,04/13/2025 06:13:34 pm,79.300,87.750000,0.4,1.6,,,,,
,,,,,04/13/2025 06:13:34 pm,79.350,87.750000,0.4,1.6,,,,,
,,,,,04/13/2025 06:13:34 pm,79.400,87.750000,0.4,1.6,,,,,
,,,,,04/13/2025 06:13:34 pm,79.450,87.750000,0.4,1.6,,,,,
,,,,,04/13/2025 06:13:34 pm,79.500,87.750000,0.4,1.6,,,,,
,,,,,04/13/2025 06:13:34 pm,79.550,87.750000,0.4,1.6,,,,,
,,,,,04/13/2025 06:13:34 pm,79.600,87.750000,0.4,1.6,,,,,
,,,,,04/13/2025 06:13:34 pm,79.650,87.750000,0.4,1.6,,,,,
,,,,,04/13/2025 06:13:34 pm,79.700,87.750000,0.4,1.6,,,,,
,,,,,04/13/2025 06:13:34 pm,79.750,87.750000,0.4,1.6,,,,,
,,,,,04/13/2025 06:13:34 pm,79.800,87.750000,0.4,1.6,,,,,
,,,,,04/13/2025 06:13:34 pm,79.850,87.750000,0.4,1.6,,,,,
,,,,,04/13/2025 06:13:34 pm,79.900,87.750000,0.4,1.6,,,,,
,,,,,04/13/2025 06:13:34 pm,79.950,87.750000,0.4,1.6,,,,,
,,,,,04/13/2025 06:13:35 pm,80.000,87.750000,0.4,1.6,,,,,
,,,,,04/13/2025 06:13:35 pm,80.050,87.750000,0.4,1.6,,,,,
,,,,,04/13/2025 06:13:35 pm,80.100,87.750000,0.4,1.6,,,,,
,,,,,04/13/2025 06:13:35 pm,80.150,87.750000,0.4,1.6,,,,,
,,,,,04/13/2025 06:13:35 pm,80.200,87.750000,0.4,1.6,,,,,
,,,,,04/13/2025 06:13:35 pm,80.250,87.750000,0.4,1.6,,,,,
,,,,,04/13/2025 06:13:35 pm,80.300,87.750000,0.4,1.6,,,,,
,,,,,04/13/2025 06:13:35 pm,80.350,87.750000,0.4,1.6,,,,,
,,,,,04/13/2025 06:13:35 pm,80.400,87.750000,0.4,1.6,,,,,
,,,,,04/13/2025 06:13:35 pm,80.450,87.750000,0.4,1.6,,,,,
,,,,,04/13/2025 06:13:35 pm,80.500,87.750000,0.4,1.6,,,,,
,,,,,04/13/2025 06:13:35 pm,80.550,87.750000,0.4,1.6,,,,,
,,,,,04/13/2025 06:13:35 pm,80.600,87.750000,0.4,1.6,,,,,
,,,,,04/13/2025 06:13:35 pm,80.650,87.750000,0.4,1.6,,,,,
,,,,,04/13/2025 06:13:35 pm,80.700,87.750000,0.4,1.6,,,,,
,,,,,04/13/2025 06:13:35 pm,80.750,87.750000,0.4,1.6,,,,,
,,,,,04/13/2025 06:13:35 pm,80.800,87.750000,0.4,1.6,,,,,
,,,,,04/13/2025 06:13:35 pm,80.850,87.750000,0.4,1.6,,,,,
,,,,,04/13/2025 06:13:35 pm,80.900,87.750000,0.4,1.6,,,,,
,,,,,04/13/2025 06:13:35 pm,80.950,87.750000,0.4,1.6,,,,,
,,,,,04/13/2025 06:13:36 pm,81.000,87.750000,0.4,1.6,,,,,
,,,,,04/13/2025 06:13:36 pm,81.050,87.750000,0.4,1.6,,,,,
,,,,,04/13/2025 06:13:36 pm,81.100,87.750000,0.4,1.6,,,,,
,,,,,04/13/2025 06:13:36 pm,81.150,87.750000,0.4,1.6,,,,,
,,,,,04/13/2025 06:13:36 pm,81.200,87.750000,0.4,1.6,,,,,
,,,,,04/13/2025 06:13:36 pm,81.250,87.750000,0.4,1.6,,,,,
,,,,,04/13/2025 06:13:36 pm,81.300,87.750000,0.4,1.6,,,,,
,,,,,04/13/2025 06:13:36 pm,81.350,87.750000,0.4,1.6,,,,,
,,,,,04/13/2025 06:13:36 pm,81.400,87.750000,0.4,1.6,,,,,
,,,,,04/13/2025 06:13:36 pm,81.450,87.750000,0.4,1.6,,,,,
,,,,,04/13/2025 06:13:36 pm,81.500,87.750000,0.4,1.6,,,,,
,,,,,04/13/2025 06:13:36 pm,81.550,87.750000,0.4,1.6,,,,,
,,,,,04/13/2025 06:13:36 pm,81.600,87.750000,0.4,1.6,,,,,
,,,,,04/13/2025 06:13:36 pm,81.650,87.750000,0.4,1.6,,,,,
,,,,,04/13/2025 06:13:36 pm,81.700,87.750000,0.4,1.6,,,,,
,,,,,04/13/2025 06:13:36 pm,81.750,87.750000,0.4,1.6,,,,,
,,,,,04/13/2025 06:13:36 pm,81.800,87.750000,0.4,1.6,,,,,
,,,,,04/13/2025 06:13:36 pm,81.850,87.750000,0.4,1.6,,,,,
,,,,,04/13/2025 06:13:36 pm,81.900,87.750000,0.4,1.6,,,,,
,,,,,04/13/2025 06:13:36 pm,81.950,87.750000,0.4,1.6,,,,,
,,,,,04/13/2025 06:13:37 pm,82.000,87.750000,0.4,1.6,,,,,
,,,,,04/13/2025 06:13:37 pm,82.050,87.750000,0.4,1.6,,,,,
,,,,,04/13/2025 06:13:37 pm,82.100,87.750000,0.4,1.6,,,,,
,,,,,04/13/2025 06:13:37 pm,82.150,87.750000,0.4,1.6,,,,,
,,,,,04/13/2025 06:13:37 pm,82.200,87.750000,0.4,1.6,,,,,
,,,,,04/13/2025 06:13:37 pm,82.250,87.750000,0.4,1.6,,,,,
,,,,,04/13/2025 06:13:37 pm,82.300,87.750000,0.4,1.6,,,,,
,,,,,04/13/2025 06:13:37 pm,82.350,87.750000,0.4,1.6,,,,,
,,,,,04/13/2025 06:13:37 pm,82.400,87.750000,0.4,1.6,,,,,
,,,,,04/13/2025 06:13:37 pm,82.450,87.750000,0.4,1.6,,,,,
,,,,,04/13/2025 06:13:37 pm,82.500,87.750000,0.4,1.6,,,,,
,,,,,04/13/2025 06:13:37 pm,82.550,87.750000,0.4,1.6,,,,,
,,,,,04/13/2025 06:13:37 pm,82.600,87.750000,0.4,1.6,,,,,
,,,,,04/13/2025 06:13:37 pm,82.650,87.750000,0.4,1.6,,,,,
,,,,,04/13/2025 06:13:37 pm,82.700,87.750000,0.4,1.6,,,,,
,,,,,04/13/2025 06:13:37 pm,82.750,87.750000,0.4,1.6,,,,,
,,,,,04/13/2025 06:13:37 pm,82.800,87.750000,0.4,1.6,,,,,
,,,,,04/13/2025 06:13:37 pm,82.850,87.750000,0.4,1.6,,,,,
,,,,,04/13/2025 06:13:37 pm,82.900,87.750000,0.4,1.6,,,,,
,,,,,04/13/2025 06:13:37 pm,82.950,87.750000,0.4,1.6,,,,,
,,,,,04/13/2025 06:13:38 pm,83.000,87.750000,0.4,1.6,,,,,
,,,,,04/13/2025 06:13:38 pm,83.050,87.750000,0.4,1.6,,,,,
,,,,,04/13/2025 06:13:38 pm,83.100,87.750000,0.4,1.6,,,,,
,,,,,04/13/2025 06:13:38 pm,83.150,87.750000,0.4,1.6,,,,,
,,,,,04/13/2025 06:13:38 pm,83.200,87.750000,0.4,1.6,,,,,
,,,,,04/13/2025 06:13:38 pm,83.250,87.750000,0.4,1.6,,,,,
,,,,,04/13/2025 06:13:38 pm,83.300,87.750000,0.4,1.6,,,,,
,,,,,04/13/2025 06:13:38 pm,83.350,87.750000,0.4,1.6,,,,,
,,,,,04/13/2025 06:13:38 pm,83.400,87.750000,0.4,1.6,,,,,
,,,,,04/13/2025 06:13:38 pm,83.450,87.750000,0.4,1.6,,,,,
,,,,,04/13/2025 06:13:38 pm,83.500,87.750000,0.4,1.6,,,,,
,,,,,04/13/2025 06:13:38 pm,83.550,87.750000,0.4,1.6,,,,,
,,,,,04/13/2025 06:13:38 pm,83.600,87.750000,0.4,1.6,,,,,
,,,,,04/13/2025 06:13:38 pm,83.650,87.750000,0.4,1.6,,,,,
,,,,,04/13/2025 06:13:38 pm,83.700,87.750000,0.4,1.6,,,,,
,,,,,04/13/2025 06:13:38 pm,83.750,87.750000,0.4,1.6,,,,,
,,,,,04/13/2025 06:13:38 pm,83.800,87.750000,0.4,1.6,,,,,
,,,,,04/13/2025 06:13:38 pm,83.850,87.750000,0.4,1.6,,,,,
,,,,,04/13/2025 06:13:38 pm,83.900,87.750000,0.4,1.6,,,,,
,,,,,04/13/2025 06:13:38 pm,83.950,87.750000,0.4,1.6,,,,,
,,,,,04/13/2025 06:13:39 pm,84.000,87.750000,0.4,1.6,,,,,
,,,,,04/13/2025 06:13:39 pm,84.050,87.750000,0.4,1.6,,,,,
,,,,,04/13/2025 06:13:39 pm,84.100,87.750000,0.4,1.6,,,,,
,,,,,04/13/2025 06:13:39 pm,84.150,87.750000,0.4,1.6,,,,,
,,,,,04/13/2025 06:13:39 pm,84.200,87.750000,0.4,1.6,,,,,
,,,,,04/13/2025 06:13:39 pm,84.250,87.750000,0.4,1.6,,,,,
,,,,,04/13/2025 06:13:39 pm,84.300,87.750000,0.4,1.6,,,,,
,,,,,04/13/2025 06:13:39 pm,84.350,87.750000,0.4,1.6,,,,,
,,,,,04/13/2025 06:13:39 pm,84.400,87.750000,0.4,1.6,,,,,
,,,,,04/13/2025 06:13:39 pm,84.450,87.750000,0.4,1.6,,,,,
,,,,,04/13/2025 06:13:39 pm,84.500,87.750000,0.4,1.6,,,,,
,,,,,04/13/2025 06:13:39 pm,84.550,87.750000,0.4,1.6,,,,,
,,,,,04/13/2025 06:13:39 pm,84.600,87.750000,0.4,1.6,,,,,
,,,,,04/13/2025 06:13:39 pm,84.650,87.750000,0.4,1.6,,,,,
,,,,,04/13/2025 06:13:39 pm,84.700,87.750000,0.4,1.6,,,,,
,,,,,04/13/2025 06:13:39 pm,84.750,87.750000,0.4,1.6,,,,,
,,,,,04/13/2025 06:13:39 pm,84.800,87.750000,0.4,1.6,,,,,
,,,,,04/13/2025 06:13:39 pm,84.850,87.750000,0.4,1.6,,,,,
,,,,,04/13/2025 06:13:39 pm,84.900,87.750000,0.4,1.6,,,,,
,,,,,04/13/2025 06:13:39 pm,84.950,87.750000,0.4,1.6,,,,,
,,,,,04/13/2025 06:13:40 pm,85.000,87.750000,0.4,1.6,,,,,
,,,,,04/13/2025 06:13:40 pm,85.050,87.750000,0.4,1.6,,,,,
,,,,,04/13/2025 06:13:40 pm,85.100,87.750000,0.4,1.6,,,,,
,,,,,04/13/2025 06:13:40 pm,85.150,87.750000,0.4,1.6,,,,,
,,,,,04/13/2025 06:13:40 pm,85.200,87.750000,0.4,1.6,,,,,
,,,,,04/13/2025 06:13:40 pm,85.250,87.750000,0.4,1.6,,,,,
,,,,,04/13/2025 06:13:40 pm,85.300,87.750000,0.4,1.6,,,,,
,,,,,04/13/2025 06:13:40 pm,85.350,87.750000,0.4,1.6,,,,,
,,,,,04/13/2025 06:13:40 pm,85.400,87.750000,0.4,1.6,,,,,
,,,,,04/13/2025 06:13:40 pm,85.450,87.750000,0.4,1.6,,,,,
,,,,,04/13/2025 06:13:40 pm,85.500,87.750000,0.4,1.6,,,,,
,,,,,04/13/2025 06:13:40 pm,85.550,87.750000,0.4,1.6,,,,,
,,,,,04/13/2025 06:13:40 pm,85.600,87.750000,0.4,1.6,,,,,
,,,,,04/13/2025 06:13:40 pm,85.650,87.750000,0.4,1.6,,,,,
,,,,,04/13/2025 06:13:40 pm,85.700,87.750000,0.4,1.6,,,,,
,,,,,04/13/2025 06:13:40 pm,85.750,87.750000,0.4,1.6,,,,,
,,,,,04/13/2025 06:13:40 pm,85.800,87.750000,0.4,1.6,,,,,
,,,,,04/13/2025 06:13:40 pm,85.850,87.750000,0.4,1.6,,,,,
,,,,,04/13/2025 06:13:40 pm,85.900,87.750000,0.4,1.6,,,,,
,,,,,04/13/2025 06:13:40 pm,85.950,87.750000,0.4,1.6,,,,,
,,,,,04/13/2025 06:13:41 pm,86.000,87.750000,0.4,1.6,,,,,
,,,,,04/13/2025 06:13:41 pm,86.050,87.750000,0.4,1.6,,,,,
,,,,,04/13/2025 06:13:41 pm,86.100,87.750000,0.4,1.6,,,,,
,,,,,04/13/2025 06:13:41 pm,86.150,87.750000,0.4,1.6,,,,,
,,,,,04/13/2025 06:13:41 pm,86.200,87.750000,0.4,1.6,,,,,
,,,,,04/13/2025 06:13:41 pm,86.250,87.750000,0.4,1.6,,,,,
,,,,,04/13/2025 06:13:41 pm,86.300,87.750000,0.4,1.6,,,,,
,,,,,04/13/2025 06:13:41 pm,86.350,87.750000,0.4,1.6,,,,,
,,,,,04/13/2025 06:13:41 pm,86.400,87.750000,0.4,1.6,,,,,
,,,,,04/13/2025 06:13:41 pm,86.450,87.750000,0.4,1.6,,,,,
,,,,,04/13/2025 06:13:41 pm,86.500,87.750000,0.4,1.6,,,,,
,,,,,04/13/2025 06:13:41 pm,86.550,87.750000,0.4,1.6,,,,,
,,,,,04/13/2025 06:13:41 pm,86.600,87.750000,0.4,1.6,,,,,
,,,,,04/13/2025 06:13:41 pm,86.650,87.750000,0.4,1.6,,,,,
,,,,,04/13/2025 06:13:41 pm,86.700,87.750000,0.4,1.6,,,,,
,,,,,04/13/2025 06:13:41 pm,86.750,87.750000,0.4,1.6,,,,,
,,,,,04/13/2025 06:13:41 pm,86.800,87.750000,0.4,1.6,,,,,
,,,,,04/13/2025 06:13:41 pm,86.850,87.750000,0.4,1.6,,,,,
,,,,,04/13/2025 06:13:41 pm,86.900,87.750000,0.4,1.6,,,,,
,,,,,04/13/2025 06:13:41 pm,86.950,87.750000,0.4,1.6,,,,,
,,,,,04/13/2025 06:13:42 pm,87.000,87.750000,0.4,1.6,,,,,
,,,,,04/13/2025 06:13:42 pm,87.050,87.750000,0.4,1.6,,,,,
,,,,,04/13/2025 06:13:42 pm,87.100,87.750000,0.4,1.6,,,,,
,,,,,04/13/2025 06:13:42 pm,87.150,87.750000,0.4,1.6,,,,,
,,,,,04/13/2025 06:13:42 pm,87.200,87.750000,0.4,1.6,,,,,
,,,,,04/13/2025 06:13:42 pm,87.250,87.750000,0.4,1.6,,,,,
,,,,,04/13/2025 06:13:42 pm,87.300,87.750000,0.4,1.6,,,,,
,,,,,04/13/2025 06:13:42 pm,87.350,87.750000,0.4,1.6,,,,,
,,,,,04/13/2025 06:13:42 pm,87.400,87.750000,0.4,1.6,,,,,
,,,,,04/13/2025 06:13:42 pm,87.450,87.750000,0.4,1.6,,,,,
,,,,,04/13/2025 06:13:42 pm,87.500,87.750000,0.4,1.6,,,,,
,,,,,04/13/2025 06:13:42 pm,87.550,87.750000,0.4,1.6,,,,,
,,,,,04/13/2025 06:13:42 pm,87.600,87.750000,0.4,1.6,,,,,
,,,,,04/13/2025 06:13:42 pm,87.650,87.750000,0.4,1.6,,,,,
,,,,,04/13/2025 06:13:42 pm,87.700,87.750000,0.4,1.6,,,,,
,,,,,04/13/2025 06:13:42 pm,87.750,87.750000,0.4,1.6,,,,,
,,,,,04/13/2025 06:13:42 pm,87.800,87.750000,0.4,1.6,,,,,
,,,,,04/13/2025 06:13:42 pm,87.850,87.750000,0.4,1.6,,,,,
,,,,,04/13/2025 06:13:42 pm,87.900,87.750000,0.4,1.6,,,,,
,,,,,04/13/2025 06:13:42 pm,87.950,87.750000,0.4,1.6,,,,,
,,,,,04/13/2025 06:13:43 pm,88.000,87.750000,0.4,1.6,,,,,
,,,,,04/13/2025 06:13:43 pm,88.050,87.750000,0.4,1.6,,,,,
,,,,,04/13/2025 06:13:43 pm,88.100,87.750000,0.4,1.6,,,,,
,,,,,04/13/2025 06:13:43 pm,88.150,87.750000,0.4,1.6,,,,,
,,,,,04/13/2025 06:13:43 pm,88.200,87.750000,0.4,1.6,,,,,
,,,,,04/13/2025 06:13:43 pm,88.250,87.750000,0.4,1.6,,,,,
,,,,,04/13/2025 06:13:43 pm,88.300,87.750000,0.4,1.6,,,,,
,,,,,04/13/2025 06:13:43 pm,88.350,87.750000,0.4,1.6,,,,,
,,,,,04/13/2025 06:13:43 pm,88.400,87.750000,0.4,1.6,,,,,
,,,,,04/13/2025 06:13:43 pm,88.450,87.750000,0.4,1.6,,,,,
,,,,,04/13/2025 06:13:43 pm,88.500,87.750000,0.4,1.6,,,,,
,,,,,04/13/2025 06:13:43 pm,88.550,87.750000,0.4,1.6,,,,,
,,,,,04/13/2025 06:13:43 pm,88.600,87.750000,0.4,1.6,,,,,
,,,,,04/13/2025 06:13:43 pm,88.650,87.750000,0.4,1.6,,,,,
,,,,,04/13/2025 06:13:43 pm,88.700,87.750000,0.4,1.6,,,,,
,,,,,04/13/2025 06:13:43 pm,88.750,87.750000,0.4,1.6,,,,,
,,,,,04/13/2025 06:13:43 pm,88.800,87.750000,0.4,1.6,,,,,
,,,,,04/13/2025 06:13:43 pm,88.850,87.750000,0.4,1.6,,,,,
,,,,,04/13/2025 06:13:43 pm,88.900,87.750000,0.4,1.6,,,,,
,,,,,04/13/2025 06:13:43 pm,88.950,87.750000,0.4,1.6,,,,,
