"Date and Time Run 1","Time (s) Run 1","Position (mm) Run 1","Light Intensity (%) Run 1","Log of Light Intensity Run 1","Date and Time Run 2","Time (s) Run 2","Position (mm) Run 2","Light Intensity (%) Run 2","Log of Light Intensity Run 2"
04/13/2025 06:59:00 pm,0.000,0.000000,0.4,1.6,04/13/2025 07:14:43 pm,0.000,0.000000,0.5,1.7
04/13/2025 06:59:00 pm,0.050,0.000000,0.4,1.6,04/13/2025 07:14:43 pm,0.050,0.000000,0.5,1.7
04/13/2025 06:59:00 pm,0.100,0.000000,0.4,1.6,04/13/2025 07:14:43 pm,0.100,0.000000,0.5,1.7
04/13/2025 06:59:00 pm,0.150,0.000000,0.4,1.6,04/13/2025 07:14:43 pm,0.150,0.000000,0.5,1.7
04/13/2025 06:59:00 pm,0.200,0.000000,0.4,1.6,04/13/2025 07:14:43 pm,0.200,0.000000,0.5,1.7
04/13/2025 06:59:00 pm,0.250,0.000000,0.4,1.6,04/13/2025 07:14:43 pm,0.250,0.000000,0.5,1.7
04/13/2025 06:59:00 pm,0.300,0.000000,0.4,1.6,04/13/2025 07:14:43 pm,0.300,0.000000,0.5,1.7
04/13/2025 06:59:00 pm,0.350,0.000000,0.4,1.6,04/13/2025 07:14:43 pm,0.350,0.000000,0.5,1.7
04/13/2025 06:59:00 pm,0.400,0.000000,0.4,1.6,04/13/2025 07:14:43 pm,0.400,0.000000,0.5,1.7
04/13/2025 06:59:00 pm,0.450,0.000000,0.4,1.6,04/13/2025 07:14:43 pm,0.450,0.000000,0.5,1.7
04/13/2025 06:59:00 pm,0.500,0.000000,0.4,1.6,04/13/2025 07:14:43 pm,0.500,0.000000,0.5,1.7
04/13/2025 06:59:00 pm,0.550,0.000000,0.4,1.6,04/13/2025 07:14:43 pm,0.550,0.000000,0.5,1.7
04/13/2025 06:59:00 pm,0.600,0.000000,0.4,1.6,04/13/2025 07:14:43 pm,0.600,0.000000,0.5,1.7
04/13/2025 06:59:00 pm,0.650,0.000000,0.4,1.6,04/13/2025 07:14:43 pm,0.650,0.000000,0.5,1.7
04/13/2025 06:59:00 pm,0.700,0.000000,0.4,1.6,04/13/2025 07:14:43 pm,0.700,0.000000,0.5,1.7
04/13/2025 06:59:00 pm,0.750,0.000000,0.4,1.6,04/13/2025 07:14:43 pm,0.750,0.000000,0.5,1.7
04/13/2025 06:59:00 pm,0.800,0.000000,0.4,1.6,04/13/2025 07:14:43 pm,0.800,0.000000,0.5,1.7
04/13/2025 06:59:00 pm,0.850,0.000000,0.4,1.6,04/13/2025 07:14:43 pm,0.850,0.000000,0.5,1.7
04/13/2025 06:59:00 pm,0.900,0.000000,0.4,1.6,04/13/2025 07:14:43 pm,0.900,0.000000,0.5,1.7
04/13/2025 06:59:00 pm,0.950,0.000000,0.4,1.6,04/13/2025 07:14:43 pm,0.950,0.000000,0.5,1.7
04/13/2025 06:59:01 pm,1.000,0.000000,0.4,1.6,04/13/2025 07:14:44 pm,1.000,0.000000,0.5,1.7
04/13/2025 06:59:01 pm,1.050,0.000000,0.4,1.6,04/13/2025 07:14:44 pm,1.050,0.000000,0.5,1.7
04/13/2025 06:59:01 pm,1.100,0.000000,0.4,1.6,04/13/2025 07:14:44 pm,1.100,0.000000,0.5,1.7
04/13/2025 06:59:01 pm,1.150,0.000000,0.4,1.6,04/13/2025 07:14:44 pm,1.150,0.000000,0.5,1.7
04/13/2025 06:59:01 pm,1.200,0.000000,0.4,1.6,04/13/2025 07:14:44 pm,1.200,0.000000,0.5,1.7
04/13/2025 06:59:01 pm,1.250,0.000000,0.4,1.6,04/13/2025 07:14:44 pm,1.250,0.000000,0.5,1.7
04/13/2025 06:59:01 pm,1.300,0.000000,0.4,1.6,04/13/2025 07:14:44 pm,1.300,0.000000,0.5,1.7
04/13/2025 06:59:01 pm,1.350,0.000000,0.4,1.6,04/13/2025 07:14:44 pm,1.350,0.000000,0.5,1.7
04/13/2025 06:59:01 pm,1.400,0.000000,0.4,1.6,04/13/2025 07:14:44 pm,1.400,0.000000,0.5,1.7
04/13/2025 06:59:01 pm,1.450,0.000000,0.4,1.6,04/13/2025 07:14:44 pm,1.450,0.000000,0.5,1.7
04/13/2025 06:59:01 pm,1.500,0.000000,0.4,1.6,04/13/2025 07:14:44 pm,1.500,0.000000,0.5,1.7
04/13/2025 06:59:01 pm,1.550,0.000000,0.4,1.6,04/13/2025 07:14:44 pm,1.550,0.000000,0.5,1.7
04/13/2025 06:59:01 pm,1.600,0.000000,0.4,1.6,04/13/2025 07:14:44 pm,1.600,0.000000,0.5,1.7
04/13/2025 06:59:01 pm,1.650,0.000000,0.4,1.6,04/13/2025 07:14:44 pm,1.650,0.000000,0.5,1.7
04/13/2025 06:59:01 pm,1.700,0.000000,0.4,1.6,04/13/2025 07:14:44 pm,1.700,0.000000,0.5,1.7
04/13/2025 06:59:01 pm,1.750,0.000000,0.4,1.6,04/13/2025 07:14:44 pm,1.750,0.000000,0.5,1.7
04/13/2025 06:59:01 pm,1.800,0.000000,0.4,1.6,04/13/2025 07:14:44 pm,1.800,0.000000,0.5,1.7
04/13/2025 06:59:01 pm,1.850,0.000000,0.4,1.6,04/13/2025 07:14:44 pm,1.850,0.000000,0.5,1.7
04/13/2025 06:59:01 pm,1.900,0.000000,0.4,1.6,04/13/2025 07:14:44 pm,1.900,0.000000,0.5,1.7
04/13/2025 06:59:01 pm,1.950,0.000000,0.4,1.6,04/13/2025 07:14:44 pm,1.950,0.000000,0.5,1.7
04/13/2025 06:59:02 pm,2.000,0.000000,0.4,1.6,04/13/2025 07:14:45 pm,2.000,0.000000,0.5,1.7
04/13/2025 06:59:02 pm,2.050,0.000000,0.4,1.6,04/13/2025 07:14:45 pm,2.050,0.000000,0.5,1.7
04/13/2025 06:59:02 pm,2.100,0.000000,0.4,1.6,04/13/2025 07:14:45 pm,2.100,0.000000,0.5,1.7
04/13/2025 06:59:02 pm,2.150,0.000000,0.4,1.6,04/13/2025 07:14:45 pm,2.150,0.000000,0.5,1.7
04/13/2025 06:59:02 pm,2.200,0.000000,0.4,1.6,04/13/2025 07:14:45 pm,2.200,0.000000,0.5,1.7
04/13/2025 06:59:02 pm,2.250,0.000000,0.4,1.6,04/13/2025 07:14:45 pm,2.250,0.000000,0.5,1.7
04/13/2025 06:59:02 pm,2.300,0.000000,0.4,1.6,04/13/2025 07:14:45 pm,2.300,0.000000,0.5,1.7
04/13/2025 06:59:02 pm,2.350,0.000000,0.4,1.6,04/13/2025 07:14:45 pm,2.350,0.000000,0.5,1.7
04/13/2025 06:59:02 pm,2.400,0.000000,0.4,1.6,04/13/2025 07:14:45 pm,2.400,0.000000,0.5,1.7
04/13/2025 06:59:02 pm,2.450,0.000000,0.4,1.6,04/13/2025 07:14:45 pm,2.450,0.000000,0.5,1.7
04/13/2025 06:59:02 pm,2.500,0.000000,0.4,1.6,04/13/2025 07:14:45 pm,2.500,0.000000,0.5,1.7
04/13/2025 06:59:02 pm,2.550,0.000000,0.4,1.6,04/13/2025 07:14:45 pm,2.550,0.000000,0.5,1.7
04/13/2025 06:59:02 pm,2.600,0.000000,0.4,1.6,04/13/2025 07:14:45 pm,2.600,0.000000,0.5,1.7
04/13/2025 06:59:02 pm,2.650,0.000000,0.4,1.6,04/13/2025 07:14:45 pm,2.650,0.000000,0.5,1.7
04/13/2025 06:59:02 pm,2.700,0.000000,0.4,1.6,04/13/2025 07:14:45 pm,2.700,0.000000,0.5,1.7
04/13/2025 06:59:02 pm,2.750,0.000000,0.4,1.6,04/13/2025 07:14:45 pm,2.750,0.000000,0.5,1.7
04/13/2025 06:59:02 pm,2.800,0.000000,0.4,1.6,04/13/2025 07:14:45 pm,2.800,0.000000,0.5,1.7
04/13/2025 06:59:02 pm,2.850,0.000000,0.4,1.6,04/13/2025 07:14:45 pm,2.850,0.000000,0.5,1.7
04/13/2025 06:59:02 pm,2.900,0.000000,0.4,1.6,04/13/2025 07:14:45 pm,2.900,0.000000,0.5,1.7
04/13/2025 06:59:02 pm,2.950,0.000000,0.4,1.6,04/13/2025 07:14:45 pm,2.950,0.000000,0.5,1.7
04/13/2025 06:59:03 pm,3.000,0.000000,0.4,1.6,04/13/2025 07:14:46 pm,3.000,0.000000,0.5,1.7
04/13/2025 06:59:03 pm,3.050,0.000000,0.4,1.6,04/13/2025 07:14:46 pm,3.050,0.000000,0.5,1.7
04/13/2025 06:59:03 pm,3.100,0.000000,0.4,1.6,04/13/2025 07:14:46 pm,3.100,0.000000,0.5,1.7
04/13/2025 06:59:03 pm,3.150,0.000000,0.4,1.6,04/13/2025 07:14:46 pm,3.150,0.000000,0.5,1.7
04/13/2025 06:59:03 pm,3.200,0.000000,0.4,1.6,04/13/2025 07:14:46 pm,3.200,0.000000,0.5,1.7
04/13/2025 06:59:03 pm,3.250,0.000000,0.4,1.6,04/13/2025 07:14:46 pm,3.250,0.000000,0.5,1.7
04/13/2025 06:59:03 pm,3.300,0.000000,0.4,1.6,04/13/2025 07:14:46 pm,3.300,0.000000,0.5,1.7
04/13/2025 06:59:03 pm,3.350,0.000000,0.4,1.6,04/13/2025 07:14:46 pm,3.350,0.000000,0.5,1.7
04/13/2025 06:59:03 pm,3.400,0.000000,0.4,1.6,04/13/2025 07:14:46 pm,3.400,0.000000,0.5,1.7
04/13/2025 06:59:03 pm,3.450,0.000000,0.4,1.6,04/13/2025 07:14:46 pm,3.450,0.000000,0.5,1.7
04/13/2025 06:59:03 pm,3.500,0.000000,0.4,1.7,04/13/2025 07:14:46 pm,3.500,0.000000,0.5,1.7
04/13/2025 06:59:03 pm,3.550,0.000000,0.4,1.6,04/13/2025 07:14:46 pm,3.550,0.000000,0.5,1.7
04/13/2025 06:59:03 pm,3.600,0.000000,0.4,1.6,04/13/2025 07:14:46 pm,3.600,0.000000,0.5,1.7
04/13/2025 06:59:03 pm,3.650,0.000000,0.4,1.6,04/13/2025 07:14:46 pm,3.650,0.000000,0.5,1.7
04/13/2025 06:59:03 pm,3.700,0.000000,0.4,1.6,04/13/2025 07:14:46 pm,3.700,0.000000,0.5,1.7
04/13/2025 06:59:03 pm,3.750,0.000000,0.4,1.6,04/13/2025 07:14:46 pm,3.750,0.000000,0.5,1.7
04/13/2025 06:59:03 pm,3.800,0.000000,0.4,1.6,04/13/2025 07:14:46 pm,3.800,0.000000,0.5,1.7
04/13/2025 06:59:03 pm,3.850,0.000000,0.4,1.6,04/13/2025 07:14:46 pm,3.850,0.000000,0.5,1.7
04/13/2025 06:59:03 pm,3.900,0.000000,0.4,1.6,04/13/2025 07:14:46 pm,3.900,0.000000,0.5,1.7
04/13/2025 06:59:03 pm,3.950,0.000000,0.4,1.6,04/13/2025 07:14:46 pm,3.950,0.000000,0.5,1.7
04/13/2025 06:59:04 pm,4.000,0.000000,0.4,1.6,04/13/2025 07:14:47 pm,4.000,0.000000,0.5,1.7
04/13/2025 06:59:04 pm,4.050,0.000000,0.4,1.6,04/13/2025 07:14:47 pm,4.050,0.000000,0.5,1.7
04/13/2025 06:59:04 pm,4.100,0.000000,0.4,1.6,04/13/2025 07:14:47 pm,4.100,0.000000,0.5,1.7
04/13/2025 06:59:04 pm,4.150,0.000000,0.4,1.6,04/13/2025 07:14:47 pm,4.150,0.000000,0.5,1.7
04/13/2025 06:59:04 pm,4.200,0.000000,0.4,1.6,04/13/2025 07:14:47 pm,4.200,0.000000,0.5,1.7
04/13/2025 06:59:04 pm,4.250,0.000000,0.4,1.6,04/13/2025 07:14:47 pm,4.250,0.000000,0.5,1.7
04/13/2025 06:59:04 pm,4.300,0.000000,0.4,1.6,04/13/2025 07:14:47 pm,4.300,0.000000,0.5,1.7
04/13/2025 06:59:04 pm,4.350,0.000000,0.4,1.6,04/13/2025 07:14:47 pm,4.350,0.000000,0.5,1.7
04/13/2025 06:59:04 pm,4.400,0.000000,0.4,1.6,04/13/2025 07:14:47 pm,4.400,0.000000,0.5,1.7
04/13/2025 06:59:04 pm,4.450,0.000000,0.4,1.6,04/13/2025 07:14:47 pm,4.450,0.000000,0.5,1.7
04/13/2025 06:59:04 pm,4.500,0.000000,0.4,1.6,04/13/2025 07:14:47 pm,4.500,0.000000,0.5,1.7
04/13/2025 06:59:04 pm,4.550,0.000000,0.4,1.6,04/13/2025 07:14:47 pm,4.550,0.000000,0.5,1.7
04/13/2025 06:59:04 pm,4.600,0.000000,0.4,1.6,04/13/2025 07:14:47 pm,4.600,0.000000,0.5,1.7
04/13/2025 06:59:04 pm,4.650,0.000000,0.4,1.6,04/13/2025 07:14:47 pm,4.650,0.000000,0.5,1.7
04/13/2025 06:59:04 pm,4.700,0.000000,0.4,1.6,04/13/2025 07:14:47 pm,4.700,0.000000,0.5,1.7
04/13/2025 06:59:04 pm,4.750,0.000000,0.4,1.6,04/13/2025 07:14:47 pm,4.750,0.000000,0.5,1.7
04/13/2025 06:59:04 pm,4.800,0.000000,0.4,1.6,04/13/2025 07:14:47 pm,4.800,0.000000,0.5,1.7
04/13/2025 06:59:04 pm,4.850,0.000000,0.4,1.7,04/13/2025 07:14:47 pm,4.850,0.000000,0.5,1.7
04/13/2025 06:59:04 pm,4.900,0.000000,0.4,1.6,04/13/2025 07:14:47 pm,4.900,0.000000,0.5,1.7
04/13/2025 06:59:04 pm,4.950,0.000000,0.4,1.6,04/13/2025 07:14:47 pm,4.950,0.000000,0.5,1.7
04/13/2025 06:59:05 pm,5.000,0.000000,0.4,1.6,04/13/2025 07:14:48 pm,5.000,0.000000,0.5,1.7
04/13/2025 06:59:05 pm,5.050,0.000000,0.4,1.6,04/13/2025 07:14:48 pm,5.050,0.000000,0.5,1.7
04/13/2025 06:59:05 pm,5.100,0.000000,0.4,1.6,04/13/2025 07:14:48 pm,5.100,0.000000,0.5,1.7
04/13/2025 06:59:05 pm,5.150,0.000000,0.4,1.6,04/13/2025 07:14:48 pm,5.150,0.000000,0.5,1.7
04/13/2025 06:59:05 pm,5.200,0.000000,0.4,1.6,04/13/2025 07:14:48 pm,5.200,0.000000,0.5,1.7
04/13/2025 06:59:05 pm,5.250,0.000000,0.4,1.6,04/13/2025 07:14:48 pm,5.250,0.000000,0.5,1.7
04/13/2025 06:59:05 pm,5.300,0.000000,0.4,1.6,04/13/2025 07:14:48 pm,5.300,0.000000,0.5,1.7
04/13/2025 06:59:05 pm,5.350,0.000000,0.4,1.6,04/13/2025 07:14:48 pm,5.350,0.000000,0.5,1.7
04/13/2025 06:59:05 pm,5.400,0.000000,0.4,1.6,04/13/2025 07:14:48 pm,5.400,0.000000,0.5,1.7
04/13/2025 06:59:05 pm,5.450,0.000000,0.4,1.7,04/13/2025 07:14:48 pm,5.450,0.000000,0.5,1.7
04/13/2025 06:59:05 pm,5.500,0.000000,0.4,1.6,04/13/2025 07:14:48 pm,5.500,0.000000,0.5,1.7
04/13/2025 06:59:05 pm,5.550,0.000000,0.4,1.6,04/13/2025 07:14:48 pm,5.550,0.000000,0.5,1.7
04/13/2025 06:59:05 pm,5.600,0.000000,0.4,1.6,04/13/2025 07:14:48 pm,5.600,0.000000,0.5,1.7
04/13/2025 06:59:05 pm,5.650,0.000000,0.4,1.6,04/13/2025 07:14:48 pm,5.650,0.000000,0.5,1.7
04/13/2025 06:59:05 pm,5.700,0.000000,0.4,1.6,04/13/2025 07:14:48 pm,5.700,0.000000,0.5,1.7
04/13/2025 06:59:05 pm,5.750,0.000000,0.4,1.6,04/13/2025 07:14:48 pm,5.750,0.000000,0.5,1.7
04/13/2025 06:59:05 pm,5.800,0.000000,0.4,1.6,04/13/2025 07:14:48 pm,5.800,0.000000,0.5,1.7
04/13/2025 06:59:05 pm,5.850,0.000000,0.4,1.6,04/13/2025 07:14:48 pm,5.850,0.000000,0.5,1.7
04/13/2025 06:59:05 pm,5.900,0.000000,0.4,1.7,04/13/2025 07:14:48 pm,5.900,0.000000,0.5,1.7
04/13/2025 06:59:05 pm,5.950,0.000000,0.4,1.6,04/13/2025 07:14:48 pm,5.950,0.000000,0.5,1.7
04/13/2025 06:59:06 pm,6.000,0.000000,0.4,1.6,04/13/2025 07:14:49 pm,6.000,0.000000,0.5,1.7
04/13/2025 06:59:06 pm,6.050,0.000000,0.4,1.6,04/13/2025 07:14:49 pm,6.050,0.000000,0.5,1.7
04/13/2025 06:59:06 pm,6.100,0.000000,0.4,1.6,04/13/2025 07:14:49 pm,6.100,0.000000,0.5,1.7
04/13/2025 06:59:06 pm,6.150,0.000000,0.4,1.7,04/13/2025 07:14:49 pm,6.150,0.000000,0.5,1.7
04/13/2025 06:59:06 pm,6.200,0.000000,0.4,1.6,04/13/2025 07:14:49 pm,6.200,0.000000,0.5,1.7
04/13/2025 06:59:06 pm,6.250,0.000000,0.4,1.6,04/13/2025 07:14:49 pm,6.250,0.000000,0.5,1.7
04/13/2025 06:59:06 pm,6.300,0.000000,0.4,1.6,04/13/2025 07:14:49 pm,6.300,0.000000,0.5,1.7
04/13/2025 06:59:06 pm,6.350,0.000000,0.5,1.7,04/13/2025 07:14:49 pm,6.350,0.000000,0.5,1.7
04/13/2025 06:59:06 pm,6.400,0.000000,0.4,1.6,04/13/2025 07:14:49 pm,6.400,0.000000,0.5,1.7
04/13/2025 06:59:06 pm,6.450,0.000000,0.4,1.6,04/13/2025 07:14:49 pm,6.450,0.000000,0.5,1.7
04/13/2025 06:59:06 pm,6.500,0.000000,0.4,1.6,04/13/2025 07:14:49 pm,6.500,0.000000,0.5,1.7
04/13/2025 06:59:06 pm,6.550,0.000000,0.4,1.6,04/13/2025 07:14:49 pm,6.550,0.000000,0.5,1.7
04/13/2025 06:59:06 pm,6.600,0.000000,0.4,1.6,04/13/2025 07:14:49 pm,6.600,0.000000,0.5,1.7
04/13/2025 06:59:06 pm,6.650,0.000000,0.4,1.6,04/13/2025 07:14:49 pm,6.650,0.000000,0.5,1.7
04/13/2025 06:59:06 pm,6.700,0.000000,0.4,1.6,04/13/2025 07:14:49 pm,6.700,0.000000,0.5,1.7
04/13/2025 06:59:06 pm,6.750,0.000000,0.4,1.6,04/13/2025 07:14:49 pm,6.750,0.000000,0.5,1.7
04/13/2025 06:59:06 pm,6.800,0.000000,0.4,1.6,04/13/2025 07:14:49 pm,6.800,0.000000,0.5,1.7
04/13/2025 06:59:06 pm,6.850,0.000000,0.4,1.6,04/13/2025 07:14:49 pm,6.850,0.000000,0.5,1.7
04/13/2025 06:59:06 pm,6.900,0.000000,0.4,1.6,04/13/2025 07:14:49 pm,6.900,0.000000,0.5,1.7
04/13/2025 06:59:06 pm,6.950,0.000000,0.4,1.6,04/13/2025 07:14:49 pm,6.950,0.000000,0.5,1.7
04/13/2025 06:59:07 pm,7.000,0.000000,0.4,1.6,04/13/2025 07:14:50 pm,7.000,0.000000,0.5,1.7
04/13/2025 06:59:07 pm,7.050,0.000000,0.4,1.6,04/13/2025 07:14:50 pm,7.050,0.000000,0.5,1.7
04/13/2025 06:59:07 pm,7.100,0.000000,0.4,1.6,04/13/2025 07:14:50 pm,7.100,0.000000,0.5,1.7
04/13/2025 06:59:07 pm,7.150,0.000000,0.4,1.6,04/13/2025 07:14:50 pm,7.150,0.000000,0.5,1.7
04/13/2025 06:59:07 pm,7.200,0.000000,0.4,1.6,04/13/2025 07:14:50 pm,7.200,0.000000,0.5,1.7
04/13/2025 06:59:07 pm,7.250,0.000000,0.4,1.6,04/13/2025 07:14:50 pm,7.250,0.000000,0.5,1.7
04/13/2025 06:59:07 pm,7.300,0.000000,0.4,1.6,04/13/2025 07:14:50 pm,7.300,0.000000,0.5,1.7
04/13/2025 06:59:07 pm,7.350,0.000000,0.4,1.6,04/13/2025 07:14:50 pm,7.350,0.000000,0.5,1.7
04/13/2025 06:59:07 pm,7.400,0.000000,0.4,1.6,04/13/2025 07:14:50 pm,7.400,0.000000,0.5,1.7
04/13/2025 06:59:07 pm,7.450,0.000000,0.4,1.6,04/13/2025 07:14:50 pm,7.450,0.000000,0.5,1.7
04/13/2025 06:59:07 pm,7.500,0.000000,0.4,1.6,04/13/2025 07:14:50 pm,7.500,0.000000,0.5,1.7
04/13/2025 06:59:07 pm,7.550,0.000000,0.4,1.6,04/13/2025 07:14:50 pm,7.550,0.000000,0.5,1.7
04/13/2025 06:59:07 pm,7.600,0.000000,0.4,1.6,04/13/2025 07:14:50 pm,7.600,-0.010000,0.5,1.7
04/13/2025 06:59:07 pm,7.650,0.000000,0.4,1.6,04/13/2025 07:14:50 pm,7.650,-0.005000,0.5,1.7
04/13/2025 06:59:07 pm,7.700,0.000000,0.4,1.6,04/13/2025 07:14:50 pm,7.700,-0.005000,0.5,1.7
04/13/2025 06:59:07 pm,7.750,0.000000,0.4,1.6,04/13/2025 07:14:50 pm,7.750,-0.005000,0.5,1.7
04/13/2025 06:59:07 pm,7.800,0.000000,0.4,1.6,04/13/2025 07:14:50 pm,7.800,0.005000,0.5,1.7
04/13/2025 06:59:07 pm,7.850,0.000000,0.4,1.6,04/13/2025 07:14:50 pm,7.850,0.130000,0.5,1.7
04/13/2025 06:59:07 pm,7.900,0.000000,0.4,1.6,04/13/2025 07:14:50 pm,7.900,0.340000,0.5,1.7
04/13/2025 06:59:07 pm,7.950,0.000000,0.4,1.6,04/13/2025 07:14:50 pm,7.950,0.525000,0.5,1.7
04/13/2025 06:59:08 pm,8.000,0.000000,0.4,1.6,04/13/2025 07:14:51 pm,8.000,0.790000,0.5,1.7
04/13/2025 06:59:08 pm,8.050,0.000000,0.4,1.6,04/13/2025 07:14:51 pm,8.050,1.070000,0.5,1.7
04/13/2025 06:59:08 pm,8.100,0.030000,0.4,1.6,04/13/2025 07:14:51 pm,8.100,1.465000,0.5,1.7
04/13/2025 06:59:08 pm,8.150,0.325000,0.4,1.6,04/13/2025 07:14:51 pm,8.150,1.865000,0.5,1.7
04/13/2025 06:59:08 pm,8.200,0.360000,0.4,1.6,04/13/2025 07:14:51 pm,8.200,1.930000,0.5,1.7
04/13/2025 06:59:08 pm,8.250,0.360000,0.4,1.6,04/13/2025 07:14:51 pm,8.250,2.305000,0.5,1.7
04/13/2025 06:59:08 pm,8.300,0.360000,0.4,1.6,04/13/2025 07:14:51 pm,8.300,2.580000,0.5,1.7
04/13/2025 06:59:08 pm,8.350,0.415000,0.4,1.6,04/13/2025 07:14:51 pm,8.350,2.820000,0.5,1.7
04/13/2025 06:59:08 pm,8.400,0.545000,0.4,1.6,04/13/2025 07:14:51 pm,8.400,2.965000,0.5,1.7
04/13/2025 06:59:08 pm,8.450,0.620000,0.4,1.6,04/13/2025 07:14:51 pm,8.450,3.565000,0.5,1.7
04/13/2025 06:59:08 pm,8.500,0.730000,0.4,1.6,04/13/2025 07:14:51 pm,8.500,3.830000,0.5,1.7
04/13/2025 06:59:08 pm,8.550,0.905000,0.4,1.6,04/13/2025 07:14:51 pm,8.550,3.975000,0.5,1.7
04/13/2025 06:59:08 pm,8.600,0.960000,0.4,1.6,04/13/2025 07:14:51 pm,8.600,4.435000,0.5,1.7
04/13/2025 06:59:08 pm,8.650,0.990000,0.4,1.6,04/13/2025 07:14:51 pm,8.650,4.485000,0.5,1.7
04/13/2025 06:59:08 pm,8.700,1.285000,0.4,1.6,04/13/2025 07:14:51 pm,8.700,4.485000,0.5,1.7
04/13/2025 06:59:08 pm,8.750,1.595000,0.4,1.6,04/13/2025 07:14:51 pm,8.750,4.505000,0.5,1.7
04/13/2025 06:59:08 pm,8.800,1.820000,0.4,1.6,04/13/2025 07:14:51 pm,8.800,4.505000,0.5,1.7
04/13/2025 06:59:08 pm,8.850,2.215000,0.4,1.6,04/13/2025 07:14:51 pm,8.850,4.505000,0.5,1.7
04/13/2025 06:59:08 pm,8.900,2.390000,0.4,1.6,04/13/2025 07:14:51 pm,8.900,4.505000,0.5,1.7
04/13/2025 06:59:08 pm,8.950,2.610000,0.4,1.6,04/13/2025 07:14:51 pm,8.950,4.505000,0.5,1.7
04/13/2025 06:59:09 pm,9.000,2.735000,0.4,1.6,04/13/2025 07:14:52 pm,9.000,4.505000,0.5,1.7
04/13/2025 06:59:09 pm,9.050,2.890000,0.4,1.6,04/13/2025 07:14:52 pm,9.050,4.505000,0.5,1.7
04/13/2025 06:59:09 pm,9.100,3.090000,0.4,1.6,04/13/2025 07:14:52 pm,9.100,4.505000,0.5,1.7
04/13/2025 06:59:09 pm,9.150,3.355000,0.4,1.6,04/13/2025 07:14:52 pm,9.150,4.505000,0.5,1.7
04/13/2025 06:59:09 pm,9.200,3.515000,0.4,1.6,04/13/2025 07:14:52 pm,9.200,4.505000,0.5,1.7
04/13/2025 06:59:09 pm,9.250,3.750000,0.4,1.6,04/13/2025 07:14:52 pm,9.250,4.505000,0.5,1.7
04/13/2025 06:59:09 pm,9.300,3.755000,0.4,1.6,04/13/2025 07:14:52 pm,9.300,4.505000,0.5,1.7
04/13/2025 06:59:09 pm,9.350,3.755000,0.4,1.6,04/13/2025 07:14:52 pm,9.350,4.505000,0.5,1.7
04/13/2025 06:59:09 pm,9.400,3.755000,0.4,1.6,04/13/2025 07:14:52 pm,9.400,4.510000,0.5,1.7
04/13/2025 06:59:09 pm,9.450,3.755000,0.4,1.6,04/13/2025 07:14:52 pm,9.450,4.550000,0.5,1.7
04/13/2025 06:59:09 pm,9.500,3.760000,0.4,1.6,04/13/2025 07:14:52 pm,9.500,4.800000,0.5,1.7
04/13/2025 06:59:09 pm,9.550,3.760000,0.4,1.6,04/13/2025 07:14:52 pm,9.550,5.040000,0.5,1.7
04/13/2025 06:59:09 pm,9.600,3.760000,0.4,1.6,04/13/2025 07:14:52 pm,9.600,5.265000,0.5,1.7
04/13/2025 06:59:09 pm,9.650,3.765000,0.4,1.6,04/13/2025 07:14:52 pm,9.650,5.655000,0.5,1.7
04/13/2025 06:59:09 pm,9.700,3.845000,0.4,1.6,04/13/2025 07:14:52 pm,9.700,6.065000,0.5,1.7
04/13/2025 06:59:09 pm,9.750,3.960000,0.4,1.6,04/13/2025 07:14:52 pm,9.750,6.490000,0.5,1.7
04/13/2025 06:59:09 pm,9.800,3.975000,0.4,1.6,04/13/2025 07:14:52 pm,9.800,6.680000,0.5,1.7
04/13/2025 06:59:09 pm,9.850,4.050000,0.4,1.6,04/13/2025 07:14:52 pm,9.850,6.685000,0.5,1.7
04/13/2025 06:59:09 pm,9.900,4.265000,0.4,1.6,04/13/2025 07:14:52 pm,9.900,6.685000,0.5,1.7
04/13/2025 06:59:09 pm,9.950,4.295000,0.4,1.6,04/13/2025 07:14:52 pm,9.950,6.885000,0.5,1.7
04/13/2025 06:59:10 pm,10.000,4.405000,0.4,1.6,04/13/2025 07:14:53 pm,10.000,7.940000,0.5,1.7
04/13/2025 06:59:10 pm,10.050,4.815000,0.4,1.6,04/13/2025 07:14:53 pm,10.050,8.220000,0.5,1.7
04/13/2025 06:59:10 pm,10.100,5.155000,0.4,1.6,04/13/2025 07:14:53 pm,10.100,8.220000,0.5,1.7
04/13/2025 06:59:10 pm,10.150,5.385000,0.4,1.6,04/13/2025 07:14:53 pm,10.150,8.465000,0.5,1.7
04/13/2025 06:59:10 pm,10.200,5.760000,0.4,1.6,04/13/2025 07:14:53 pm,10.200,9.005000,0.5,1.7
04/13/2025 06:59:10 pm,10.250,6.025000,0.4,1.6,04/13/2025 07:14:53 pm,10.250,9.190000,0.5,1.7
04/13/2025 06:59:10 pm,10.300,6.160000,0.4,1.7,04/13/2025 07:14:53 pm,10.300,9.730000,0.5,1.7
04/13/2025 06:59:10 pm,10.350,6.355000,0.4,1.6,04/13/2025 07:14:53 pm,10.350,10.120000,0.5,1.7
04/13/2025 06:59:10 pm,10.400,6.920000,0.4,1.6,04/13/2025 07:14:53 pm,10.400,10.360000,0.5,1.7
04/13/2025 06:59:10 pm,10.450,7.410000,0.5,1.7,04/13/2025 07:14:53 pm,10.450,10.730000,0.5,1.7
04/13/2025 06:59:10 pm,10.500,7.595000,0.5,1.7,04/13/2025 07:14:53 pm,10.500,11.040000,0.5,1.7
04/13/2025 06:59:10 pm,10.550,8.135000,0.5,1.7,04/13/2025 07:14:53 pm,10.550,11.465000,0.5,1.7
04/13/2025 06:59:10 pm,10.600,8.380000,0.5,1.7,04/13/2025 07:14:53 pm,10.600,11.880000,0.5,1.7
04/13/2025 06:59:10 pm,10.650,8.720000,0.5,1.7,04/13/2025 07:14:53 pm,10.650,12.380000,0.5,1.7
04/13/2025 06:59:10 pm,10.700,8.970000,0.5,1.7,04/13/2025 07:14:53 pm,10.700,12.835000,0.5,1.7
04/13/2025 06:59:10 pm,10.750,9.290000,0.5,1.7,04/13/2025 07:14:53 pm,10.750,13.210000,0.5,1.7
04/13/2025 06:59:10 pm,10.800,9.475000,0.5,1.7,04/13/2025 07:14:53 pm,10.800,13.475000,0.5,1.7
04/13/2025 06:59:10 pm,10.850,9.550000,0.5,1.7,04/13/2025 07:14:53 pm,10.850,13.545000,0.5,1.7
04/13/2025 06:59:10 pm,10.900,9.760000,0.5,1.7,04/13/2025 07:14:53 pm,10.900,13.715000,0.5,1.7
04/13/2025 06:59:10 pm,10.950,9.940000,0.5,1.7,04/13/2025 07:14:53 pm,10.950,14.045000,0.5,1.7
04/13/2025 06:59:11 pm,11.000,10.225000,0.5,1.7,04/13/2025 07:14:54 pm,11.000,14.095000,0.5,1.7
04/13/2025 06:59:11 pm,11.050,10.340000,0.5,1.7,04/13/2025 07:14:54 pm,11.050,14.205000,0.5,1.7
04/13/2025 06:59:11 pm,11.100,10.465000,0.5,1.7,04/13/2025 07:14:54 pm,11.100,14.450000,0.5,1.7
04/13/2025 06:59:11 pm,11.150,10.730000,0.5,1.7,04/13/2025 07:14:54 pm,11.150,14.670000,0.5,1.7
04/13/2025 06:59:11 pm,11.200,11.235000,0.5,1.7,04/13/2025 07:14:54 pm,11.200,14.875000,0.5,1.7
04/13/2025 06:59:11 pm,11.250,11.560000,0.5,1.7,04/13/2025 07:14:54 pm,11.250,15.200000,0.5,1.7
04/13/2025 06:59:11 pm,11.300,11.680000,0.5,1.7,04/13/2025 07:14:54 pm,11.300,15.450000,0.5,1.7
04/13/2025 06:59:11 pm,11.350,11.905000,0.5,1.7,04/13/2025 07:14:54 pm,11.350,15.925000,0.5,1.7
04/13/2025 06:59:11 pm,11.400,12.010000,0.5,1.7,04/13/2025 07:14:54 pm,11.400,16.545000,0.5,1.7
04/13/2025 06:59:11 pm,11.450,12.010000,0.5,1.7,04/13/2025 07:14:54 pm,11.450,16.985000,0.5,1.7
04/13/2025 06:59:11 pm,11.500,12.010000,0.5,1.7,04/13/2025 07:14:54 pm,11.500,17.425000,0.5,1.7
04/13/2025 06:59:11 pm,11.550,12.010000,0.5,1.7,04/13/2025 07:14:54 pm,11.550,17.765000,0.5,1.7
04/13/2025 06:59:11 pm,11.600,12.260000,0.5,1.7,04/13/2025 07:14:54 pm,11.600,18.070000,0.5,1.7
04/13/2025 06:59:11 pm,11.650,12.505000,0.5,1.7,04/13/2025 07:14:54 pm,11.650,19.145000,0.5,1.7
04/13/2025 06:59:11 pm,11.700,12.505000,0.5,1.7,04/13/2025 07:14:54 pm,11.700,19.820000,0.5,1.7
04/13/2025 06:59:11 pm,11.750,12.690000,0.5,1.7,04/13/2025 07:14:54 pm,11.750,19.840000,0.5,1.7
04/13/2025 06:59:11 pm,11.800,12.910000,0.5,1.7,04/13/2025 07:14:54 pm,11.800,20.040000,0.5,1.7
04/13/2025 06:59:11 pm,11.850,13.085000,0.5,1.7,04/13/2025 07:14:54 pm,11.850,20.305000,0.5,1.7
04/13/2025 06:59:11 pm,11.900,13.135000,0.5,1.7,04/13/2025 07:14:54 pm,11.900,20.720000,0.5,1.7
04/13/2025 06:59:11 pm,11.950,13.135000,0.5,1.7,04/13/2025 07:14:54 pm,11.950,20.845000,0.5,1.7
04/13/2025 06:59:12 pm,12.000,13.255000,0.5,1.7,04/13/2025 07:14:55 pm,12.000,20.850000,0.5,1.7
04/13/2025 06:59:12 pm,12.050,13.525000,0.5,1.7,04/13/2025 07:14:55 pm,12.050,21.115000,0.5,1.7
04/13/2025 06:59:12 pm,12.100,13.575000,0.5,1.7,04/13/2025 07:14:55 pm,12.100,21.675000,0.5,1.7
04/13/2025 06:59:12 pm,12.150,13.585000,0.5,1.7,04/13/2025 07:14:55 pm,12.150,22.005000,0.5,1.7
04/13/2025 06:59:12 pm,12.200,13.655000,0.5,1.7,04/13/2025 07:14:55 pm,12.200,22.285000,0.5,1.7
04/13/2025 06:59:12 pm,12.250,13.710000,0.5,1.7,04/13/2025 07:14:55 pm,12.250,22.455000,0.5,1.7
04/13/2025 06:59:12 pm,12.300,13.765000,0.5,1.7,04/13/2025 07:14:55 pm,12.300,22.545000,0.5,1.7
04/13/2025 06:59:12 pm,12.350,13.840000,0.5,1.7,04/13/2025 07:14:55 pm,12.350,22.675000,0.5,1.7
04/13/2025 06:59:12 pm,12.400,13.905000,0.5,1.7,04/13/2025 07:14:55 pm,12.400,23.050000,0.5,1.7
04/13/2025 06:59:12 pm,12.450,13.955000,0.5,1.7,04/13/2025 07:14:55 pm,12.450,23.130000,0.5,1.7
04/13/2025 06:59:12 pm,12.500,14.035000,0.6,1.7,04/13/2025 07:14:55 pm,12.500,23.345000,0.5,1.7
04/13/2025 06:59:12 pm,12.550,14.075000,0.6,1.7,04/13/2025 07:14:55 pm,12.550,23.655000,0.5,1.7
04/13/2025 06:59:12 pm,12.600,14.180000,0.6,1.7,04/13/2025 07:14:55 pm,12.600,23.820000,0.5,1.7
04/13/2025 06:59:12 pm,12.650,14.355000,0.6,1.7,04/13/2025 07:14:55 pm,12.650,24.185000,0.5,1.7
04/13/2025 06:59:12 pm,12.700,14.625000,0.6,1.7,04/13/2025 07:14:55 pm,12.700,24.570000,0.5,1.7
04/13/2025 06:59:12 pm,12.750,15.010000,0.6,1.7,04/13/2025 07:14:55 pm,12.750,24.935000,0.5,1.7
04/13/2025 06:59:12 pm,12.800,15.365000,0.6,1.8,04/13/2025 07:14:55 pm,12.800,25.345000,0.5,1.7
04/13/2025 06:59:12 pm,12.850,15.565000,0.6,1.8,04/13/2025 07:14:55 pm,12.850,25.920000,0.5,1.7
04/13/2025 06:59:12 pm,12.900,15.590000,0.6,1.8,04/13/2025 07:14:55 pm,12.900,26.245000,0.5,1.7
04/13/2025 06:59:12 pm,12.950,15.630000,0.6,1.8,04/13/2025 07:14:55 pm,12.950,26.530000,0.5,1.7
04/13/2025 06:59:13 pm,13.000,15.705000,0.6,1.8,04/13/2025 07:14:56 pm,13.000,27.400000,0.5,1.7
04/13/2025 06:59:13 pm,13.050,15.805000,0.6,1.8,04/13/2025 07:14:56 pm,13.050,27.905000,0.5,1.7
04/13/2025 06:59:13 pm,13.100,15.965000,0.6,1.8,04/13/2025 07:14:56 pm,13.100,28.380000,0.5,1.7
04/13/2025 06:59:13 pm,13.150,16.750000,0.6,1.8,04/13/2025 07:14:56 pm,13.150,28.855000,0.5,1.7
04/13/2025 06:59:13 pm,13.200,17.935000,0.6,1.8,04/13/2025 07:14:56 pm,13.200,29.340000,0.5,1.7
04/13/2025 06:59:13 pm,13.250,18.280000,0.6,1.8,04/13/2025 07:14:56 pm,13.250,30.015000,0.5,1.7
04/13/2025 06:59:13 pm,13.300,18.425000,0.6,1.8,04/13/2025 07:14:56 pm,13.300,30.485000,0.5,1.7
04/13/2025 06:59:13 pm,13.350,18.680000,0.6,1.8,04/13/2025 07:14:56 pm,13.350,30.715000,0.5,1.7
04/13/2025 06:59:13 pm,13.400,18.780000,0.6,1.8,04/13/2025 07:14:56 pm,13.400,30.800000,0.5,1.7
04/13/2025 06:59:13 pm,13.450,18.995000,0.6,1.8,04/13/2025 07:14:56 pm,13.450,30.905000,0.5,1.7
04/13/2025 06:59:13 pm,13.500,19.265000,0.6,1.8,04/13/2025 07:14:56 pm,13.500,31.275000,0.5,1.7
04/13/2025 06:59:13 pm,13.550,19.580000,0.6,1.8,04/13/2025 07:14:56 pm,13.550,31.715000,0.5,1.7
04/13/2025 06:59:13 pm,13.600,20.010000,0.6,1.8,04/13/2025 07:14:56 pm,13.600,32.195000,0.5,1.7
04/13/2025 06:59:13 pm,13.650,20.120000,0.6,1.8,04/13/2025 07:14:56 pm,13.650,32.460000,0.5,1.7
04/13/2025 06:59:13 pm,13.700,20.260000,0.6,1.8,04/13/2025 07:14:56 pm,13.700,32.610000,0.5,1.7
04/13/2025 06:59:13 pm,13.750,20.475000,0.6,1.8,04/13/2025 07:14:56 pm,13.750,32.890000,0.5,1.7
04/13/2025 06:59:13 pm,13.800,20.655000,0.6,1.8,04/13/2025 07:14:56 pm,13.800,33.065000,0.5,1.7
04/13/2025 06:59:13 pm,13.850,20.720000,0.6,1.8,04/13/2025 07:14:56 pm,13.850,33.075000,0.5,1.7
04/13/2025 06:59:13 pm,13.900,20.920000,0.6,1.8,04/13/2025 07:14:56 pm,13.900,33.170000,0.5,1.7
04/13/2025 06:59:13 pm,13.950,21.110000,0.6,1.8,04/13/2025 07:14:56 pm,13.950,33.425000,0.5,1.7
04/13/2025 06:59:14 pm,14.000,21.320000,0.6,1.8,04/13/2025 07:14:57 pm,14.000,33.510000,0.5,1.7
04/13/2025 06:59:14 pm,14.050,21.545000,0.6,1.8,04/13/2025 07:14:57 pm,14.050,33.510000,0.5,1.7
04/13/2025 06:59:14 pm,14.100,21.730000,0.6,1.8,04/13/2025 07:14:57 pm,14.100,33.680000,0.5,1.7
04/13/2025 06:59:14 pm,14.150,21.920000,0.6,1.8,04/13/2025 07:14:57 pm,14.150,33.865000,0.5,1.7
04/13/2025 06:59:14 pm,14.200,22.150000,0.6,1.8,04/13/2025 07:14:57 pm,14.200,33.880000,0.5,1.7
04/13/2025 06:59:14 pm,14.250,22.390000,0.6,1.8,04/13/2025 07:14:57 pm,14.250,34.135000,0.5,1.7
04/13/2025 06:59:14 pm,14.300,22.470000,0.6,1.8,04/13/2025 07:14:57 pm,14.300,34.425000,0.5,1.7
04/13/2025 06:59:14 pm,14.350,22.675000,0.6,1.8,04/13/2025 07:14:57 pm,14.350,34.700000,0.5,1.7
04/13/2025 06:59:14 pm,14.400,22.840000,0.6,1.8,04/13/2025 07:14:57 pm,14.400,34.845000,0.5,1.7
04/13/2025 06:59:14 pm,14.450,22.925000,0.6,1.8,04/13/2025 07:14:57 pm,14.450,35.080000,0.5,1.7
04/13/2025 06:59:14 pm,14.500,23.340000,0.6,1.7,04/13/2025 07:14:57 pm,14.500,35.400000,0.5,1.7
04/13/2025 06:59:14 pm,14.550,23.545000,0.6,1.7,04/13/2025 07:14:57 pm,14.550,36.090000,0.5,1.7
04/13/2025 06:59:14 pm,14.600,23.700000,0.6,1.7,04/13/2025 07:14:57 pm,14.600,36.895000,0.5,1.7
04/13/2025 06:59:14 pm,14.650,24.025000,0.5,1.7,04/13/2025 07:14:57 pm,14.650,37.725000,0.5,1.7
04/13/2025 06:59:14 pm,14.700,24.090000,0.5,1.7,04/13/2025 07:14:57 pm,14.700,37.980000,0.5,1.7
04/13/2025 06:59:14 pm,14.750,24.090000,0.5,1.7,04/13/2025 07:14:57 pm,14.750,38.275000,0.5,1.7
04/13/2025 06:59:14 pm,14.800,24.090000,0.5,1.7,04/13/2025 07:14:57 pm,14.800,38.845000,0.5,1.7
04/13/2025 06:59:14 pm,14.850,24.090000,0.5,1.7,04/13/2025 07:14:57 pm,14.850,39.150000,0.5,1.7
04/13/2025 06:59:14 pm,14.900,24.265000,0.5,1.7,04/13/2025 07:14:57 pm,14.900,39.240000,0.5,1.7
04/13/2025 06:59:14 pm,14.950,24.395000,0.5,1.7,04/13/2025 07:14:57 pm,14.950,39.540000,0.5,1.7
04/13/2025 06:59:15 pm,15.000,24.395000,0.5,1.7,04/13/2025 07:14:58 pm,15.000,39.880000,0.5,1.7
04/13/2025 06:59:15 pm,15.050,24.395000,0.5,1.7,04/13/2025 07:14:58 pm,15.050,40.075000,0.6,1.8
04/13/2025 06:59:15 pm,15.100,24.395000,0.5,1.7,04/13/2025 07:14:58 pm,15.100,40.470000,0.6,1.8
04/13/2025 06:59:15 pm,15.150,24.400000,0.5,1.7,04/13/2025 07:14:58 pm,15.150,40.785000,0.6,1.8
04/13/2025 06:59:15 pm,15.200,24.505000,0.5,1.7,04/13/2025 07:14:58 pm,15.200,40.830000,0.6,1.8
04/13/2025 06:59:15 pm,15.250,24.595000,0.5,1.7,04/13/2025 07:14:58 pm,15.250,41.045000,0.6,1.8
04/13/2025 06:59:15 pm,15.300,24.720000,0.5,1.7,04/13/2025 07:14:58 pm,15.300,41.240000,0.6,1.8
04/13/2025 06:59:15 pm,15.350,24.855000,0.5,1.7,04/13/2025 07:14:58 pm,15.350,41.405000,0.7,1.9
04/13/2025 06:59:15 pm,15.400,25.055000,0.5,1.7,04/13/2025 07:14:58 pm,15.400,41.765000,0.7,1.9
04/13/2025 06:59:15 pm,15.450,25.295000,0.5,1.7,04/13/2025 07:14:58 pm,15.450,42.055000,0.8,1.9
04/13/2025 06:59:15 pm,15.500,25.605000,0.5,1.7,04/13/2025 07:14:58 pm,15.500,42.325000,0.8,1.9
04/13/2025 06:59:15 pm,15.550,25.975000,0.5,1.7,04/13/2025 07:14:58 pm,15.550,42.660000,0.8,1.9
04/13/2025 06:59:15 pm,15.600,26.240000,0.5,1.7,04/13/2025 07:14:58 pm,15.600,42.830000,0.8,1.9
04/13/2025 06:59:15 pm,15.650,26.410000,0.5,1.7,04/13/2025 07:14:58 pm,15.650,42.860000,0.8,1.9
04/13/2025 06:59:15 pm,15.700,26.900000,0.5,1.7,04/13/2025 07:14:58 pm,15.700,43.235000,0.8,1.9
04/13/2025 06:59:15 pm,15.750,27.415000,0.5,1.7,04/13/2025 07:14:58 pm,15.750,43.440000,0.8,1.9
04/13/2025 06:59:15 pm,15.800,27.865000,0.5,1.7,04/13/2025 07:14:58 pm,15.800,43.700000,0.9,1.9
04/13/2025 06:59:15 pm,15.850,28.585000,0.5,1.7,04/13/2025 07:14:58 pm,15.850,43.980000,0.9,1.9
04/13/2025 06:59:15 pm,15.900,29.060000,0.5,1.7,04/13/2025 07:14:58 pm,15.900,44.085000,0.9,1.9
04/13/2025 06:59:15 pm,15.950,29.060000,0.5,1.7,04/13/2025 07:14:58 pm,15.950,44.405000,0.9,1.9
04/13/2025 06:59:16 pm,16.000,29.085000,0.5,1.7,04/13/2025 07:14:59 pm,16.000,44.730000,0.9,2.0
04/13/2025 06:59:16 pm,16.050,29.445000,0.5,1.7,04/13/2025 07:14:59 pm,16.050,45.135000,0.9,2.0
04/13/2025 06:59:16 pm,16.100,29.635000,0.5,1.7,04/13/2025 07:14:59 pm,16.100,45.725000,0.9,2.0
04/13/2025 06:59:16 pm,16.150,29.850000,0.5,1.7,04/13/2025 07:14:59 pm,16.150,46.330000,0.9,2.0
04/13/2025 06:59:16 pm,16.200,30.205000,0.5,1.7,04/13/2025 07:14:59 pm,16.200,46.985000,1.0,2.0
04/13/2025 06:59:16 pm,16.250,30.560000,0.4,1.6,04/13/2025 07:14:59 pm,16.250,47.325000,0.9,2.0
04/13/2025 06:59:16 pm,16.300,30.845000,0.5,1.7,04/13/2025 07:14:59 pm,16.300,48.175000,0.9,2.0
04/13/2025 06:59:16 pm,16.350,31.050000,0.4,1.6,04/13/2025 07:14:59 pm,16.350,48.920000,1.0,2.0
04/13/2025 06:59:16 pm,16.400,31.205000,0.4,1.6,04/13/2025 07:14:59 pm,16.400,49.020000,1.0,2.0
04/13/2025 06:59:16 pm,16.450,31.435000,0.4,1.6,04/13/2025 07:14:59 pm,16.450,49.025000,1.0,2.0
04/13/2025 06:59:16 pm,16.500,31.705000,0.4,1.6,04/13/2025 07:14:59 pm,16.500,49.145000,0.9,2.0
04/13/2025 06:59:16 pm,16.550,31.890000,0.4,1.6,04/13/2025 07:14:59 pm,16.550,49.225000,1.0,2.0
04/13/2025 06:59:16 pm,16.600,32.095000,0.4,1.6,04/13/2025 07:14:59 pm,16.600,49.285000,0.9,2.0
04/13/2025 06:59:16 pm,16.650,32.170000,0.4,1.6,04/13/2025 07:14:59 pm,16.650,49.410000,1.0,2.0
04/13/2025 06:59:16 pm,16.700,32.345000,0.4,1.7,04/13/2025 07:14:59 pm,16.700,49.520000,1.0,2.0
04/13/2025 06:59:16 pm,16.750,32.700000,0.4,1.6,04/13/2025 07:14:59 pm,16.750,49.875000,1.0,2.0
04/13/2025 06:59:16 pm,16.800,32.800000,0.4,1.6,04/13/2025 07:14:59 pm,16.800,50.380000,1.0,2.0
04/13/2025 06:59:16 pm,16.850,33.005000,0.5,1.7,04/13/2025 07:14:59 pm,16.850,50.515000,1.0,2.0
04/13/2025 06:59:16 pm,16.900,33.160000,0.4,1.6,04/13/2025 07:14:59 pm,16.900,50.530000,1.0,2.0
04/13/2025 06:59:16 pm,16.950,33.255000,0.4,1.6,04/13/2025 07:14:59 pm,16.950,50.730000,1.0,2.0
04/13/2025 06:59:17 pm,17.000,33.425000,0.4,1.6,04/13/2025 07:15:00 pm,17.000,51.040000,1.0,2.0
04/13/2025 06:59:17 pm,17.050,33.545000,0.4,1.7,04/13/2025 07:15:00 pm,17.050,51.075000,1.0,2.0
04/13/2025 06:59:17 pm,17.100,33.660000,0.4,1.6,04/13/2025 07:15:00 pm,17.100,51.115000,1.0,2.0
04/13/2025 06:59:17 pm,17.150,33.810000,0.4,1.6,04/13/2025 07:15:00 pm,17.150,51.265000,1.0,2.0
04/13/2025 06:59:17 pm,17.200,33.985000,0.4,1.6,04/13/2025 07:15:00 pm,17.200,51.495000,1.0,2.0
04/13/2025 06:59:17 pm,17.250,34.160000,0.4,1.6,04/13/2025 07:15:00 pm,17.250,51.995000,1.0,2.0
04/13/2025 06:59:17 pm,17.300,34.605000,0.5,1.7,04/13/2025 07:15:00 pm,17.300,52.195000,0.9,2.0
04/13/2025 06:59:17 pm,17.350,34.690000,0.5,1.7,04/13/2025 07:15:00 pm,17.350,52.380000,0.9,2.0
04/13/2025 06:59:17 pm,17.400,34.690000,0.5,1.7,04/13/2025 07:15:00 pm,17.400,52.910000,0.9,2.0
04/13/2025 06:59:17 pm,17.450,34.690000,0.5,1.7,04/13/2025 07:15:00 pm,17.450,52.940000,0.9,2.0
04/13/2025 06:59:17 pm,17.500,34.690000,0.5,1.7,04/13/2025 07:15:00 pm,17.500,53.230000,0.9,1.9
04/13/2025 06:59:17 pm,17.550,34.690000,0.5,1.7,04/13/2025 07:15:00 pm,17.550,53.330000,0.9,1.9
04/13/2025 06:59:17 pm,17.600,34.720000,0.5,1.7,04/13/2025 07:15:00 pm,17.600,53.490000,0.9,1.9
04/13/2025 06:59:17 pm,17.650,34.785000,0.5,1.7,04/13/2025 07:15:00 pm,17.650,53.900000,0.9,1.9
04/13/2025 06:59:17 pm,17.700,34.860000,0.5,1.7,04/13/2025 07:15:00 pm,17.700,54.035000,0.8,1.9
04/13/2025 06:59:17 pm,17.750,34.975000,0.5,1.7,04/13/2025 07:15:00 pm,17.750,54.125000,0.8,1.9
04/13/2025 06:59:17 pm,17.800,35.030000,0.5,1.7,04/13/2025 07:15:00 pm,17.800,54.145000,0.8,1.9
04/13/2025 06:59:17 pm,17.850,35.120000,0.5,1.7,04/13/2025 07:15:00 pm,17.850,54.305000,0.8,1.9
04/13/2025 06:59:17 pm,17.900,35.245000,0.5,1.7,04/13/2025 07:15:00 pm,17.900,54.450000,0.8,1.9
04/13/2025 06:59:17 pm,17.950,35.320000,0.5,1.7,04/13/2025 07:15:00 pm,17.950,54.695000,0.8,1.9
04/13/2025 06:59:18 pm,18.000,35.330000,0.5,1.7,04/13/2025 07:15:01 pm,18.000,55.055000,0.8,1.9
04/13/2025 06:59:18 pm,18.050,35.365000,0.5,1.7,04/13/2025 07:15:01 pm,18.050,55.295000,0.8,1.9
04/13/2025 06:59:18 pm,18.100,35.480000,0.5,1.7,04/13/2025 07:15:01 pm,18.100,55.625000,0.7,1.9
04/13/2025 06:59:18 pm,18.150,35.630000,0.5,1.7,04/13/2025 07:15:01 pm,18.150,56.010000,0.7,1.9
04/13/2025 06:59:18 pm,18.200,35.765000,0.5,1.7,04/13/2025 07:15:01 pm,18.200,56.465000,0.7,1.8
04/13/2025 06:59:18 pm,18.250,35.900000,0.5,1.7,04/13/2025 07:15:01 pm,18.250,56.780000,0.7,1.8
04/13/2025 06:59:18 pm,18.300,36.135000,0.5,1.7,04/13/2025 07:15:01 pm,18.300,57.175000,0.7,1.8
04/13/2025 06:59:18 pm,18.350,36.555000,0.5,1.7,04/13/2025 07:15:01 pm,18.350,57.650000,0.6,1.8
04/13/2025 06:59:18 pm,18.400,36.925000,0.5,1.7,04/13/2025 07:15:01 pm,18.400,58.130000,0.6,1.8
04/13/2025 06:59:18 pm,18.450,37.320000,0.6,1.8,04/13/2025 07:15:01 pm,18.450,58.510000,0.6,1.8
04/13/2025 06:59:18 pm,18.500,37.680000,0.5,1.7,04/13/2025 07:15:01 pm,18.500,59.070000,0.6,1.8
04/13/2025 06:59:18 pm,18.550,37.960000,0.5,1.7,04/13/2025 07:15:01 pm,18.550,59.275000,0.6,1.7
04/13/2025 06:59:18 pm,18.600,38.130000,0.5,1.7,04/13/2025 07:15:01 pm,18.600,59.510000,0.5,1.7
04/13/2025 06:59:18 pm,18.650,38.330000,0.6,1.7,04/13/2025 07:15:01 pm,18.650,59.975000,0.5,1.7
04/13/2025 06:59:18 pm,18.700,38.620000,0.6,1.8,04/13/2025 07:15:01 pm,18.700,59.980000,0.5,1.7
04/13/2025 06:59:18 pm,18.750,38.860000,0.6,1.8,04/13/2025 07:15:01 pm,18.750,60.225000,0.5,1.7
04/13/2025 06:59:18 pm,18.800,39.125000,0.6,1.8,04/13/2025 07:15:01 pm,18.800,60.515000,0.5,1.7
04/13/2025 06:59:18 pm,18.850,39.280000,0.6,1.8,04/13/2025 07:15:01 pm,18.850,60.625000,0.5,1.7
04/13/2025 06:59:18 pm,18.900,39.415000,0.6,1.8,04/13/2025 07:15:01 pm,18.900,60.865000,0.5,1.7
04/13/2025 06:59:18 pm,18.950,39.620000,0.6,1.8,04/13/2025 07:15:01 pm,18.950,61.125000,0.5,1.7
04/13/2025 06:59:19 pm,19.000,39.845000,0.6,1.8,04/13/2025 07:15:02 pm,19.000,61.185000,0.5,1.7
04/13/2025 06:59:19 pm,19.050,39.935000,0.6,1.8,04/13/2025 07:15:02 pm,19.050,61.530000,0.5,1.7
04/13/2025 06:59:19 pm,19.100,39.985000,0.6,1.8,04/13/2025 07:15:02 pm,19.100,61.745000,0.5,1.7
04/13/2025 06:59:19 pm,19.150,40.045000,0.6,1.8,04/13/2025 07:15:02 pm,19.150,61.875000,0.5,1.7
04/13/2025 06:59:19 pm,19.200,40.045000,0.6,1.8,04/13/2025 07:15:02 pm,19.200,62.190000,0.5,1.7
04/13/2025 06:59:19 pm,19.250,40.050000,0.6,1.8,04/13/2025 07:15:02 pm,19.250,62.300000,0.6,1.7
04/13/2025 06:59:19 pm,19.300,40.050000,0.6,1.8,04/13/2025 07:15:02 pm,19.300,62.590000,0.6,1.8
04/13/2025 06:59:19 pm,19.350,40.045000,0.6,1.8,04/13/2025 07:15:02 pm,19.350,62.705000,0.6,1.8
04/13/2025 06:59:19 pm,19.400,40.045000,0.6,1.8,04/13/2025 07:15:02 pm,19.400,62.755000,0.6,1.8
04/13/2025 06:59:19 pm,19.450,40.045000,0.6,1.8,04/13/2025 07:15:02 pm,19.450,62.840000,0.6,1.8
04/13/2025 06:59:19 pm,19.500,40.045000,0.6,1.8,04/13/2025 07:15:02 pm,19.500,62.865000,0.6,1.8
04/13/2025 06:59:19 pm,19.550,40.045000,0.6,1.8,04/13/2025 07:15:02 pm,19.550,62.880000,0.6,1.8
04/13/2025 06:59:19 pm,19.600,40.045000,0.6,1.8,04/13/2025 07:15:02 pm,19.600,62.890000,0.6,1.8
04/13/2025 06:59:19 pm,19.650,40.050000,0.6,1.8,04/13/2025 07:15:02 pm,19.650,62.890000,0.6,1.8
04/13/2025 06:59:19 pm,19.700,40.130000,0.6,1.8,04/13/2025 07:15:02 pm,19.700,62.890000,0.6,1.8
04/13/2025 06:59:19 pm,19.750,40.365000,0.6,1.8,04/13/2025 07:15:02 pm,19.750,62.895000,0.6,1.8
04/13/2025 06:59:19 pm,19.800,40.615000,0.7,1.8,04/13/2025 07:15:02 pm,19.800,62.895000,0.6,1.8
04/13/2025 06:59:19 pm,19.850,40.935000,0.7,1.8,04/13/2025 07:15:02 pm,19.850,62.895000,0.6,1.8
04/13/2025 06:59:19 pm,19.900,41.195000,0.7,1.8,04/13/2025 07:15:02 pm,19.900,62.895000,0.6,1.8
04/13/2025 06:59:19 pm,19.950,41.400000,0.7,1.8,04/13/2025 07:15:02 pm,19.950,62.920000,0.6,1.8
04/13/2025 06:59:20 pm,20.000,41.710000,0.7,1.9,04/13/2025 07:15:03 pm,20.000,62.925000,0.6,1.8
04/13/2025 06:59:20 pm,20.050,42.045000,0.7,1.9,04/13/2025 07:15:03 pm,20.050,62.925000,0.6,1.8
04/13/2025 06:59:20 pm,20.100,42.300000,0.7,1.9,04/13/2025 07:15:03 pm,20.100,62.920000,0.6,1.8
04/13/2025 06:59:20 pm,20.150,42.560000,0.7,1.9,04/13/2025 07:15:03 pm,20.150,63.000000,0.6,1.8
04/13/2025 06:59:20 pm,20.200,42.640000,0.8,1.9,04/13/2025 07:15:03 pm,20.200,63.045000,0.6,1.8
04/13/2025 06:59:20 pm,20.250,42.820000,0.8,1.9,04/13/2025 07:15:03 pm,20.250,63.330000,0.6,1.8
04/13/2025 06:59:20 pm,20.300,42.915000,0.8,1.9,04/13/2025 07:15:03 pm,20.300,63.545000,0.6,1.8
04/13/2025 06:59:20 pm,20.350,43.125000,0.8,1.9,04/13/2025 07:15:03 pm,20.350,63.920000,0.7,1.8
04/13/2025 06:59:20 pm,20.400,43.320000,0.8,1.9,04/13/2025 07:15:03 pm,20.400,64.300000,0.7,1.8
04/13/2025 06:59:20 pm,20.450,43.325000,0.8,1.9,04/13/2025 07:15:03 pm,20.450,64.575000,0.7,1.9
04/13/2025 06:59:20 pm,20.500,43.420000,0.8,1.9,04/13/2025 07:15:03 pm,20.500,64.980000,0.8,1.9
04/13/2025 06:59:20 pm,20.550,43.705000,0.8,1.9,04/13/2025 07:15:03 pm,20.550,65.440000,0.8,1.9
04/13/2025 06:59:20 pm,20.600,43.970000,0.8,1.9,04/13/2025 07:15:03 pm,20.600,65.945000,0.9,2.0
04/13/2025 06:59:20 pm,20.650,44.125000,0.8,1.9,04/13/2025 07:15:03 pm,20.650,66.495000,1.0,2.0
04/13/2025 06:59:20 pm,20.700,44.165000,0.8,1.9,04/13/2025 07:15:03 pm,20.700,66.930000,1.1,2.1
04/13/2025 06:59:20 pm,20.750,44.280000,0.8,1.9,04/13/2025 07:15:03 pm,20.750,67.185000,1.2,2.1
04/13/2025 06:59:20 pm,20.800,44.495000,0.8,1.9,04/13/2025 07:15:03 pm,20.800,67.360000,1.3,2.1
04/13/2025 06:59:20 pm,20.850,44.805000,0.9,1.9,04/13/2025 07:15:03 pm,20.850,67.905000,1.4,2.1
04/13/2025 06:59:20 pm,20.900,45.000000,0.9,1.9,04/13/2025 07:15:03 pm,20.900,68.550000,1.6,2.2
04/13/2025 06:59:20 pm,20.950,45.185000,0.9,1.9,04/13/2025 07:15:03 pm,20.950,68.585000,1.6,2.2
04/13/2025 06:59:21 pm,21.000,45.420000,0.9,2.0,04/13/2025 07:15:04 pm,21.000,68.680000,1.6,2.2
04/13/2025 06:59:21 pm,21.050,45.730000,0.9,2.0,04/13/2025 07:15:04 pm,21.050,68.890000,1.7,2.2
04/13/2025 06:59:21 pm,21.100,45.965000,0.9,2.0,04/13/2025 07:15:04 pm,21.100,68.915000,1.7,2.2
04/13/2025 06:59:21 pm,21.150,46.410000,0.9,2.0,04/13/2025 07:15:04 pm,21.150,69.105000,1.8,2.2
04/13/2025 06:59:21 pm,21.200,46.885000,0.9,2.0,04/13/2025 07:15:04 pm,21.200,69.130000,1.8,2.3
04/13/2025 06:59:21 pm,21.250,47.325000,0.9,2.0,04/13/2025 07:15:04 pm,21.250,69.175000,1.8,2.3
04/13/2025 06:59:21 pm,21.300,47.750000,0.9,2.0,04/13/2025 07:15:04 pm,21.300,69.510000,1.9,2.3
04/13/2025 06:59:21 pm,21.350,47.835000,1.0,2.0,04/13/2025 07:15:04 pm,21.350,69.600000,2.0,2.3
04/13/2025 06:59:21 pm,21.400,48.135000,1.0,2.0,04/13/2025 07:15:04 pm,21.400,69.705000,2.0,2.3
04/13/2025 06:59:21 pm,21.450,48.395000,1.0,2.0,04/13/2025 07:15:04 pm,21.450,69.885000,2.0,2.3
04/13/2025 06:59:21 pm,21.500,48.435000,0.9,2.0,04/13/2025 07:15:04 pm,21.500,70.075000,2.1,2.3
04/13/2025 06:59:21 pm,21.550,48.750000,1.0,2.0,04/13/2025 07:15:04 pm,21.550,70.740000,2.3,2.4
04/13/2025 06:59:21 pm,21.600,48.830000,1.0,2.0,04/13/2025 07:15:04 pm,21.600,70.955000,2.5,2.4
04/13/2025 06:59:21 pm,21.650,48.835000,1.0,2.0,04/13/2025 07:15:04 pm,21.650,70.955000,2.4,2.4
04/13/2025 06:59:21 pm,21.700,48.835000,1.0,2.0,04/13/2025 07:15:04 pm,21.700,70.960000,2.4,2.4
04/13/2025 06:59:21 pm,21.750,48.870000,1.0,2.0,04/13/2025 07:15:04 pm,21.750,71.110000,2.4,2.4
04/13/2025 06:59:21 pm,21.800,49.110000,1.0,2.0,04/13/2025 07:15:04 pm,21.800,71.545000,2.6,2.4
04/13/2025 06:59:21 pm,21.850,49.285000,1.0,2.0,04/13/2025 07:15:04 pm,21.850,71.870000,2.8,2.5
04/13/2025 06:59:21 pm,21.900,49.430000,1.0,2.0,04/13/2025 07:15:04 pm,21.900,71.880000,2.8,2.5
04/13/2025 06:59:21 pm,21.950,49.600000,1.0,2.0,04/13/2025 07:15:04 pm,21.950,71.880000,2.8,2.5
04/13/2025 06:59:22 pm,22.000,49.650000,1.0,2.0,04/13/2025 07:15:05 pm,22.000,71.880000,2.9,2.5
04/13/2025 06:59:22 pm,22.050,49.740000,1.0,2.0,04/13/2025 07:15:05 pm,22.050,71.880000,2.9,2.5
04/13/2025 06:59:22 pm,22.100,49.950000,1.0,2.0,04/13/2025 07:15:05 pm,22.100,71.880000,2.9,2.5
04/13/2025 06:59:22 pm,22.150,49.990000,1.0,2.0,04/13/2025 07:15:05 pm,22.150,71.880000,2.9,2.5
04/13/2025 06:59:22 pm,22.200,50.040000,1.0,2.0,04/13/2025 07:15:05 pm,22.200,71.880000,2.9,2.5
04/13/2025 06:59:22 pm,22.250,50.185000,1.0,2.0,04/13/2025 07:15:05 pm,22.250,71.880000,2.9,2.5
04/13/2025 06:59:22 pm,22.300,50.200000,0.9,2.0,04/13/2025 07:15:05 pm,22.300,71.880000,2.9,2.5
04/13/2025 06:59:22 pm,22.350,50.385000,1.0,2.0,04/13/2025 07:15:05 pm,22.350,71.880000,2.8,2.5
04/13/2025 06:59:22 pm,22.400,50.515000,1.0,2.0,04/13/2025 07:15:05 pm,22.400,71.880000,2.9,2.5
04/13/2025 06:59:22 pm,22.450,50.570000,1.0,2.0,04/13/2025 07:15:05 pm,22.450,71.880000,2.8,2.5
04/13/2025 06:59:22 pm,22.500,50.840000,0.9,2.0,04/13/2025 07:15:05 pm,22.500,71.880000,2.8,2.4
04/13/2025 06:59:22 pm,22.550,50.940000,0.9,2.0,04/13/2025 07:15:05 pm,22.550,71.960000,2.8,2.4
04/13/2025 06:59:22 pm,22.600,51.010000,0.9,2.0,04/13/2025 07:15:05 pm,22.600,72.205000,2.9,2.5
04/13/2025 06:59:22 pm,22.650,51.205000,0.9,2.0,04/13/2025 07:15:05 pm,22.650,72.225000,3.0,2.5
04/13/2025 06:59:22 pm,22.700,51.350000,0.9,2.0,04/13/2025 07:15:05 pm,22.700,72.365000,3.0,2.5
04/13/2025 06:59:22 pm,22.750,51.365000,0.9,2.0,04/13/2025 07:15:05 pm,22.750,72.365000,3.0,2.5
04/13/2025 06:59:22 pm,22.800,51.460000,0.9,2.0,04/13/2025 07:15:05 pm,22.800,72.365000,3.0,2.5
04/13/2025 06:59:22 pm,22.850,51.645000,0.9,2.0,04/13/2025 07:15:05 pm,22.850,72.420000,3.0,2.5
04/13/2025 06:59:22 pm,22.900,51.745000,0.9,2.0,04/13/2025 07:15:05 pm,22.900,72.420000,3.1,2.5
04/13/2025 06:59:22 pm,22.950,51.905000,0.9,2.0,04/13/2025 07:15:05 pm,22.950,72.420000,3.1,2.5
04/13/2025 06:59:23 pm,23.000,51.995000,0.9,2.0,04/13/2025 07:15:06 pm,23.000,72.420000,3.1,2.5
04/13/2025 06:59:23 pm,23.050,52.040000,0.9,2.0,04/13/2025 07:15:06 pm,23.050,72.420000,3.1,2.5
04/13/2025 06:59:23 pm,23.100,52.120000,0.9,2.0,04/13/2025 07:15:06 pm,23.100,72.420000,3.1,2.5
04/13/2025 06:59:23 pm,23.150,52.300000,0.9,2.0,04/13/2025 07:15:06 pm,23.150,72.420000,3.1,2.5
04/13/2025 06:59:23 pm,23.200,52.440000,0.9,2.0,04/13/2025 07:15:06 pm,23.200,72.420000,3.1,2.5
04/13/2025 06:59:23 pm,23.250,52.550000,0.9,2.0,04/13/2025 07:15:06 pm,23.250,72.420000,3.1,2.5
04/13/2025 06:59:23 pm,23.300,52.885000,0.9,1.9,04/13/2025 07:15:06 pm,23.300,72.420000,3.1,2.5
04/13/2025 06:59:23 pm,23.350,53.065000,0.9,1.9,04/13/2025 07:15:06 pm,23.350,72.600000,3.1,2.5
04/13/2025 06:59:23 pm,23.400,53.290000,0.9,1.9,04/13/2025 07:15:06 pm,23.400,73.245000,3.4,2.5
04/13/2025 06:59:23 pm,23.450,53.375000,0.8,1.9,04/13/2025 07:15:06 pm,23.450,73.765000,3.7,2.6
04/13/2025 06:59:23 pm,23.500,53.455000,0.8,1.9,04/13/2025 07:15:06 pm,23.500,73.800000,3.7,2.6
04/13/2025 06:59:23 pm,23.550,53.495000,0.8,1.9,04/13/2025 07:15:06 pm,23.550,73.925000,3.8,2.6
04/13/2025 06:59:23 pm,23.600,53.625000,0.8,1.9,04/13/2025 07:15:06 pm,23.600,74.105000,3.9,2.6
04/13/2025 06:59:23 pm,23.650,53.730000,0.8,1.9,04/13/2025 07:15:06 pm,23.650,74.465000,4.0,2.6
04/13/2025 06:59:23 pm,23.700,53.730000,0.8,1.9,04/13/2025 07:15:06 pm,23.700,74.665000,4.1,2.6
04/13/2025 06:59:23 pm,23.750,53.730000,0.8,1.9,04/13/2025 07:15:06 pm,23.750,74.840000,4.3,2.6
04/13/2025 06:59:23 pm,23.800,53.730000,0.8,1.9,04/13/2025 07:15:06 pm,23.800,75.095000,4.4,2.6
04/13/2025 06:59:23 pm,23.850,53.730000,0.8,1.9,04/13/2025 07:15:06 pm,23.850,75.325000,4.5,2.7
04/13/2025 06:59:23 pm,23.900,53.730000,0.8,1.9,04/13/2025 07:15:06 pm,23.900,75.550000,4.6,2.7
04/13/2025 06:59:23 pm,23.950,53.740000,0.8,1.9,04/13/2025 07:15:06 pm,23.950,75.735000,4.7,2.7
04/13/2025 06:59:24 pm,24.000,53.740000,0.8,1.9,04/13/2025 07:15:07 pm,24.000,76.130000,4.9,2.7
04/13/2025 06:59:24 pm,24.050,53.740000,0.8,1.9,04/13/2025 07:15:07 pm,24.050,76.750000,5.3,2.7
04/13/2025 06:59:24 pm,24.100,53.745000,0.8,1.9,04/13/2025 07:15:07 pm,24.100,77.150000,5.5,2.7
04/13/2025 06:59:24 pm,24.150,53.760000,0.8,1.9,04/13/2025 07:15:07 pm,24.150,77.405000,5.7,2.8
04/13/2025 06:59:24 pm,24.200,53.885000,0.8,1.9,04/13/2025 07:15:07 pm,24.200,77.510000,5.8,2.8
04/13/2025 06:59:24 pm,24.250,53.950000,0.8,1.9,04/13/2025 07:15:07 pm,24.250,77.680000,5.8,2.8
04/13/2025 06:59:24 pm,24.300,54.035000,0.8,1.9,04/13/2025 07:15:07 pm,24.300,78.075000,6.0,2.8
04/13/2025 06:59:24 pm,24.350,54.300000,0.8,1.9,04/13/2025 07:15:07 pm,24.350,78.205000,6.2,2.8
04/13/2025 06:59:24 pm,24.400,55.305000,0.8,1.9,04/13/2025 07:15:07 pm,24.400,78.205000,6.2,2.8
04/13/2025 06:59:24 pm,24.450,55.555000,0.7,1.9,04/13/2025 07:15:07 pm,24.450,78.255000,6.2,2.8
04/13/2025 06:59:24 pm,24.500,55.555000,0.7,1.9,04/13/2025 07:15:07 pm,24.500,78.295000,6.2,2.8
04/13/2025 06:59:24 pm,24.550,55.575000,0.7,1.9,04/13/2025 07:15:07 pm,24.550,78.295000,6.2,2.8
04/13/2025 06:59:24 pm,24.600,55.850000,0.7,1.9,04/13/2025 07:15:07 pm,24.600,78.295000,6.2,2.8
04/13/2025 06:59:24 pm,24.650,56.505000,0.7,1.8,04/13/2025 07:15:07 pm,24.650,78.295000,6.2,2.8
04/13/2025 06:59:24 pm,24.700,56.980000,0.7,1.8,04/13/2025 07:15:07 pm,24.700,78.315000,6.2,2.8
04/13/2025 06:59:24 pm,24.750,57.430000,0.6,1.8,04/13/2025 07:15:07 pm,24.750,78.415000,6.3,2.8
04/13/2025 06:59:24 pm,24.800,57.925000,0.6,1.8,04/13/2025 07:15:07 pm,24.800,78.500000,6.3,2.8
04/13/2025 06:59:24 pm,24.850,57.945000,0.6,1.8,04/13/2025 07:15:07 pm,24.850,78.810000,6.4,2.8
04/13/2025 06:59:24 pm,24.900,58.145000,0.6,1.8,04/13/2025 07:15:07 pm,24.900,79.015000,6.6,2.8
04/13/2025 06:59:24 pm,24.950,58.425000,0.6,1.7,04/13/2025 07:15:07 pm,24.950,79.165000,6.7,2.8
04/13/2025 06:59:25 pm,25.000,58.725000,0.6,1.7,04/13/2025 07:15:08 pm,25.000,79.410000,6.8,2.8
04/13/2025 06:59:25 pm,25.050,58.895000,0.5,1.7,04/13/2025 07:15:08 pm,25.050,79.635000,6.9,2.8
04/13/2025 06:59:25 pm,25.100,58.950000,0.5,1.7,04/13/2025 07:15:08 pm,25.100,79.860000,7.0,2.8
04/13/2025 06:59:25 pm,25.150,59.255000,0.5,1.7,04/13/2025 07:15:08 pm,25.150,80.075000,7.1,2.9
04/13/2025 06:59:25 pm,25.200,59.435000,0.5,1.7,04/13/2025 07:15:08 pm,25.200,80.195000,7.2,2.9
04/13/2025 06:59:25 pm,25.250,59.545000,0.5,1.7,04/13/2025 07:15:08 pm,25.250,80.440000,7.3,2.9
04/13/2025 06:59:25 pm,25.300,59.775000,0.5,1.7,04/13/2025 07:15:08 pm,25.300,80.905000,7.4,2.9
04/13/2025 06:59:25 pm,25.350,59.895000,0.5,1.7,04/13/2025 07:15:08 pm,25.350,81.330000,7.7,2.9
04/13/2025 06:59:25 pm,25.400,60.085000,0.5,1.7,04/13/2025 07:15:08 pm,25.400,81.565000,7.8,2.9
04/13/2025 06:59:25 pm,25.450,60.275000,0.5,1.7,04/13/2025 07:15:08 pm,25.450,81.870000,8.0,2.9
04/13/2025 06:59:25 pm,25.500,60.360000,0.5,1.7,04/13/2025 07:15:08 pm,25.500,82.150000,8.1,2.9
04/13/2025 06:59:25 pm,25.550,60.565000,0.5,1.7,04/13/2025 07:15:08 pm,25.550,82.420000,8.2,2.9
04/13/2025 06:59:25 pm,25.600,60.815000,0.5,1.7,04/13/2025 07:15:08 pm,25.600,82.715000,8.3,2.9
04/13/2025 06:59:25 pm,25.650,61.160000,0.5,1.7,04/13/2025 07:15:08 pm,25.650,82.750000,8.4,2.9
04/13/2025 06:59:25 pm,25.700,61.455000,0.5,1.7,04/13/2025 07:15:08 pm,25.700,82.935000,8.4,2.9
04/13/2025 06:59:25 pm,25.750,61.570000,0.5,1.7,04/13/2025 07:15:08 pm,25.750,83.050000,8.5,2.9
04/13/2025 06:59:25 pm,25.800,61.930000,0.5,1.7,04/13/2025 07:15:08 pm,25.800,83.115000,8.5,2.9
04/13/2025 06:59:25 pm,25.850,62.280000,0.5,1.7,04/13/2025 07:15:08 pm,25.850,83.235000,8.5,2.9
04/13/2025 06:59:25 pm,25.900,62.490000,0.5,1.7,04/13/2025 07:15:08 pm,25.900,83.250000,8.5,2.9
04/13/2025 06:59:25 pm,25.950,62.955000,0.5,1.7,04/13/2025 07:15:08 pm,25.950,83.255000,8.5,2.9
04/13/2025 06:59:26 pm,26.000,63.110000,0.5,1.7,04/13/2025 07:15:09 pm,26.000,83.380000,8.6,2.9
04/13/2025 06:59:26 pm,26.050,63.430000,0.5,1.7,04/13/2025 07:15:09 pm,26.050,83.555000,8.7,2.9
04/13/2025 06:59:26 pm,26.100,63.925000,0.5,1.7,04/13/2025 07:15:09 pm,26.100,83.785000,8.7,2.9
04/13/2025 06:59:26 pm,26.150,64.080000,0.5,1.7,04/13/2025 07:15:09 pm,26.150,84.215000,8.9,2.9
04/13/2025 06:59:26 pm,26.200,64.280000,0.5,1.7,04/13/2025 07:15:09 pm,26.200,84.325000,8.9,3.0
04/13/2025 06:59:26 pm,26.250,64.550000,0.6,1.7,04/13/2025 07:15:09 pm,26.250,84.525000,9.0,3.0
04/13/2025 06:59:26 pm,26.300,65.025000,0.6,1.8,04/13/2025 07:15:09 pm,26.300,84.765000,9.1,3.0
04/13/2025 06:59:26 pm,26.350,65.115000,0.6,1.8,04/13/2025 07:15:09 pm,26.350,85.105000,9.1,3.0
04/13/2025 06:59:26 pm,26.400,65.135000,0.6,1.8,04/13/2025 07:15:09 pm,26.400,85.510000,9.3,3.0
04/13/2025 06:59:26 pm,26.450,65.235000,0.6,1.8,04/13/2025 07:15:09 pm,26.450,85.900000,9.4,3.0
04/13/2025 06:59:26 pm,26.500,65.585000,0.7,1.8,04/13/2025 07:15:09 pm,26.500,86.000000,9.4,3.0
04/13/2025 06:59:26 pm,26.550,66.420000,0.8,1.9,04/13/2025 07:15:09 pm,26.550,86.375000,9.5,3.0
04/13/2025 06:59:26 pm,26.600,67.140000,0.9,2.0,04/13/2025 07:15:09 pm,26.600,86.690000,9.6,3.0
04/13/2025 06:59:26 pm,26.650,67.490000,1.0,2.0,04/13/2025 07:15:09 pm,26.650,86.995000,9.6,3.0
04/13/2025 06:59:26 pm,26.700,67.550000,1.0,2.0,04/13/2025 07:15:09 pm,26.700,87.350000,9.7,3.0
04/13/2025 06:59:26 pm,26.750,67.835000,1.0,2.0,04/13/2025 07:15:09 pm,26.750,87.410000,9.7,3.0
04/13/2025 06:59:26 pm,26.800,68.410000,1.2,2.1,04/13/2025 07:15:09 pm,26.800,87.645000,9.7,3.0
04/13/2025 06:59:26 pm,26.850,68.750000,1.3,2.1,04/13/2025 07:15:09 pm,26.850,87.980000,9.7,3.0
04/13/2025 06:59:26 pm,26.900,68.760000,1.3,2.1,04/13/2025 07:15:09 pm,26.900,88.020000,9.8,3.0
04/13/2025 06:59:26 pm,26.950,68.855000,1.3,2.1,04/13/2025 07:15:09 pm,26.950,88.165000,9.8,3.0
04/13/2025 06:59:27 pm,27.000,68.920000,1.4,2.1,04/13/2025 07:15:10 pm,27.000,88.335000,9.8,3.0
04/13/2025 06:59:27 pm,27.050,68.945000,1.4,2.1,04/13/2025 07:15:10 pm,27.050,88.525000,9.8,3.0
04/13/2025 06:59:27 pm,27.100,69.095000,1.4,2.1,04/13/2025 07:15:10 pm,27.100,88.660000,9.8,3.0
04/13/2025 06:59:27 pm,27.150,69.390000,1.5,2.2,04/13/2025 07:15:10 pm,27.150,89.005000,9.8,3.0
04/13/2025 06:59:27 pm,27.200,69.690000,1.6,2.2,04/13/2025 07:15:10 pm,27.200,89.235000,9.8,3.0
04/13/2025 06:59:27 pm,27.250,70.185000,1.7,2.2,04/13/2025 07:15:10 pm,27.250,89.355000,9.8,3.0
04/13/2025 06:59:27 pm,27.300,70.565000,1.9,2.3,04/13/2025 07:15:10 pm,27.300,89.605000,9.8,3.0
04/13/2025 06:59:27 pm,27.350,70.715000,1.9,2.3,04/13/2025 07:15:10 pm,27.350,89.720000,9.8,3.0
04/13/2025 06:59:27 pm,27.400,70.875000,1.9,2.3,04/13/2025 07:15:10 pm,27.400,89.900000,9.7,3.0
04/13/2025 06:59:27 pm,27.450,70.920000,2.0,2.3,04/13/2025 07:15:10 pm,27.450,89.940000,9.7,3.0
04/13/2025 06:59:27 pm,27.500,71.045000,2.0,2.3,04/13/2025 07:15:10 pm,27.500,89.960000,9.7,3.0
04/13/2025 06:59:27 pm,27.550,71.370000,2.1,2.3,04/13/2025 07:15:10 pm,27.550,90.070000,9.7,3.0
04/13/2025 06:59:27 pm,27.600,71.555000,2.2,2.3,04/13/2025 07:15:10 pm,27.600,90.245000,9.7,3.0
04/13/2025 06:59:27 pm,27.650,71.775000,2.2,2.4,04/13/2025 07:15:10 pm,27.650,90.430000,9.7,3.0
04/13/2025 06:59:27 pm,27.700,72.050000,2.4,2.4,04/13/2025 07:15:10 pm,27.700,90.555000,9.7,3.0
04/13/2025 06:59:27 pm,27.750,72.285000,2.5,2.4,04/13/2025 07:15:10 pm,27.750,90.610000,9.7,3.0
04/13/2025 06:59:27 pm,27.800,72.365000,2.5,2.4,04/13/2025 07:15:10 pm,27.800,90.620000,9.7,3.0
04/13/2025 06:59:27 pm,27.850,72.680000,2.6,2.4,04/13/2025 07:15:10 pm,27.850,90.640000,9.7,3.0
04/13/2025 06:59:27 pm,27.900,72.945000,2.8,2.4,04/13/2025 07:15:10 pm,27.900,90.810000,9.7,3.0
04/13/2025 06:59:27 pm,27.950,73.205000,2.8,2.4,04/13/2025 07:15:10 pm,27.950,91.070000,9.6,3.0
04/13/2025 06:59:28 pm,28.000,73.610000,3.0,2.5,04/13/2025 07:15:11 pm,28.000,91.420000,9.6,3.0
04/13/2025 06:59:28 pm,28.050,73.655000,3.1,2.5,04/13/2025 07:15:11 pm,28.050,91.880000,9.5,3.0
04/13/2025 06:59:28 pm,28.100,73.745000,3.1,2.5,04/13/2025 07:15:11 pm,28.100,92.080000,9.4,3.0
04/13/2025 06:59:28 pm,28.150,73.930000,3.2,2.5,04/13/2025 07:15:11 pm,28.150,92.285000,9.4,3.0
04/13/2025 06:59:28 pm,28.200,74.180000,3.3,2.5,04/13/2025 07:15:11 pm,28.200,92.605000,9.3,3.0
04/13/2025 06:59:28 pm,28.250,74.510000,3.5,2.5,04/13/2025 07:15:11 pm,28.250,93.040000,9.2,3.0
04/13/2025 06:59:28 pm,28.300,74.885000,3.7,2.6,04/13/2025 07:15:11 pm,28.300,93.310000,9.1,3.0
04/13/2025 06:59:28 pm,28.350,75.105000,3.8,2.6,04/13/2025 07:15:11 pm,28.350,93.480000,9.1,3.0
04/13/2025 06:59:28 pm,28.400,75.370000,3.9,2.6,04/13/2025 07:15:11 pm,28.400,93.850000,9.0,3.0
04/13/2025 06:59:28 pm,28.450,75.695000,4.0,2.6,04/13/2025 07:15:11 pm,28.450,94.065000,8.9,2.9
04/13/2025 06:59:28 pm,28.500,76.065000,4.3,2.6,04/13/2025 07:15:11 pm,28.500,94.380000,8.8,2.9
04/13/2025 06:59:28 pm,28.550,76.605000,4.5,2.7,04/13/2025 07:15:11 pm,28.550,94.675000,8.7,2.9
04/13/2025 06:59:28 pm,28.600,77.140000,4.9,2.7,04/13/2025 07:15:11 pm,28.600,94.755000,8.6,2.9
04/13/2025 06:59:28 pm,28.650,77.280000,4.9,2.7,04/13/2025 07:15:11 pm,28.650,94.990000,8.6,2.9
04/13/2025 06:59:28 pm,28.700,77.500000,5.0,2.7,04/13/2025 07:15:11 pm,28.700,95.195000,8.5,2.9
04/13/2025 06:59:28 pm,28.750,77.965000,5.3,2.7,04/13/2025 07:15:11 pm,28.750,95.315000,8.4,2.9
04/13/2025 06:59:28 pm,28.800,78.070000,5.4,2.7,04/13/2025 07:15:11 pm,28.800,95.390000,8.4,2.9
04/13/2025 06:59:28 pm,28.850,78.080000,5.4,2.7,04/13/2025 07:15:11 pm,28.850,95.485000,8.3,2.9
04/13/2025 06:59:28 pm,28.900,78.080000,5.4,2.7,04/13/2025 07:15:11 pm,28.900,95.575000,8.2,2.9
04/13/2025 06:59:28 pm,28.950,78.080000,5.4,2.7,04/13/2025 07:15:11 pm,28.950,95.750000,8.2,2.9
04/13/2025 06:59:29 pm,29.000,78.080000,5.4,2.7,04/13/2025 07:15:12 pm,29.000,95.940000,8.1,2.9
04/13/2025 06:59:29 pm,29.050,78.080000,5.4,2.7,04/13/2025 07:15:12 pm,29.050,96.025000,8.1,2.9
04/13/2025 06:59:29 pm,29.100,78.080000,5.4,2.7,04/13/2025 07:15:12 pm,29.100,96.140000,8.0,2.9
04/13/2025 06:59:29 pm,29.150,78.080000,5.4,2.7,04/13/2025 07:15:12 pm,29.150,96.510000,7.9,2.9
04/13/2025 06:59:29 pm,29.200,78.165000,5.4,2.7,04/13/2025 07:15:12 pm,29.200,97.065000,7.6,2.9
04/13/2025 06:59:29 pm,29.250,78.460000,5.6,2.7,04/13/2025 07:15:12 pm,29.250,97.205000,7.5,2.9
04/13/2025 06:59:29 pm,29.300,78.880000,5.8,2.8,04/13/2025 07:15:12 pm,29.300,97.390000,7.5,2.9
04/13/2025 06:59:29 pm,29.350,79.080000,5.9,2.8,04/13/2025 07:15:12 pm,29.350,97.755000,7.3,2.9
04/13/2025 06:59:29 pm,29.400,79.470000,6.1,2.8,04/13/2025 07:15:12 pm,29.400,97.830000,7.2,2.9
04/13/2025 06:59:29 pm,29.450,79.560000,6.2,2.8,04/13/2025 07:15:12 pm,29.450,97.905000,7.2,2.9
04/13/2025 06:59:29 pm,29.500,79.825000,6.2,2.8,04/13/2025 07:15:12 pm,29.500,98.125000,7.1,2.9
04/13/2025 06:59:29 pm,29.550,80.050000,6.5,2.8,04/13/2025 07:15:12 pm,29.550,98.260000,7.0,2.8
04/13/2025 06:59:29 pm,29.600,80.230000,6.4,2.8,04/13/2025 07:15:12 pm,29.600,98.455000,7.0,2.8
04/13/2025 06:59:29 pm,29.650,81.125000,6.9,2.8,04/13/2025 07:15:12 pm,29.650,98.820000,6.8,2.8
04/13/2025 06:59:29 pm,29.700,81.365000,7.1,2.8,04/13/2025 07:15:12 pm,29.700,99.030000,6.6,2.8
04/13/2025 06:59:29 pm,29.750,81.370000,7.0,2.8,04/13/2025 07:15:12 pm,29.750,99.305000,6.5,2.8
04/13/2025 06:59:29 pm,29.800,81.525000,7.1,2.8,04/13/2025 07:15:12 pm,29.800,99.550000,6.4,2.8
04/13/2025 06:59:29 pm,29.850,81.830000,7.2,2.9,04/13/2025 07:15:12 pm,29.850,99.730000,6.3,2.8
04/13/2025 06:59:29 pm,29.900,82.120000,7.4,2.9,04/13/2025 07:15:12 pm,29.900,99.995000,6.1,2.8
04/13/2025 06:59:29 pm,29.950,82.370000,7.4,2.9,04/13/2025 07:15:12 pm,29.950,100.340000,6.0,2.8
04/13/2025 06:59:30 pm,30.000,82.715000,7.6,2.9,04/13/2025 07:15:13 pm,30.000,100.780000,5.7,2.8
04/13/2025 06:59:30 pm,30.050,83.065000,7.8,2.9,04/13/2025 07:15:13 pm,30.050,101.190000,5.5,2.7
04/13/2025 06:59:30 pm,30.100,83.310000,7.9,2.9,04/13/2025 07:15:13 pm,30.100,101.575000,5.3,2.7
04/13/2025 06:59:30 pm,30.150,83.585000,8.0,2.9,04/13/2025 07:15:13 pm,30.150,101.805000,5.1,2.7
04/13/2025 06:59:30 pm,30.200,83.665000,8.1,2.9,04/13/2025 07:15:13 pm,30.200,102.130000,5.0,2.7
04/13/2025 06:59:30 pm,30.250,83.805000,8.1,2.9,04/13/2025 07:15:13 pm,30.250,102.415000,4.8,2.7
04/13/2025 06:59:30 pm,30.300,84.000000,8.2,2.9,04/13/2025 07:15:13 pm,30.300,102.765000,4.7,2.7
04/13/2025 06:59:30 pm,30.350,84.305000,8.3,2.9,04/13/2025 07:15:13 pm,30.350,103.190000,4.4,2.6
04/13/2025 06:59:30 pm,30.400,84.695000,8.4,2.9,04/13/2025 07:15:13 pm,30.400,103.420000,4.3,2.6
04/13/2025 06:59:30 pm,30.450,85.015000,8.6,2.9,04/13/2025 07:15:13 pm,30.450,103.665000,4.2,2.6
04/13/2025 06:59:30 pm,30.500,85.275000,8.6,2.9,04/13/2025 07:15:13 pm,30.500,103.830000,4.1,2.6
04/13/2025 06:59:30 pm,30.550,85.685000,8.8,2.9,04/13/2025 07:15:13 pm,30.550,104.150000,4.0,2.6
04/13/2025 06:59:30 pm,30.600,86.205000,8.9,2.9,04/13/2025 07:15:13 pm,30.600,104.385000,3.8,2.6
04/13/2025 06:59:30 pm,30.650,86.730000,9.0,3.0,04/13/2025 07:15:13 pm,30.650,104.800000,3.7,2.6
04/13/2025 06:59:30 pm,30.700,86.935000,9.1,3.0,04/13/2025 07:15:13 pm,30.700,104.995000,3.5,2.5
04/13/2025 06:59:30 pm,30.750,87.105000,9.1,3.0,04/13/2025 07:15:13 pm,30.750,105.235000,3.5,2.5
04/13/2025 06:59:30 pm,30.800,87.255000,9.2,3.0,04/13/2025 07:15:13 pm,30.800,105.515000,3.3,2.5
04/13/2025 06:59:30 pm,30.850,87.280000,9.2,3.0,04/13/2025 07:15:13 pm,30.850,105.685000,3.2,2.5
04/13/2025 06:59:30 pm,30.900,87.665000,9.2,3.0,04/13/2025 07:15:13 pm,30.900,105.825000,3.1,2.5
04/13/2025 06:59:30 pm,30.950,88.005000,9.3,3.0,04/13/2025 07:15:13 pm,30.950,105.910000,3.1,2.5
04/13/2025 06:59:31 pm,31.000,88.040000,9.3,3.0,04/13/2025 07:15:14 pm,31.000,106.180000,3.0,2.5
04/13/2025 06:59:31 pm,31.050,88.175000,9.3,3.0,04/13/2025 07:15:14 pm,31.050,106.475000,2.8,2.4
04/13/2025 06:59:31 pm,31.100,88.335000,9.3,3.0,04/13/2025 07:15:14 pm,31.100,106.620000,2.8,2.4
04/13/2025 06:59:31 pm,31.150,88.480000,9.4,3.0,04/13/2025 07:15:14 pm,31.150,106.795000,2.7,2.4
04/13/2025 06:59:31 pm,31.200,88.660000,9.3,3.0,04/13/2025 07:15:14 pm,31.200,107.135000,2.5,2.4
04/13/2025 06:59:31 pm,31.250,89.135000,9.4,3.0,04/13/2025 07:15:14 pm,31.250,107.305000,2.4,2.4
04/13/2025 06:59:31 pm,31.300,89.230000,9.4,3.0,04/13/2025 07:15:14 pm,31.300,107.345000,2.5,2.4
04/13/2025 06:59:31 pm,31.350,89.370000,9.4,3.0,04/13/2025 07:15:14 pm,31.350,107.465000,2.4,2.4
04/13/2025 06:59:31 pm,31.400,89.445000,9.4,3.0,04/13/2025 07:15:14 pm,31.400,107.685000,2.3,2.4
04/13/2025 06:59:31 pm,31.450,89.535000,9.4,3.0,04/13/2025 07:15:14 pm,31.450,107.950000,2.2,2.3
04/13/2025 06:59:31 pm,31.500,89.850000,9.4,3.0,04/13/2025 07:15:14 pm,31.500,108.195000,2.1,2.3
04/13/2025 06:59:31 pm,31.550,89.915000,9.4,3.0,04/13/2025 07:15:14 pm,31.550,108.400000,2.1,2.3
04/13/2025 06:59:31 pm,31.600,90.170000,9.4,3.0,04/13/2025 07:15:14 pm,31.600,108.595000,2.0,2.3
04/13/2025 06:59:31 pm,31.650,90.360000,9.4,3.0,04/13/2025 07:15:14 pm,31.650,108.800000,1.9,2.3
04/13/2025 06:59:31 pm,31.700,90.395000,9.4,3.0,04/13/2025 07:15:14 pm,31.700,109.005000,1.9,2.3
04/13/2025 06:59:31 pm,31.750,90.395000,9.4,3.0,04/13/2025 07:15:14 pm,31.750,109.175000,1.8,2.3
04/13/2025 06:59:31 pm,31.800,90.435000,9.3,3.0,04/13/2025 07:15:14 pm,31.800,109.475000,1.7,2.2
04/13/2025 06:59:31 pm,31.850,90.765000,9.3,3.0,04/13/2025 07:15:14 pm,31.850,109.695000,1.6,2.2
04/13/2025 06:59:31 pm,31.900,90.995000,9.3,3.0,04/13/2025 07:15:14 pm,31.900,109.980000,1.6,2.2
04/13/2025 06:59:31 pm,31.950,91.095000,9.3,3.0,04/13/2025 07:15:14 pm,31.950,110.200000,1.5,2.2
04/13/2025 06:59:32 pm,32.000,91.180000,9.3,3.0,04/13/2025 07:15:15 pm,32.000,110.600000,1.4,2.1
04/13/2025 06:59:32 pm,32.050,91.350000,9.3,3.0,04/13/2025 07:15:15 pm,32.050,111.065000,1.3,2.1
04/13/2025 06:59:32 pm,32.100,91.660000,9.2,3.0,04/13/2025 07:15:15 pm,32.100,111.385000,1.2,2.1
04/13/2025 06:59:32 pm,32.150,91.995000,9.2,3.0,04/13/2025 07:15:15 pm,32.150,111.690000,1.2,2.1
04/13/2025 06:59:32 pm,32.200,92.340000,9.1,3.0,04/13/2025 07:15:15 pm,32.200,112.025000,1.1,2.0
04/13/2025 06:59:32 pm,32.250,92.565000,9.1,3.0,04/13/2025 07:15:15 pm,32.250,112.345000,1.0,2.0
04/13/2025 06:59:32 pm,32.300,92.870000,9.0,3.0,04/13/2025 07:15:15 pm,32.300,112.680000,1.0,2.0
04/13/2025 06:59:32 pm,32.350,93.145000,9.0,3.0,04/13/2025 07:15:15 pm,32.350,113.050000,0.9,2.0
04/13/2025 06:59:32 pm,32.400,93.500000,8.9,2.9,04/13/2025 07:15:15 pm,32.400,113.385000,0.8,1.9
04/13/2025 06:59:32 pm,32.450,93.780000,8.8,2.9,04/13/2025 07:15:15 pm,32.450,113.635000,0.8,1.9
04/13/2025 06:59:32 pm,32.500,93.930000,8.8,2.9,04/13/2025 07:15:15 pm,32.500,113.860000,0.8,1.9
04/13/2025 06:59:32 pm,32.550,94.135000,8.7,2.9,04/13/2025 07:15:15 pm,32.550,114.085000,0.8,1.9
04/13/2025 06:59:32 pm,32.600,94.430000,8.7,2.9,04/13/2025 07:15:15 pm,32.600,114.330000,0.7,1.9
04/13/2025 06:59:32 pm,32.650,94.690000,8.6,2.9,04/13/2025 07:15:15 pm,32.650,114.605000,0.7,1.8
04/13/2025 06:59:32 pm,32.700,94.825000,8.5,2.9,04/13/2025 07:15:15 pm,32.700,114.790000,0.7,1.8
04/13/2025 06:59:32 pm,32.750,94.985000,8.5,2.9,04/13/2025 07:15:15 pm,32.750,114.910000,0.7,1.8
04/13/2025 06:59:32 pm,32.800,95.115000,8.4,2.9,04/13/2025 07:15:15 pm,32.800,115.115000,0.7,1.8
04/13/2025 06:59:32 pm,32.850,95.170000,8.4,2.9,04/13/2025 07:15:15 pm,32.850,115.345000,0.6,1.8
04/13/2025 06:59:32 pm,32.900,95.290000,8.3,2.9,04/13/2025 07:15:15 pm,32.900,115.570000,0.6,1.8
04/13/2025 06:59:32 pm,32.950,95.550000,8.2,2.9,04/13/2025 07:15:15 pm,32.950,115.680000,0.6,1.8
04/13/2025 06:59:33 pm,33.000,95.690000,8.2,2.9,04/13/2025 07:15:16 pm,33.000,115.685000,0.6,1.8
04/13/2025 06:59:33 pm,33.050,95.880000,8.1,2.9,04/13/2025 07:15:16 pm,33.050,115.745000,0.6,1.8
04/13/2025 06:59:33 pm,33.100,95.890000,8.1,2.9,04/13/2025 07:15:16 pm,33.100,115.800000,0.6,1.8
04/13/2025 06:59:33 pm,33.150,95.935000,8.1,2.9,04/13/2025 07:15:16 pm,33.150,115.890000,0.6,1.8
04/13/2025 06:59:33 pm,33.200,96.050000,8.0,2.9,04/13/2025 07:15:16 pm,33.200,115.925000,0.6,1.8
04/13/2025 06:59:33 pm,33.250,96.290000,7.9,2.9,04/13/2025 07:15:16 pm,33.250,115.925000,0.6,1.8
04/13/2025 06:59:33 pm,33.300,96.775000,7.8,2.9,04/13/2025 07:15:16 pm,33.300,115.925000,0.6,1.8
04/13/2025 06:59:33 pm,33.350,97.120000,7.6,2.9,04/13/2025 07:15:16 pm,33.350,115.955000,0.6,1.8
04/13/2025 06:59:33 pm,33.400,97.120000,7.6,2.9,04/13/2025 07:15:16 pm,33.400,116.005000,0.6,1.8
04/13/2025 06:59:33 pm,33.450,97.190000,7.6,2.9,04/13/2025 07:15:16 pm,33.450,116.190000,0.6,1.8
04/13/2025 06:59:33 pm,33.500,97.690000,7.4,2.9,04/13/2025 07:15:16 pm,33.500,116.545000,0.6,1.8
04/13/2025 06:59:33 pm,33.550,98.140000,7.1,2.9,04/13/2025 07:15:16 pm,33.550,116.680000,0.6,1.7
04/13/2025 06:59:33 pm,33.600,98.340000,7.0,2.8,04/13/2025 07:15:16 pm,33.600,116.680000,0.6,1.7
04/13/2025 06:59:33 pm,33.650,98.665000,6.9,2.8,04/13/2025 07:15:16 pm,33.650,116.685000,0.5,1.7
04/13/2025 06:59:33 pm,33.700,98.910000,6.8,2.8,04/13/2025 07:15:16 pm,33.700,116.685000,0.5,1.7
04/13/2025 06:59:33 pm,33.750,99.180000,6.6,2.8,04/13/2025 07:15:16 pm,33.750,116.695000,0.5,1.7
04/13/2025 06:59:33 pm,33.800,99.405000,6.5,2.8,04/13/2025 07:15:16 pm,33.800,117.250000,0.5,1.7
04/13/2025 06:59:33 pm,33.850,99.615000,6.5,2.8,04/13/2025 07:15:16 pm,33.850,117.860000,0.5,1.7
04/13/2025 06:59:33 pm,33.900,99.840000,6.3,2.8,04/13/2025 07:15:16 pm,33.900,117.860000,0.5,1.7
04/13/2025 06:59:33 pm,33.950,100.085000,6.2,2.8,04/13/2025 07:15:16 pm,33.950,117.860000,0.5,1.7
04/13/2025 06:59:34 pm,34.000,100.415000,6.1,2.8,04/13/2025 07:15:17 pm,34.000,118.110000,0.5,1.7
04/13/2025 06:59:34 pm,34.050,100.920000,5.8,2.8,04/13/2025 07:15:17 pm,34.050,118.335000,0.5,1.7
04/13/2025 06:59:34 pm,34.100,101.235000,5.6,2.7,04/13/2025 07:15:17 pm,34.100,118.555000,0.5,1.7
04/13/2025 06:59:34 pm,34.150,101.430000,5.5,2.7,04/13/2025 07:15:17 pm,34.150,118.775000,0.5,1.7
04/13/2025 06:59:34 pm,34.200,101.685000,5.4,2.7,04/13/2025 07:15:17 pm,34.200,119.085000,0.5,1.7
04/13/2025 06:59:34 pm,34.250,101.940000,5.3,2.7,04/13/2025 07:15:17 pm,34.250,119.305000,0.5,1.7
04/13/2025 06:59:34 pm,34.300,102.255000,5.1,2.7,04/13/2025 07:15:17 pm,34.300,119.745000,0.5,1.7
04/13/2025 06:59:34 pm,34.350,102.445000,4.9,2.7,04/13/2025 07:15:17 pm,34.350,120.285000,0.5,1.7
04/13/2025 06:59:34 pm,34.400,102.465000,5.0,2.7,04/13/2025 07:15:17 pm,34.400,120.745000,0.6,1.8
04/13/2025 06:59:34 pm,34.450,102.685000,4.9,2.7,04/13/2025 07:15:17 pm,34.450,120.990000,0.6,1.8
04/13/2025 06:59:34 pm,34.500,102.810000,4.7,2.7,04/13/2025 07:15:17 pm,34.500,121.210000,0.6,1.8
04/13/2025 06:59:34 pm,34.550,102.945000,4.7,2.7,04/13/2025 07:15:17 pm,34.550,121.425000,0.6,1.8
04/13/2025 06:59:34 pm,34.600,103.065000,4.6,2.7,04/13/2025 07:15:17 pm,34.600,121.595000,0.6,1.8
04/13/2025 06:59:34 pm,34.650,103.065000,4.6,2.7,04/13/2025 07:15:17 pm,34.650,121.800000,0.6,1.8
04/13/2025 06:59:34 pm,34.700,103.065000,4.6,2.7,04/13/2025 07:15:17 pm,34.700,122.040000,0.6,1.8
04/13/2025 06:59:34 pm,34.750,103.065000,4.6,2.7,04/13/2025 07:15:17 pm,34.750,122.315000,0.6,1.8
04/13/2025 06:59:34 pm,34.800,103.065000,4.6,2.7,04/13/2025 07:15:17 pm,34.800,122.575000,0.6,1.8
04/13/2025 06:59:34 pm,34.850,103.065000,4.6,2.7,04/13/2025 07:15:17 pm,34.850,122.840000,0.6,1.8
04/13/2025 06:59:34 pm,34.900,103.065000,4.6,2.7,04/13/2025 07:15:17 pm,34.900,123.045000,0.6,1.8
04/13/2025 06:59:34 pm,34.950,103.065000,4.6,2.7,04/13/2025 07:15:17 pm,34.950,123.310000,0.7,1.8
04/13/2025 06:59:35 pm,35.000,103.125000,4.6,2.7,04/13/2025 07:15:18 pm,35.000,123.470000,0.7,1.8
04/13/2025 06:59:35 pm,35.050,103.215000,4.6,2.7,04/13/2025 07:15:18 pm,35.050,123.620000,0.7,1.8
04/13/2025 06:59:35 pm,35.100,103.375000,4.5,2.7,04/13/2025 07:15:18 pm,35.100,123.765000,0.7,1.8
04/13/2025 06:59:35 pm,35.150,103.500000,4.4,2.6,04/13/2025 07:15:18 pm,35.150,123.940000,0.7,1.8
04/13/2025 06:59:35 pm,35.200,103.600000,4.4,2.6,04/13/2025 07:15:18 pm,35.200,124.100000,0.7,1.8
04/13/2025 06:59:35 pm,35.250,103.750000,4.3,2.6,04/13/2025 07:15:18 pm,35.250,124.245000,0.7,1.8
04/13/2025 06:59:35 pm,35.300,103.960000,4.2,2.6,04/13/2025 07:15:18 pm,35.300,124.445000,0.7,1.8
04/13/2025 06:59:35 pm,35.350,104.035000,4.1,2.6,04/13/2025 07:15:18 pm,35.350,124.655000,0.7,1.8
04/13/2025 06:59:35 pm,35.400,104.055000,4.1,2.6,04/13/2025 07:15:18 pm,35.400,124.820000,0.7,1.9
04/13/2025 06:59:35 pm,35.450,104.110000,4.1,2.6,04/13/2025 07:15:18 pm,35.450,124.945000,0.7,1.9
04/13/2025 06:59:35 pm,35.500,104.125000,4.1,2.6,04/13/2025 07:15:18 pm,35.500,125.025000,0.7,1.9
04/13/2025 06:59:35 pm,35.550,104.255000,4.1,2.6,04/13/2025 07:15:18 pm,35.550,125.180000,0.7,1.9
04/13/2025 06:59:35 pm,35.600,104.710000,3.9,2.6,04/13/2025 07:15:18 pm,35.600,125.400000,0.7,1.9
04/13/2025 06:59:35 pm,35.650,105.570000,3.4,2.5,04/13/2025 07:15:18 pm,35.650,125.555000,0.7,1.9
04/13/2025 06:59:35 pm,35.700,105.750000,3.3,2.5,04/13/2025 07:15:18 pm,35.700,125.770000,0.8,1.9
04/13/2025 06:59:35 pm,35.750,105.830000,3.3,2.5,04/13/2025 07:15:18 pm,35.750,125.990000,0.8,1.9
04/13/2025 06:59:35 pm,35.800,105.830000,3.3,2.5,04/13/2025 07:15:18 pm,35.800,126.160000,0.8,1.9
04/13/2025 06:59:35 pm,35.850,105.830000,3.3,2.5,04/13/2025 07:15:18 pm,35.850,126.160000,0.8,1.9
04/13/2025 06:59:35 pm,35.900,105.870000,3.3,2.5,04/13/2025 07:15:18 pm,35.900,126.235000,0.8,1.9
04/13/2025 06:59:35 pm,35.950,106.190000,3.1,2.5,04/13/2025 07:15:18 pm,35.950,126.430000,0.8,1.9
04/13/2025 06:59:36 pm,36.000,106.405000,3.0,2.5,04/13/2025 07:15:19 pm,36.000,126.640000,0.8,1.9
04/13/2025 06:59:36 pm,36.050,106.805000,2.9,2.5,04/13/2025 07:15:19 pm,36.050,126.965000,0.8,1.9
04/13/2025 06:59:36 pm,36.100,107.410000,2.6,2.4,04/13/2025 07:15:19 pm,36.100,127.405000,0.8,1.9
04/13/2025 06:59:36 pm,36.150,107.545000,2.5,2.4,04/13/2025 07:15:19 pm,36.150,127.500000,0.8,1.9
04/13/2025 06:59:36 pm,36.200,107.545000,2.5,2.4,04/13/2025 07:15:19 pm,36.200,127.540000,0.8,1.9
04/13/2025 06:59:36 pm,36.250,107.555000,2.5,2.4,04/13/2025 07:15:19 pm,36.250,127.695000,0.8,1.9
04/13/2025 06:59:36 pm,36.300,107.860000,2.4,2.4,04/13/2025 07:15:19 pm,36.300,127.900000,0.8,1.9
04/13/2025 06:59:36 pm,36.350,108.095000,2.3,2.4,04/13/2025 07:15:19 pm,36.350,128.095000,0.8,1.9
04/13/2025 06:59:36 pm,36.400,108.095000,2.3,2.4,04/13/2025 07:15:19 pm,36.400,128.265000,0.8,1.9
04/13/2025 06:59:36 pm,36.450,108.145000,2.3,2.4,04/13/2025 07:15:19 pm,36.450,128.560000,0.8,1.9
04/13/2025 06:59:36 pm,36.500,108.205000,2.2,2.4,04/13/2025 07:15:19 pm,36.500,128.805000,0.8,1.9
04/13/2025 06:59:36 pm,36.550,108.205000,2.3,2.4,04/13/2025 07:15:19 pm,36.550,129.045000,0.8,1.9
04/13/2025 06:59:36 pm,36.600,108.235000,2.3,2.4,04/13/2025 07:15:19 pm,36.600,129.255000,0.8,1.9
04/13/2025 06:59:36 pm,36.650,108.500000,2.2,2.3,04/13/2025 07:15:19 pm,36.650,129.415000,0.8,1.9
04/13/2025 06:59:36 pm,36.700,108.500000,2.1,2.3,04/13/2025 07:15:19 pm,36.700,129.520000,0.8,1.9
04/13/2025 06:59:36 pm,36.750,108.500000,2.2,2.3,04/13/2025 07:15:19 pm,36.750,129.650000,0.8,1.9
04/13/2025 06:59:36 pm,36.800,108.530000,2.1,2.3,04/13/2025 07:15:19 pm,36.800,129.805000,0.8,1.9
04/13/2025 06:59:36 pm,36.850,108.720000,2.1,2.3,04/13/2025 07:15:19 pm,36.850,129.885000,0.8,1.9
04/13/2025 06:59:36 pm,36.900,108.880000,2.0,2.3,04/13/2025 07:15:19 pm,36.900,130.240000,0.8,1.9
04/13/2025 06:59:36 pm,36.950,109.050000,2.0,2.3,04/13/2025 07:15:19 pm,36.950,130.835000,0.8,1.9
04/13/2025 06:59:37 pm,37.000,109.230000,1.9,2.3,04/13/2025 07:15:20 pm,37.000,131.290000,0.8,1.9
04/13/2025 06:59:37 pm,37.050,109.545000,1.8,2.3,04/13/2025 07:15:20 pm,37.050,131.535000,0.8,1.9
04/13/2025 06:59:37 pm,37.100,109.865000,1.7,2.2,04/13/2025 07:15:20 pm,37.100,131.870000,0.8,1.9
04/13/2025 06:59:37 pm,37.150,110.150000,1.7,2.2,04/13/2025 07:15:20 pm,37.150,132.075000,0.8,1.9
04/13/2025 06:59:37 pm,37.200,110.510000,1.5,2.2,04/13/2025 07:15:20 pm,37.200,132.370000,0.8,1.9
04/13/2025 06:59:37 pm,37.250,110.820000,1.5,2.2,04/13/2025 07:15:20 pm,37.250,132.680000,0.8,1.9
04/13/2025 06:59:37 pm,37.300,111.155000,1.4,2.1,04/13/2025 07:15:20 pm,37.300,132.900000,0.8,1.9
04/13/2025 06:59:37 pm,37.350,111.440000,1.3,2.1,04/13/2025 07:15:20 pm,37.350,133.190000,0.8,1.9
04/13/2025 06:59:37 pm,37.400,111.680000,1.2,2.1,04/13/2025 07:15:20 pm,37.400,133.430000,0.8,1.9
04/13/2025 06:59:37 pm,37.450,111.995000,1.2,2.1,04/13/2025 07:15:20 pm,37.450,133.645000,0.8,1.9
04/13/2025 06:59:37 pm,37.500,112.290000,1.1,2.0,04/13/2025 07:15:20 pm,37.500,133.865000,0.8,1.9
04/13/2025 06:59:37 pm,37.550,112.625000,1.0,2.0,04/13/2025 07:15:20 pm,37.550,134.000000,0.8,1.9
04/13/2025 06:59:37 pm,37.600,112.880000,1.0,2.0,04/13/2025 07:15:20 pm,37.600,134.220000,0.8,1.9
04/13/2025 06:59:37 pm,37.650,113.035000,1.0,2.0,04/13/2025 07:15:20 pm,37.650,134.525000,0.8,1.9
04/13/2025 06:59:37 pm,37.700,113.240000,0.9,2.0,04/13/2025 07:15:20 pm,37.700,134.780000,0.8,1.9
04/13/2025 06:59:37 pm,37.750,113.445000,0.9,1.9,04/13/2025 07:15:20 pm,37.750,135.010000,0.7,1.9
04/13/2025 06:59:37 pm,37.800,113.770000,0.8,1.9,04/13/2025 07:15:20 pm,37.800,135.125000,0.7,1.9
04/13/2025 06:59:37 pm,37.850,113.960000,0.8,1.9,04/13/2025 07:15:20 pm,37.850,135.270000,0.7,1.9
04/13/2025 06:59:37 pm,37.900,114.130000,0.8,1.9,04/13/2025 07:15:20 pm,37.900,135.385000,0.7,1.9
04/13/2025 06:59:37 pm,37.950,114.305000,0.8,1.9,04/13/2025 07:15:20 pm,37.950,135.535000,0.7,1.9
04/13/2025 06:59:38 pm,38.000,114.470000,0.8,1.9,04/13/2025 07:15:21 pm,38.000,135.625000,0.7,1.9
04/13/2025 06:59:38 pm,38.050,114.600000,0.7,1.9,04/13/2025 07:15:21 pm,38.050,135.735000,0.7,1.9
04/13/2025 06:59:38 pm,38.100,114.730000,0.7,1.9,04/13/2025 07:15:21 pm,38.100,135.925000,0.7,1.8
04/13/2025 06:59:38 pm,38.150,114.915000,0.7,1.8,04/13/2025 07:15:21 pm,38.150,135.995000,0.7,1.8
04/13/2025 06:59:38 pm,38.200,115.065000,0.7,1.8,04/13/2025 07:15:21 pm,38.200,136.025000,0.7,1.8
04/13/2025 06:59:38 pm,38.250,115.345000,0.6,1.8,04/13/2025 07:15:21 pm,38.250,136.030000,0.7,1.8
04/13/2025 06:59:38 pm,38.300,115.825000,0.6,1.8,04/13/2025 07:15:21 pm,38.300,136.090000,0.7,1.8
04/13/2025 06:59:38 pm,38.350,115.975000,0.6,1.8,04/13/2025 07:15:21 pm,38.350,136.095000,0.7,1.8
04/13/2025 06:59:38 pm,38.400,116.000000,0.6,1.8,04/13/2025 07:15:21 pm,38.400,136.260000,0.7,1.8
04/13/2025 06:59:38 pm,38.450,116.115000,0.6,1.7,04/13/2025 07:15:21 pm,38.450,136.940000,0.7,1.8
04/13/2025 06:59:38 pm,38.500,116.380000,0.5,1.7,04/13/2025 07:15:21 pm,38.500,137.425000,0.6,1.8
04/13/2025 06:59:38 pm,38.550,116.865000,0.5,1.7,04/13/2025 07:15:21 pm,38.550,137.535000,0.6,1.8
04/13/2025 06:59:38 pm,38.600,117.430000,0.5,1.7,04/13/2025 07:15:21 pm,38.600,137.535000,0.6,1.8
04/13/2025 06:59:38 pm,38.650,117.510000,0.5,1.7,04/13/2025 07:15:21 pm,38.650,137.535000,0.6,1.8
04/13/2025 06:59:38 pm,38.700,117.550000,0.5,1.7,04/13/2025 07:15:21 pm,38.700,137.535000,0.6,1.8
04/13/2025 06:59:38 pm,38.750,118.055000,0.5,1.7,04/13/2025 07:15:21 pm,38.750,137.535000,0.6,1.8
04/13/2025 06:59:38 pm,38.800,118.210000,0.5,1.7,04/13/2025 07:15:21 pm,38.800,137.570000,0.6,1.8
04/13/2025 06:59:38 pm,38.850,118.450000,0.5,1.7,04/13/2025 07:15:21 pm,38.850,138.035000,0.6,1.8
04/13/2025 06:59:38 pm,38.900,118.750000,0.5,1.7,04/13/2025 07:15:21 pm,38.900,138.345000,0.6,1.8
04/13/2025 06:59:38 pm,38.950,118.920000,0.5,1.7,04/13/2025 07:15:21 pm,38.950,138.505000,0.6,1.8
04/13/2025 06:59:39 pm,39.000,119.315000,0.5,1.7,04/13/2025 07:15:22 pm,39.000,138.625000,0.6,1.8
04/13/2025 06:59:39 pm,39.050,119.465000,0.5,1.7,04/13/2025 07:15:22 pm,39.050,138.935000,0.6,1.8
04/13/2025 06:59:39 pm,39.100,119.760000,0.5,1.7,04/13/2025 07:15:22 pm,39.100,139.205000,0.6,1.8
04/13/2025 06:59:39 pm,39.150,120.090000,0.5,1.7,04/13/2025 07:15:22 pm,39.150,139.420000,0.6,1.8
04/13/2025 06:59:39 pm,39.200,120.495000,0.5,1.7,04/13/2025 07:15:22 pm,39.200,139.730000,0.6,1.8
04/13/2025 06:59:39 pm,39.250,120.825000,0.5,1.7,04/13/2025 07:15:22 pm,39.250,140.035000,0.6,1.8
04/13/2025 06:59:39 pm,39.300,121.085000,0.5,1.7,04/13/2025 07:15:22 pm,39.300,140.245000,0.6,1.8
04/13/2025 06:59:39 pm,39.350,121.565000,0.5,1.7,04/13/2025 07:15:22 pm,39.350,140.540000,0.6,1.8
04/13/2025 06:59:39 pm,39.400,121.905000,0.5,1.7,04/13/2025 07:15:22 pm,39.400,140.975000,0.6,1.7
04/13/2025 06:59:39 pm,39.450,122.130000,0.5,1.7,04/13/2025 07:15:22 pm,39.450,141.355000,0.5,1.7
04/13/2025 06:59:39 pm,39.500,122.470000,0.5,1.7,04/13/2025 07:15:22 pm,39.500,141.635000,0.5,1.7
04/13/2025 06:59:39 pm,39.550,122.810000,0.6,1.7,04/13/2025 07:15:22 pm,39.550,141.870000,0.5,1.7
04/13/2025 06:59:39 pm,39.600,123.095000,0.6,1.7,04/13/2025 07:15:22 pm,39.600,142.105000,0.5,1.7
04/13/2025 06:59:39 pm,39.650,123.475000,0.6,1.8,04/13/2025 07:15:22 pm,39.650,142.360000,0.5,1.7
04/13/2025 06:59:39 pm,39.700,123.725000,0.6,1.8,04/13/2025 07:15:22 pm,39.700,142.740000,0.5,1.7
04/13/2025 06:59:39 pm,39.750,123.965000,0.6,1.8,04/13/2025 07:15:22 pm,39.750,143.105000,0.5,1.7
04/13/2025 06:59:39 pm,39.800,124.120000,0.6,1.8,04/13/2025 07:15:22 pm,39.800,143.430000,0.5,1.7
04/13/2025 06:59:39 pm,39.850,124.260000,0.6,1.8,04/13/2025 07:15:22 pm,39.850,143.655000,0.5,1.7
04/13/2025 06:59:39 pm,39.900,124.495000,0.6,1.8,04/13/2025 07:15:22 pm,39.900,144.055000,0.5,1.7
04/13/2025 06:59:39 pm,39.950,124.560000,0.6,1.8,04/13/2025 07:15:22 pm,39.950,144.315000,0.5,1.7
04/13/2025 06:59:40 pm,40.000,124.640000,0.6,1.8,04/13/2025 07:15:23 pm,40.000,144.620000,0.5,1.7
04/13/2025 06:59:40 pm,40.050,124.730000,0.6,1.8,04/13/2025 07:15:23 pm,40.050,144.805000,0.5,1.7
04/13/2025 06:59:40 pm,40.100,124.835000,0.6,1.8,04/13/2025 07:15:23 pm,40.100,144.940000,0.5,1.7
04/13/2025 06:59:40 pm,40.150,124.915000,0.6,1.8,04/13/2025 07:15:23 pm,40.150,145.195000,0.5,1.7
04/13/2025 06:59:40 pm,40.200,124.980000,0.6,1.8,04/13/2025 07:15:23 pm,40.200,145.505000,0.5,1.7
04/13/2025 06:59:40 pm,40.250,125.060000,0.6,1.8,04/13/2025 07:15:23 pm,40.250,145.820000,0.5,1.7
04/13/2025 06:59:40 pm,40.300,125.170000,0.6,1.8,04/13/2025 07:15:23 pm,40.300,146.335000,0.5,1.7
04/13/2025 06:59:40 pm,40.350,125.330000,0.7,1.8,04/13/2025 07:15:23 pm,40.350,146.585000,0.5,1.7
04/13/2025 06:59:40 pm,40.400,125.745000,0.7,1.8,04/13/2025 07:15:23 pm,40.400,146.585000,0.5,1.7
04/13/2025 06:59:40 pm,40.450,125.900000,0.7,1.8,04/13/2025 07:15:23 pm,40.450,146.600000,0.5,1.7
04/13/2025 06:59:40 pm,40.500,125.900000,0.7,1.8,04/13/2025 07:15:23 pm,40.500,146.850000,0.5,1.7
04/13/2025 06:59:40 pm,40.550,125.900000,0.7,1.8,04/13/2025 07:15:23 pm,40.550,146.925000,0.5,1.7
04/13/2025 06:59:40 pm,40.600,125.900000,0.7,1.8,04/13/2025 07:15:23 pm,40.600,147.115000,0.5,1.7
04/13/2025 06:59:40 pm,40.650,125.900000,0.7,1.8,04/13/2025 07:15:23 pm,40.650,147.710000,0.5,1.7
04/13/2025 06:59:40 pm,40.700,125.900000,0.7,1.8,04/13/2025 07:15:23 pm,40.700,147.910000,0.5,1.7
04/13/2025 06:59:40 pm,40.750,125.900000,0.7,1.8,04/13/2025 07:15:23 pm,40.750,148.080000,0.5,1.7
04/13/2025 06:59:40 pm,40.800,125.905000,0.7,1.8,04/13/2025 07:15:23 pm,40.800,148.285000,0.5,1.7
04/13/2025 06:59:40 pm,40.850,126.210000,0.7,1.8,04/13/2025 07:15:23 pm,40.850,148.425000,0.5,1.7
04/13/2025 06:59:40 pm,40.900,126.860000,0.7,1.8,04/13/2025 07:15:23 pm,40.900,148.545000,0.5,1.7
04/13/2025 06:59:40 pm,40.950,127.110000,0.7,1.9,04/13/2025 07:15:23 pm,40.950,148.925000,0.5,1.7
04/13/2025 06:59:41 pm,41.000,127.110000,0.7,1.8,04/13/2025 07:15:24 pm,41.000,149.310000,0.5,1.7
04/13/2025 06:59:41 pm,41.050,127.110000,0.7,1.9,04/13/2025 07:15:24 pm,41.050,149.470000,0.5,1.7
04/13/2025 06:59:41 pm,41.100,127.110000,0.7,1.9,04/13/2025 07:15:24 pm,41.100,149.785000,0.5,1.7
04/13/2025 06:59:41 pm,41.150,127.115000,0.7,1.9,04/13/2025 07:15:24 pm,41.150,150.270000,0.5,1.7
04/13/2025 06:59:41 pm,41.200,127.320000,0.7,1.9,04/13/2025 07:15:24 pm,41.200,150.625000,0.5,1.7
04/13/2025 06:59:41 pm,41.250,127.970000,0.7,1.9,04/13/2025 07:15:24 pm,41.250,150.660000,0.5,1.7
04/13/2025 06:59:41 pm,41.300,128.270000,0.7,1.9,04/13/2025 07:15:24 pm,41.300,150.675000,0.5,1.7
04/13/2025 06:59:41 pm,41.350,128.440000,0.7,1.9,04/13/2025 07:15:24 pm,41.350,150.675000,0.5,1.7
04/13/2025 06:59:41 pm,41.400,128.775000,0.7,1.9,04/13/2025 07:15:24 pm,41.400,150.675000,0.5,1.7
04/13/2025 06:59:41 pm,41.450,129.075000,0.8,1.9,04/13/2025 07:15:24 pm,41.450,150.685000,0.5,1.7
04/13/2025 06:59:41 pm,41.500,129.285000,0.7,1.9,04/13/2025 07:15:24 pm,41.500,150.685000,0.5,1.7
04/13/2025 06:59:41 pm,41.550,129.520000,0.8,1.9,04/13/2025 07:15:24 pm,41.550,150.695000,0.5,1.7
04/13/2025 06:59:41 pm,41.600,129.650000,0.8,1.9,04/13/2025 07:15:24 pm,41.600,150.695000,0.5,1.7
04/13/2025 06:59:41 pm,41.650,129.745000,0.8,1.9,04/13/2025 07:15:24 pm,41.650,150.695000,0.5,1.7
04/13/2025 06:59:41 pm,41.700,129.815000,0.8,1.9,04/13/2025 07:15:24 pm,41.700,150.695000,0.5,1.7
04/13/2025 06:59:41 pm,41.750,129.990000,0.8,1.9,04/13/2025 07:15:24 pm,41.750,150.695000,0.5,1.7
04/13/2025 06:59:41 pm,41.800,130.395000,0.8,1.9,04/13/2025 07:15:24 pm,41.800,150.700000,0.5,1.7
04/13/2025 06:59:41 pm,41.850,131.050000,0.8,1.9,04/13/2025 07:15:24 pm,41.850,150.700000,0.5,1.7
04/13/2025 06:59:41 pm,41.900,131.475000,0.8,1.9,04/13/2025 07:15:24 pm,41.900,150.700000,0.5,1.7
04/13/2025 06:59:41 pm,41.950,131.780000,0.8,1.9,04/13/2025 07:15:24 pm,41.950,150.705000,0.5,1.7
04/13/2025 06:59:42 pm,42.000,132.135000,0.8,1.9,04/13/2025 07:15:25 pm,42.000,150.705000,0.5,1.7
04/13/2025 06:59:42 pm,42.050,132.420000,0.8,1.9,04/13/2025 07:15:25 pm,42.050,150.705000,0.5,1.7
04/13/2025 06:59:42 pm,42.100,132.690000,0.8,1.9,04/13/2025 07:15:25 pm,42.100,150.705000,0.5,1.7
04/13/2025 06:59:42 pm,42.150,132.985000,0.7,1.9,04/13/2025 07:15:25 pm,42.150,150.705000,0.5,1.7
04/13/2025 06:59:42 pm,42.200,133.185000,0.7,1.9,04/13/2025 07:15:25 pm,42.200,150.705000,0.5,1.7
04/13/2025 06:59:42 pm,42.250,133.435000,0.7,1.9,04/13/2025 07:15:25 pm,42.250,150.705000,0.5,1.7
04/13/2025 06:59:42 pm,42.300,133.715000,0.7,1.9,04/13/2025 07:15:25 pm,42.300,150.705000,0.5,1.7
04/13/2025 06:59:42 pm,42.350,133.795000,0.7,1.9,04/13/2025 07:15:25 pm,42.350,150.700000,0.5,1.7
04/13/2025 06:59:42 pm,42.400,133.995000,0.7,1.9,04/13/2025 07:15:25 pm,42.400,150.685000,0.5,1.7
04/13/2025 06:59:42 pm,42.450,134.255000,0.7,1.9,04/13/2025 07:15:25 pm,42.450,150.680000,0.5,1.7
04/13/2025 06:59:42 pm,42.500,134.370000,0.7,1.8,04/13/2025 07:15:25 pm,42.500,150.665000,0.5,1.7
04/13/2025 06:59:42 pm,42.550,134.445000,0.7,1.9,04/13/2025 07:15:25 pm,42.550,150.665000,0.5,1.7
04/13/2025 06:59:42 pm,42.600,134.585000,0.7,1.8,04/13/2025 07:15:25 pm,42.600,150.665000,0.5,1.7
04/13/2025 06:59:42 pm,42.650,134.730000,0.7,1.8,04/13/2025 07:15:25 pm,42.650,150.665000,0.5,1.7
04/13/2025 06:59:42 pm,42.700,134.850000,0.7,1.8,04/13/2025 07:15:25 pm,42.700,150.660000,0.5,1.7
04/13/2025 06:59:42 pm,42.750,135.045000,0.7,1.8,04/13/2025 07:15:25 pm,42.750,150.645000,0.5,1.7
04/13/2025 06:59:42 pm,42.800,135.415000,0.7,1.8,04/13/2025 07:15:25 pm,42.800,150.645000,0.5,1.7
04/13/2025 06:59:42 pm,42.850,135.705000,0.7,1.8,04/13/2025 07:15:25 pm,42.850,150.645000,0.5,1.7
04/13/2025 06:59:42 pm,42.900,135.880000,0.7,1.8,04/13/2025 07:15:25 pm,42.900,150.645000,0.5,1.7
04/13/2025 06:59:42 pm,42.950,136.080000,0.7,1.8,04/13/2025 07:15:25 pm,42.950,150.645000,0.5,1.7
04/13/2025 06:59:43 pm,43.000,136.465000,0.6,1.8,04/13/2025 07:15:26 pm,43.000,150.645000,0.5,1.7
04/13/2025 06:59:43 pm,43.050,136.570000,0.6,1.8,04/13/2025 07:15:26 pm,43.050,150.645000,0.5,1.7
04/13/2025 06:59:43 pm,43.100,136.955000,0.6,1.8,04/13/2025 07:15:26 pm,43.100,150.645000,0.5,1.7
04/13/2025 06:59:43 pm,43.150,137.295000,0.6,1.8,04/13/2025 07:15:26 pm,43.150,150.645000,0.5,1.7
04/13/2025 06:59:43 pm,43.200,137.565000,0.6,1.8,04/13/2025 07:15:26 pm,43.200,150.645000,0.5,1.7
04/13/2025 06:59:43 pm,43.250,137.870000,0.6,1.8,04/13/2025 07:15:26 pm,43.250,150.645000,0.5,1.7
04/13/2025 06:59:43 pm,43.300,138.205000,0.6,1.8,04/13/2025 07:15:26 pm,43.300,150.645000,0.5,1.7
04/13/2025 06:59:43 pm,43.350,138.575000,0.6,1.8,04/13/2025 07:15:26 pm,43.350,150.645000,0.5,1.7
04/13/2025 06:59:43 pm,43.400,138.920000,0.6,1.8,04/13/2025 07:15:26 pm,43.400,150.645000,0.5,1.7
04/13/2025 06:59:43 pm,43.450,139.155000,0.6,1.7,04/13/2025 07:15:26 pm,43.450,150.645000,0.5,1.7
04/13/2025 06:59:43 pm,43.500,139.480000,0.6,1.7,04/13/2025 07:15:26 pm,43.500,150.645000,0.5,1.7
04/13/2025 06:59:43 pm,43.550,139.810000,0.6,1.7,04/13/2025 07:15:26 pm,43.550,150.645000,0.5,1.7
04/13/2025 06:59:43 pm,43.600,140.175000,0.5,1.7,04/13/2025 07:15:26 pm,43.600,150.645000,0.5,1.7
04/13/2025 06:59:43 pm,43.650,140.560000,0.5,1.7,04/13/2025 07:15:26 pm,43.650,150.645000,0.5,1.7
04/13/2025 06:59:43 pm,43.700,140.815000,0.5,1.7,04/13/2025 07:15:26 pm,43.700,150.645000,0.5,1.7
04/13/2025 06:59:43 pm,43.750,141.055000,0.5,1.7,04/13/2025 07:15:26 pm,43.750,150.645000,0.5,1.7
04/13/2025 06:59:43 pm,43.800,141.460000,0.5,1.7,04/13/2025 07:15:26 pm,43.800,150.645000,0.5,1.7
04/13/2025 06:59:43 pm,43.850,141.830000,0.5,1.7,04/13/2025 07:15:26 pm,43.850,150.645000,0.5,1.7
04/13/2025 06:59:43 pm,43.900,142.235000,0.5,1.7,04/13/2025 07:15:26 pm,43.900,150.645000,0.5,1.7
04/13/2025 06:59:43 pm,43.950,142.545000,0.5,1.7,04/13/2025 07:15:26 pm,43.950,150.645000,0.5,1.7
04/13/2025 06:59:44 pm,44.000,142.820000,0.5,1.7,04/13/2025 07:15:27 pm,44.000,150.645000,0.5,1.7
04/13/2025 06:59:44 pm,44.050,143.090000,0.5,1.7,04/13/2025 07:15:27 pm,44.050,150.645000,0.5,1.7
04/13/2025 06:59:44 pm,44.100,143.345000,0.5,1.7,04/13/2025 07:15:27 pm,44.100,150.645000,0.5,1.7
04/13/2025 06:59:44 pm,44.150,143.680000,0.5,1.7,04/13/2025 07:15:27 pm,44.150,150.645000,0.5,1.7
04/13/2025 06:59:44 pm,44.200,144.040000,0.5,1.7,04/13/2025 07:15:27 pm,44.200,150.645000,0.5,1.7
04/13/2025 06:59:44 pm,44.250,144.245000,0.4,1.7,04/13/2025 07:15:27 pm,44.250,150.645000,0.5,1.7
04/13/2025 06:59:44 pm,44.300,144.445000,0.5,1.7,04/13/2025 07:15:27 pm,44.300,150.645000,0.5,1.7
04/13/2025 06:59:44 pm,44.350,144.775000,0.4,1.7,04/13/2025 07:15:27 pm,44.350,150.645000,0.5,1.7
04/13/2025 06:59:44 pm,44.400,145.045000,0.4,1.6,04/13/2025 07:15:27 pm,44.400,150.645000,0.5,1.7
04/13/2025 06:59:44 pm,44.450,145.100000,0.4,1.7,04/13/2025 07:15:27 pm,44.450,150.645000,0.5,1.7
04/13/2025 06:59:44 pm,44.500,145.295000,0.4,1.6,04/13/2025 07:15:27 pm,44.500,150.645000,0.5,1.7
04/13/2025 06:59:44 pm,44.550,145.530000,0.4,1.6,04/13/2025 07:15:27 pm,44.550,150.645000,0.5,1.7
04/13/2025 06:59:44 pm,44.600,145.925000,0.4,1.6,04/13/2025 07:15:27 pm,44.600,150.645000,0.5,1.7
04/13/2025 06:59:44 pm,44.650,146.380000,0.4,1.6,04/13/2025 07:15:27 pm,44.650,150.645000,0.5,1.7
04/13/2025 06:59:44 pm,44.700,146.465000,0.4,1.6,04/13/2025 07:15:27 pm,44.700,150.645000,0.5,1.7
04/13/2025 06:59:44 pm,44.750,146.540000,0.4,1.6,04/13/2025 07:15:27 pm,44.750,150.645000,0.5,1.7
04/13/2025 06:59:44 pm,44.800,146.870000,0.4,1.6,04/13/2025 07:15:27 pm,44.800,150.645000,0.5,1.7
04/13/2025 06:59:44 pm,44.850,147.295000,0.4,1.6,04/13/2025 07:15:27 pm,44.850,150.645000,0.5,1.7
04/13/2025 06:59:44 pm,44.900,147.595000,0.4,1.6,04/13/2025 07:15:27 pm,44.900,150.645000,0.5,1.7
04/13/2025 06:59:44 pm,44.950,147.900000,0.4,1.6,04/13/2025 07:15:27 pm,44.950,150.645000,0.5,1.7
04/13/2025 06:59:45 pm,45.000,148.210000,0.4,1.6,04/13/2025 07:15:28 pm,45.000,150.645000,0.5,1.7
04/13/2025 06:59:45 pm,45.050,148.485000,0.4,1.6,04/13/2025 07:15:28 pm,45.050,150.645000,0.5,1.7
04/13/2025 06:59:45 pm,45.100,148.740000,0.4,1.6,04/13/2025 07:15:28 pm,45.100,150.645000,0.5,1.7
04/13/2025 06:59:45 pm,45.150,149.075000,0.4,1.6,04/13/2025 07:15:28 pm,45.150,150.645000,0.5,1.7
04/13/2025 06:59:45 pm,45.200,149.490000,0.4,1.6,04/13/2025 07:15:28 pm,45.200,150.645000,0.5,1.7
04/13/2025 06:59:45 pm,45.250,149.795000,0.4,1.6,04/13/2025 07:15:28 pm,45.250,150.645000,0.5,1.7
04/13/2025 06:59:45 pm,45.300,150.005000,0.5,1.7,04/13/2025 07:15:28 pm,45.300,150.645000,0.5,1.7
04/13/2025 06:59:45 pm,45.350,150.175000,0.4,1.6,04/13/2025 07:15:28 pm,45.350,150.645000,0.5,1.7
04/13/2025 06:59:45 pm,45.400,150.425000,0.5,1.7,04/13/2025 07:15:28 pm,45.400,150.645000,0.5,1.7
04/13/2025 06:59:45 pm,45.450,150.605000,0.5,1.7,04/13/2025 07:15:28 pm,45.450,150.645000,0.5,1.7
04/13/2025 06:59:45 pm,45.500,150.615000,0.5,1.7,04/13/2025 07:15:28 pm,45.500,150.645000,0.5,1.7
04/13/2025 06:59:45 pm,45.550,150.640000,0.5,1.7,04/13/2025 07:15:28 pm,45.550,150.645000,0.5,1.7
04/13/2025 06:59:45 pm,45.600,150.640000,0.5,1.7,04/13/2025 07:15:28 pm,45.600,150.645000,0.5,1.7
04/13/2025 06:59:45 pm,45.650,150.650000,0.4,1.7,04/13/2025 07:15:28 pm,45.650,150.645000,0.5,1.7
04/13/2025 06:59:45 pm,45.700,150.665000,0.5,1.7,04/13/2025 07:15:28 pm,45.700,150.645000,0.5,1.7
04/13/2025 06:59:45 pm,45.750,150.670000,0.5,1.7,04/13/2025 07:15:28 pm,45.750,150.645000,0.5,1.7
04/13/2025 06:59:45 pm,45.800,150.675000,0.5,1.7,04/13/2025 07:15:28 pm,45.800,150.645000,0.5,1.7
04/13/2025 06:59:45 pm,45.850,150.685000,0.4,1.7,04/13/2025 07:15:28 pm,45.850,150.645000,0.5,1.7
04/13/2025 06:59:45 pm,45.900,150.685000,0.5,1.7,04/13/2025 07:15:28 pm,45.900,150.645000,0.5,1.7
04/13/2025 06:59:45 pm,45.950,150.690000,0.4,1.7,04/13/2025 07:15:28 pm,45.950,150.645000,0.5,1.7
04/13/2025 06:59:46 pm,46.000,150.705000,0.4,1.7,04/13/2025 07:15:29 pm,46.000,150.645000,0.5,1.7
04/13/2025 06:59:46 pm,46.050,150.710000,0.5,1.7,04/13/2025 07:15:29 pm,46.050,150.645000,0.5,1.7
04/13/2025 06:59:46 pm,46.100,150.735000,0.5,1.7,04/13/2025 07:15:29 pm,46.100,150.645000,0.5,1.7
04/13/2025 06:59:46 pm,46.150,150.735000,0.5,1.7,04/13/2025 07:15:29 pm,46.150,150.645000,0.5,1.7
04/13/2025 06:59:46 pm,46.200,150.735000,0.4,1.7,04/13/2025 07:15:29 pm,46.200,150.645000,0.5,1.7
04/13/2025 06:59:46 pm,46.250,150.735000,0.5,1.7,04/13/2025 07:15:29 pm,46.250,150.645000,0.5,1.7
04/13/2025 06:59:46 pm,46.300,150.735000,0.4,1.7,04/13/2025 07:15:29 pm,46.300,150.645000,0.5,1.7
04/13/2025 06:59:46 pm,46.350,150.735000,0.5,1.7,04/13/2025 07:15:29 pm,46.350,150.645000,0.5,1.7
04/13/2025 06:59:46 pm,46.400,150.735000,0.5,1.7,04/13/2025 07:15:29 pm,46.400,150.645000,0.5,1.7
04/13/2025 06:59:46 pm,46.450,150.730000,0.5,1.7,04/13/2025 07:15:29 pm,46.450,150.645000,0.5,1.7
04/13/2025 06:59:46 pm,46.500,150.730000,0.4,1.6,04/13/2025 07:15:29 pm,46.500,150.645000,0.5,1.7
04/13/2025 06:59:46 pm,46.550,150.730000,0.4,1.6,04/13/2025 07:15:29 pm,46.550,150.645000,0.5,1.7
04/13/2025 06:59:46 pm,46.600,150.730000,0.5,1.7,04/13/2025 07:15:29 pm,46.600,150.645000,0.5,1.7
04/13/2025 06:59:46 pm,46.650,150.730000,0.4,1.6,04/13/2025 07:15:29 pm,46.650,150.645000,0.5,1.7
04/13/2025 06:59:46 pm,46.700,150.730000,0.5,1.7,04/13/2025 07:15:29 pm,46.700,150.645000,0.5,1.7
04/13/2025 06:59:46 pm,46.750,150.730000,0.5,1.7,04/13/2025 07:15:29 pm,46.750,150.645000,0.5,1.7
04/13/2025 06:59:46 pm,46.800,150.730000,0.5,1.7,04/13/2025 07:15:29 pm,46.800,150.645000,0.5,1.7
04/13/2025 06:59:46 pm,46.850,150.730000,0.5,1.7,04/13/2025 07:15:29 pm,46.850,150.645000,0.5,1.7
04/13/2025 06:59:46 pm,46.900,150.730000,0.5,1.7,04/13/2025 07:15:29 pm,46.900,150.645000,0.5,1.7
04/13/2025 06:59:46 pm,46.950,150.730000,0.5,1.7,04/13/2025 07:15:29 pm,46.950,150.645000,0.5,1.7
04/13/2025 06:59:47 pm,47.000,150.730000,0.5,1.7,04/13/2025 07:15:30 pm,47.000,150.645000,0.5,1.7
04/13/2025 06:59:47 pm,47.050,150.730000,0.5,1.7,04/13/2025 07:15:30 pm,47.050,150.645000,0.5,1.7
04/13/2025 06:59:47 pm,47.100,150.730000,0.5,1.7,04/13/2025 07:15:30 pm,47.100,150.645000,0.5,1.7
04/13/2025 06:59:47 pm,47.150,150.730000,0.5,1.7,04/13/2025 07:15:30 pm,47.150,150.645000,0.5,1.7
04/13/2025 06:59:47 pm,47.200,150.730000,0.5,1.7,04/13/2025 07:15:30 pm,47.200,150.645000,0.5,1.7
04/13/2025 06:59:47 pm,47.250,150.730000,0.4,1.7,04/13/2025 07:15:30 pm,47.250,150.645000,0.5,1.7
04/13/2025 06:59:47 pm,47.300,150.730000,0.4,1.7,04/13/2025 07:15:30 pm,47.300,150.645000,0.5,1.7
04/13/2025 06:59:47 pm,47.350,150.730000,0.5,1.7,04/13/2025 07:15:30 pm,47.350,150.645000,0.5,1.7
04/13/2025 06:59:47 pm,47.400,150.730000,0.5,1.7,04/13/2025 07:15:30 pm,47.400,150.645000,0.5,1.7
04/13/2025 06:59:47 pm,47.450,150.730000,0.4,1.6,04/13/2025 07:15:30 pm,47.450,150.645000,0.5,1.7
04/13/2025 06:59:47 pm,47.500,150.730000,0.5,1.7,04/13/2025 07:15:30 pm,47.500,150.645000,0.5,1.7
04/13/2025 06:59:47 pm,47.550,150.730000,0.5,1.7,04/13/2025 07:15:30 pm,47.550,150.645000,0.5,1.7
04/13/2025 06:59:47 pm,47.600,150.730000,0.5,1.7,04/13/2025 07:15:30 pm,47.600,150.645000,0.5,1.7
04/13/2025 06:59:47 pm,47.650,150.730000,0.5,1.7,04/13/2025 07:15:30 pm,47.650,150.645000,0.5,1.7
04/13/2025 06:59:47 pm,47.700,150.730000,0.5,1.7,04/13/2025 07:15:30 pm,47.700,150.645000,0.5,1.7
04/13/2025 06:59:47 pm,47.750,150.730000,0.5,1.7,04/13/2025 07:15:30 pm,47.750,150.645000,0.5,1.7
04/13/2025 06:59:47 pm,47.800,150.730000,0.5,1.7,04/13/2025 07:15:30 pm,47.800,150.645000,0.5,1.7
04/13/2025 06:59:47 pm,47.850,150.730000,0.5,1.7,04/13/2025 07:15:30 pm,47.850,150.645000,0.5,1.7
04/13/2025 06:59:47 pm,47.900,150.730000,0.5,1.7,04/13/2025 07:15:30 pm,47.900,150.645000,0.5,1.7
04/13/2025 06:59:47 pm,47.950,150.730000,0.4,1.7,04/13/2025 07:15:30 pm,47.950,150.645000,0.5,1.7
04/13/2025 06:59:48 pm,48.000,150.730000,0.5,1.7,04/13/2025 07:15:31 pm,48.000,150.645000,0.5,1.7
04/13/2025 06:59:48 pm,48.050,150.730000,0.4,1.7,04/13/2025 07:15:31 pm,48.050,150.645000,0.5,1.7
04/13/2025 06:59:48 pm,48.100,150.730000,0.5,1.7,04/13/2025 07:15:31 pm,48.100,150.645000,0.5,1.7
04/13/2025 06:59:48 pm,48.150,150.730000,0.5,1.7,04/13/2025 07:15:31 pm,48.150,150.645000,0.5,1.7
04/13/2025 06:59:48 pm,48.200,150.730000,0.5,1.7,04/13/2025 07:15:31 pm,48.200,150.645000,0.5,1.7
04/13/2025 06:59:48 pm,48.250,150.730000,0.5,1.7,04/13/2025 07:15:31 pm,48.250,150.645000,0.5,1.7
04/13/2025 06:59:48 pm,48.300,150.730000,0.5,1.7,04/13/2025 07:15:31 pm,48.300,150.645000,0.5,1.7
04/13/2025 06:59:48 pm,48.350,150.730000,0.5,1.7,04/13/2025 07:15:31 pm,48.350,150.645000,0.5,1.7
04/13/2025 06:59:48 pm,48.400,150.730000,0.4,1.7,04/13/2025 07:15:31 pm,48.400,150.645000,0.5,1.7
04/13/2025 06:59:48 pm,48.450,150.730000,0.5,1.7,04/13/2025 07:15:31 pm,48.450,150.645000,0.5,1.7
04/13/2025 06:59:48 pm,48.500,150.730000,0.5,1.7,04/13/2025 07:15:31 pm,48.500,150.645000,0.5,1.7
04/13/2025 06:59:48 pm,48.550,150.730000,0.5,1.7,04/13/2025 07:15:31 pm,48.550,150.645000,0.5,1.7
04/13/2025 06:59:48 pm,48.600,150.730000,0.5,1.7,04/13/2025 07:15:31 pm,48.600,150.645000,0.5,1.7
04/13/2025 06:59:48 pm,48.650,150.730000,0.5,1.7,04/13/2025 07:15:31 pm,48.650,150.645000,0.5,1.7
04/13/2025 06:59:48 pm,48.700,150.730000,0.4,1.7,04/13/2025 07:15:31 pm,48.700,150.645000,0.5,1.7
04/13/2025 06:59:48 pm,48.750,150.730000,0.5,1.7,04/13/2025 07:15:31 pm,48.750,150.645000,0.5,1.7
04/13/2025 06:59:48 pm,48.800,150.730000,0.5,1.7,04/13/2025 07:15:31 pm,48.800,150.645000,0.5,1.7
04/13/2025 06:59:48 pm,48.850,150.730000,0.5,1.7,04/13/2025 07:15:31 pm,48.850,150.645000,0.5,1.7
04/13/2025 06:59:48 pm,48.900,150.730000,0.5,1.7,04/13/2025 07:15:31 pm,48.900,150.645000,0.5,1.7
04/13/2025 06:59:48 pm,48.950,150.730000,0.5,1.7,04/13/2025 07:15:31 pm,48.950,150.645000,0.5,1.7
04/13/2025 06:59:49 pm,49.000,150.730000,0.4,1.7,04/13/2025 07:15:32 pm,49.000,150.645000,0.5,1.7
04/13/2025 06:59:49 pm,49.050,150.730000,0.5,1.7,04/13/2025 07:15:32 pm,49.050,150.645000,0.5,1.7
04/13/2025 06:59:49 pm,49.100,150.730000,0.5,1.7,04/13/2025 07:15:32 pm,49.100,150.645000,0.5,1.7
04/13/2025 06:59:49 pm,49.150,150.730000,0.5,1.7,04/13/2025 07:15:32 pm,49.150,150.645000,0.5,1.7
04/13/2025 06:59:49 pm,49.200,150.730000,0.5,1.7,04/13/2025 07:15:32 pm,49.200,150.645000,0.5,1.7
04/13/2025 06:59:49 pm,49.250,150.730000,0.5,1.7,04/13/2025 07:15:32 pm,49.250,150.645000,0.5,1.7
04/13/2025 06:59:49 pm,49.300,150.730000,0.5,1.7,04/13/2025 07:15:32 pm,49.300,150.645000,0.5,1.7
04/13/2025 06:59:49 pm,49.350,150.730000,0.5,1.7,04/13/2025 07:15:32 pm,49.350,150.645000,0.5,1.7
04/13/2025 06:59:49 pm,49.400,150.730000,0.5,1.7,04/13/2025 07:15:32 pm,49.400,150.645000,0.5,1.7
04/13/2025 06:59:49 pm,49.450,150.730000,0.5,1.7,04/13/2025 07:15:32 pm,49.450,150.645000,0.5,1.7
04/13/2025 06:59:49 pm,49.500,150.730000,0.5,1.7,04/13/2025 07:15:32 pm,49.500,150.645000,0.5,1.7
04/13/2025 06:59:49 pm,49.550,150.730000,0.5,1.7,04/13/2025 07:15:32 pm,49.550,150.645000,0.5,1.7
04/13/2025 06:59:49 pm,49.600,150.730000,0.4,1.6,04/13/2025 07:15:32 pm,49.600,150.645000,0.5,1.7
04/13/2025 06:59:49 pm,49.650,150.730000,0.4,1.6,04/13/2025 07:15:32 pm,49.650,150.645000,0.5,1.7
04/13/2025 06:59:49 pm,49.700,150.730000,0.5,1.7,04/13/2025 07:15:32 pm,49.700,150.645000,0.5,1.7
04/13/2025 06:59:49 pm,49.750,150.730000,0.4,1.7,04/13/2025 07:15:32 pm,49.750,150.645000,0.5,1.7
04/13/2025 06:59:49 pm,49.800,150.730000,0.5,1.7,04/13/2025 07:15:32 pm,49.800,150.645000,0.5,1.7
04/13/2025 06:59:49 pm,49.850,150.730000,0.5,1.7,04/13/2025 07:15:32 pm,49.850,150.645000,0.5,1.7
04/13/2025 06:59:49 pm,49.900,150.730000,0.4,1.7,04/13/2025 07:15:32 pm,49.900,150.645000,0.5,1.7
04/13/2025 06:59:49 pm,49.950,150.730000,0.5,1.7,04/13/2025 07:15:32 pm,49.950,150.645000,0.5,1.7
04/13/2025 06:59:50 pm,50.000,150.730000,0.4,1.7,04/13/2025 07:15:33 pm,50.000,150.645000,0.5,1.7
04/13/2025 06:59:50 pm,50.050,150.730000,0.4,1.7,04/13/2025 07:15:33 pm,50.050,150.645000,0.5,1.7
04/13/2025 06:59:50 pm,50.100,150.730000,0.5,1.7,04/13/2025 07:15:33 pm,50.100,150.645000,0.5,1.7
04/13/2025 06:59:50 pm,50.150,150.730000,0.5,1.7,04/13/2025 07:15:33 pm,50.150,150.645000,0.5,1.7
04/13/2025 06:59:50 pm,50.200,150.730000,0.5,1.7,04/13/2025 07:15:33 pm,50.200,150.645000,0.5,1.7
04/13/2025 06:59:50 pm,50.250,150.730000,0.5,1.7,04/13/2025 07:15:33 pm,50.250,150.645000,0.5,1.7
04/13/2025 06:59:50 pm,50.300,150.730000,0.4,1.6,04/13/2025 07:15:33 pm,50.300,150.645000,0.5,1.7
04/13/2025 06:59:50 pm,50.350,150.730000,0.5,1.7,04/13/2025 07:15:33 pm,50.350,150.645000,0.5,1.7
04/13/2025 06:59:50 pm,50.400,150.730000,0.5,1.7,04/13/2025 07:15:33 pm,50.400,150.645000,0.5,1.7
04/13/2025 06:59:50 pm,50.450,150.730000,0.5,1.7,04/13/2025 07:15:33 pm,50.450,150.645000,0.5,1.7
04/13/2025 06:59:50 pm,50.500,150.730000,0.5,1.7,04/13/2025 07:15:33 pm,50.500,150.645000,0.5,1.7
04/13/2025 06:59:50 pm,50.550,150.730000,0.4,1.7,04/13/2025 07:15:33 pm,50.550,150.645000,0.5,1.7
04/13/2025 06:59:50 pm,50.600,150.730000,0.5,1.7,04/13/2025 07:15:33 pm,50.600,150.645000,0.5,1.7
04/13/2025 06:59:50 pm,50.650,150.730000,0.4,1.7,04/13/2025 07:15:33 pm,50.650,150.645000,0.5,1.7
04/13/2025 06:59:50 pm,50.700,150.730000,0.5,1.7,04/13/2025 07:15:33 pm,50.700,150.645000,0.5,1.7
04/13/2025 06:59:50 pm,50.750,150.730000,0.5,1.7,04/13/2025 07:15:33 pm,50.750,150.645000,0.5,1.7
04/13/2025 06:59:50 pm,50.800,150.730000,0.5,1.7,04/13/2025 07:15:33 pm,50.800,150.645000,0.5,1.7
04/13/2025 06:59:50 pm,50.850,150.730000,0.4,1.7,04/13/2025 07:15:33 pm,50.850,150.645000,0.5,1.7
04/13/2025 06:59:50 pm,50.900,150.730000,0.5,1.7,04/13/2025 07:15:33 pm,50.900,150.645000,0.5,1.7
04/13/2025 06:59:50 pm,50.950,150.730000,0.5,1.7,04/13/2025 07:15:33 pm,50.950,150.645000,0.5,1.7
04/13/2025 06:59:51 pm,51.000,150.730000,0.4,1.6,04/13/2025 07:15:34 pm,51.000,150.645000,0.5,1.7
04/13/2025 06:59:51 pm,51.050,150.730000,0.4,1.7,04/13/2025 07:15:34 pm,51.050,150.645000,0.5,1.7
04/13/2025 06:59:51 pm,51.100,150.730000,0.5,1.7,04/13/2025 07:15:34 pm,51.100,150.645000,0.5,1.7
04/13/2025 06:59:51 pm,51.150,150.730000,0.5,1.7,04/13/2025 07:15:34 pm,51.150,150.645000,0.5,1.7
04/13/2025 06:59:51 pm,51.200,150.730000,0.5,1.7,04/13/2025 07:15:34 pm,51.200,150.645000,0.5,1.7
04/13/2025 06:59:51 pm,51.250,150.730000,0.5,1.7,04/13/2025 07:15:34 pm,51.250,150.645000,0.5,1.7
04/13/2025 06:59:51 pm,51.300,150.730000,0.5,1.7,04/13/2025 07:15:34 pm,51.300,150.645000,0.5,1.7
04/13/2025 06:59:51 pm,51.350,150.730000,0.4,1.7,04/13/2025 07:15:34 pm,51.350,150.645000,0.5,1.7
04/13/2025 06:59:51 pm,51.400,150.730000,0.5,1.7,04/13/2025 07:15:34 pm,51.400,150.645000,0.5,1.7
04/13/2025 06:59:51 pm,51.450,150.730000,0.4,1.7,04/13/2025 07:15:34 pm,51.450,150.645000,0.5,1.7
04/13/2025 06:59:51 pm,51.500,150.730000,0.4,1.7,04/13/2025 07:15:34 pm,51.500,150.645000,0.5,1.7
04/13/2025 06:59:51 pm,51.550,150.730000,0.5,1.7,04/13/2025 07:15:34 pm,51.550,150.645000,0.5,1.7
04/13/2025 06:59:51 pm,51.600,150.730000,0.5,1.7,04/13/2025 07:15:34 pm,51.600,150.645000,0.5,1.7
04/13/2025 06:59:51 pm,51.650,150.730000,0.4,1.7,04/13/2025 07:15:34 pm,51.650,150.645000,0.5,1.7
04/13/2025 06:59:51 pm,51.700,150.730000,0.5,1.7,04/13/2025 07:15:34 pm,51.700,150.645000,0.5,1.7
04/13/2025 06:59:51 pm,51.750,150.730000,0.5,1.7,04/13/2025 07:15:34 pm,51.750,150.645000,0.5,1.7
04/13/2025 06:59:51 pm,51.800,150.730000,0.4,1.6,04/13/2025 07:15:34 pm,51.800,150.645000,0.5,1.7
04/13/2025 06:59:51 pm,51.850,150.730000,0.5,1.7,04/13/2025 07:15:34 pm,51.850,150.645000,0.5,1.7
04/13/2025 06:59:51 pm,51.900,150.730000,0.5,1.7,04/13/2025 07:15:34 pm,51.900,150.645000,0.5,1.7
04/13/2025 06:59:51 pm,51.950,150.730000,0.5,1.7,04/13/2025 07:15:34 pm,51.950,150.645000,0.5,1.7
04/13/2025 06:59:52 pm,52.000,150.730000,0.5,1.7,04/13/2025 07:15:35 pm,52.000,150.645000,0.5,1.7
04/13/2025 06:59:52 pm,52.050,150.730000,0.4,1.6,04/13/2025 07:15:35 pm,52.050,150.645000,0.5,1.7
04/13/2025 06:59:52 pm,52.100,150.730000,0.4,1.7,04/13/2025 07:15:35 pm,52.100,150.645000,0.5,1.7
04/13/2025 06:59:52 pm,52.150,150.730000,0.5,1.7,04/13/2025 07:15:35 pm,52.150,150.645000,0.5,1.7
04/13/2025 06:59:52 pm,52.200,150.730000,0.5,1.7,04/13/2025 07:15:35 pm,52.200,150.645000,0.5,1.7
04/13/2025 06:59:52 pm,52.250,150.730000,0.4,1.6,04/13/2025 07:15:35 pm,52.250,150.645000,0.5,1.7
04/13/2025 06:59:52 pm,52.300,150.730000,0.4,1.6,04/13/2025 07:15:35 pm,52.300,150.645000,0.5,1.7
04/13/2025 06:59:52 pm,52.350,150.730000,0.4,1.6,04/13/2025 07:15:35 pm,52.350,150.645000,0.5,1.7
04/13/2025 06:59:52 pm,52.400,150.730000,0.4,1.6,04/13/2025 07:15:35 pm,52.400,150.645000,0.5,1.7
04/13/2025 06:59:52 pm,52.450,150.730000,0.5,1.7,04/13/2025 07:15:35 pm,52.450,150.645000,0.5,1.7
04/13/2025 06:59:52 pm,52.500,150.730000,0.5,1.7,04/13/2025 07:15:35 pm,52.500,150.645000,0.5,1.7
04/13/2025 06:59:52 pm,52.550,150.730000,0.5,1.7,04/13/2025 07:15:35 pm,52.550,150.645000,0.5,1.7
04/13/2025 06:59:52 pm,52.600,150.730000,0.4,1.6,04/13/2025 07:15:35 pm,52.600,150.645000,0.5,1.7
04/13/2025 06:59:52 pm,52.650,150.730000,0.5,1.7,04/13/2025 07:15:35 pm,52.650,150.645000,0.5,1.7
04/13/2025 06:59:52 pm,52.700,150.730000,0.5,1.7,04/13/2025 07:15:35 pm,52.700,150.645000,0.5,1.7
04/13/2025 06:59:52 pm,52.750,150.730000,0.5,1.7,04/13/2025 07:15:35 pm,52.750,150.645000,0.5,1.7
04/13/2025 06:59:52 pm,52.800,150.730000,0.5,1.7,04/13/2025 07:15:35 pm,52.800,150.645000,0.5,1.7
04/13/2025 06:59:52 pm,52.850,150.730000,0.5,1.7,04/13/2025 07:15:35 pm,52.850,150.645000,0.5,1.7
04/13/2025 06:59:52 pm,52.900,150.730000,0.5,1.7,04/13/2025 07:15:35 pm,52.900,150.645000,0.5,1.7
04/13/2025 06:59:52 pm,52.950,150.730000,0.5,1.7,04/13/2025 07:15:35 pm,52.950,150.645000,0.5,1.7
04/13/2025 06:59:53 pm,53.000,150.730000,0.5,1.7,04/13/2025 07:15:36 pm,53.000,150.645000,0.5,1.7
04/13/2025 06:59:53 pm,53.050,150.730000,0.5,1.7,04/13/2025 07:15:36 pm,53.050,150.645000,0.5,1.7
04/13/2025 06:59:53 pm,53.100,150.730000,0.4,1.6,04/13/2025 07:15:36 pm,53.100,150.645000,0.5,1.7
04/13/2025 06:59:53 pm,53.150,150.730000,0.4,1.6,04/13/2025 07:15:36 pm,53.150,150.645000,0.5,1.7
04/13/2025 06:59:53 pm,53.200,150.730000,0.4,1.7,04/13/2025 07:15:36 pm,53.200,150.645000,0.5,1.7
04/13/2025 06:59:53 pm,53.250,150.730000,0.5,1.7,04/13/2025 07:15:36 pm,53.250,150.645000,0.5,1.7
04/13/2025 06:59:53 pm,53.300,150.730000,0.5,1.7,04/13/2025 07:15:36 pm,53.300,150.645000,0.5,1.7
04/13/2025 06:59:53 pm,53.350,150.730000,0.5,1.7,04/13/2025 07:15:36 pm,53.350,150.645000,0.5,1.7
04/13/2025 06:59:53 pm,53.400,150.730000,0.5,1.7,04/13/2025 07:15:36 pm,53.400,150.645000,0.5,1.7
04/13/2025 06:59:53 pm,53.450,150.730000,0.4,1.7,04/13/2025 07:15:36 pm,53.450,150.645000,0.5,1.7
04/13/2025 06:59:53 pm,53.500,150.730000,0.4,1.7,04/13/2025 07:15:36 pm,53.500,150.645000,0.5,1.7
04/13/2025 06:59:53 pm,53.550,150.730000,0.5,1.7,04/13/2025 07:15:36 pm,53.550,150.645000,0.5,1.7
04/13/2025 06:59:53 pm,53.600,150.730000,0.4,1.6,04/13/2025 07:15:36 pm,53.600,150.645000,0.5,1.7
04/13/2025 06:59:53 pm,53.650,150.730000,0.5,1.7,04/13/2025 07:15:36 pm,53.650,150.645000,0.5,1.7
04/13/2025 06:59:53 pm,53.700,150.730000,0.5,1.7,04/13/2025 07:15:36 pm,53.700,150.645000,0.5,1.7
04/13/2025 06:59:53 pm,53.750,150.730000,0.5,1.7,04/13/2025 07:15:36 pm,53.750,150.645000,0.5,1.7
04/13/2025 06:59:53 pm,53.800,150.730000,0.4,1.7,04/13/2025 07:15:36 pm,53.800,150.645000,0.5,1.7
04/13/2025 06:59:53 pm,53.850,150.730000,0.5,1.7,04/13/2025 07:15:36 pm,53.850,150.645000,0.5,1.7
04/13/2025 06:59:53 pm,53.900,150.730000,0.5,1.7,,,,,
04/13/2025 06:59:53 pm,53.950,150.730000,0.5,1.7,,,,,
04/13/2025 06:59:54 pm,54.000,150.730000,0.5,1.7,,,,,
04/13/2025 06:59:54 pm,54.050,150.730000,0.5,1.7,,,,,
04/13/2025 06:59:54 pm,54.100,150.730000,0.5,1.7,,,,,
04/13/2025 06:59:54 pm,54.150,150.730000,0.5,1.7,,,,,
04/13/2025 06:59:54 pm,54.200,150.730000,0.5,1.7,,,,,
04/13/2025 06:59:54 pm,54.250,150.730000,0.5,1.7,,,,,
04/13/2025 06:59:54 pm,54.300,150.730000,0.4,1.7,,,,,
04/13/2025 06:59:54 pm,54.350,150.730000,0.5,1.7,,,,,
04/13/2025 06:59:54 pm,54.400,150.730000,0.4,1.7,,,,,
04/13/2025 06:59:54 pm,54.450,150.730000,0.5,1.7,,,,,
04/13/2025 06:59:54 pm,54.500,150.730000,0.5,1.7,,,,,
04/13/2025 06:59:54 pm,54.550,150.730000,0.5,1.7,,,,,
04/13/2025 06:59:54 pm,54.600,150.730000,0.4,1.7,,,,,
04/13/2025 06:59:54 pm,54.650,150.730000,0.4,1.7,,,,,
04/13/2025 06:59:54 pm,54.700,150.730000,0.5,1.7,,,,,
04/13/2025 06:59:54 pm,54.750,150.730000,0.4,1.7,,,,,
04/13/2025 06:59:54 pm,54.800,150.730000,0.5,1.7,,,,,
04/13/2025 06:59:54 pm,54.850,150.730000,0.5,1.7,,,,,
04/13/2025 06:59:54 pm,54.900,150.730000,0.5,1.7,,,,,
04/13/2025 06:59:54 pm,54.950,150.730000,0.5,1.7,,,,,
04/13/2025 06:59:55 pm,55.000,150.730000,0.5,1.7,,,,,
04/13/2025 06:59:55 pm,55.050,150.730000,0.5,1.7,,,,,
04/13/2025 06:59:55 pm,55.100,150.730000,0.5,1.7,,,,,
04/13/2025 06:59:55 pm,55.150,150.730000,0.5,1.7,,,,,
04/13/2025 06:59:55 pm,55.200,150.730000,0.4,1.6,,,,,
04/13/2025 06:59:55 pm,55.250,150.730000,0.5,1.7,,,,,
04/13/2025 06:59:55 pm,55.300,150.730000,0.4,1.7,,,,,
04/13/2025 06:59:55 pm,55.350,150.730000,0.5,1.7,,,,,
04/13/2025 06:59:55 pm,55.400,150.730000,0.4,1.7,,,,,
04/13/2025 06:59:55 pm,55.450,150.730000,0.4,1.7,,,,,
04/13/2025 06:59:55 pm,55.500,150.730000,0.5,1.7,,,,,
04/13/2025 06:59:55 pm,55.550,150.730000,0.4,1.6,,,,,
04/13/2025 06:59:55 pm,55.600,150.730000,0.5,1.7,,,,,
04/13/2025 06:59:55 pm,55.650,150.730000,0.5,1.7,,,,,
04/13/2025 06:59:55 pm,55.700,150.730000,0.5,1.7,,,,,
04/13/2025 06:59:55 pm,55.750,150.730000,0.5,1.7,,,,,
04/13/2025 06:59:55 pm,55.800,150.730000,0.5,1.7,,,,,
04/13/2025 06:59:55 pm,55.850,150.730000,0.5,1.7,,,,,
04/13/2025 06:59:55 pm,55.900,150.730000,0.4,1.6,,,,,
04/13/2025 06:59:55 pm,55.950,150.730000,0.5,1.7,,,,,
04/13/2025 06:59:56 pm,56.000,150.730000,0.5,1.7,,,,,
04/13/2025 06:59:56 pm,56.050,150.730000,0.5,1.7,,,,,
04/13/2025 06:59:56 pm,56.100,150.730000,0.5,1.7,,,,,
04/13/2025 06:59:56 pm,56.150,150.730000,0.4,1.6,,,,,
04/13/2025 06:59:56 pm,56.200,150.730000,0.4,1.7,,,,,
04/13/2025 06:59:56 pm,56.250,150.730000,0.5,1.7,,,,,
04/13/2025 06:59:56 pm,56.300,150.730000,0.4,1.7,,,,,
04/13/2025 06:59:56 pm,56.350,150.730000,0.5,1.7,,,,,
04/13/2025 06:59:56 pm,56.400,150.730000,0.5,1.7,,,,,
04/13/2025 06:59:56 pm,56.450,150.730000,0.4,1.6,,,,,
04/13/2025 06:59:56 pm,56.500,150.730000,0.5,1.7,,,,,
04/13/2025 06:59:56 pm,56.550,150.730000,0.5,1.7,,,,,
04/13/2025 06:59:56 pm,56.600,150.730000,0.5,1.7,,,,,
04/13/2025 06:59:56 pm,56.650,150.730000,0.5,1.7,,,,,
04/13/2025 06:59:56 pm,56.700,150.730000,0.5,1.7,,,,,
04/13/2025 06:59:56 pm,56.750,150.730000,0.5,1.7,,,,,
04/13/2025 06:59:56 pm,56.800,150.730000,0.5,1.7,,,,,
04/13/2025 06:59:56 pm,56.850,150.730000,0.4,1.6,,,,,
04/13/2025 06:59:56 pm,56.900,150.730000,0.4,1.6,,,,,
04/13/2025 06:59:56 pm,56.950,150.730000,0.5,1.7,,,,,
04/13/2025 06:59:57 pm,57.000,150.730000,0.5,1.7,,,,,
04/13/2025 06:59:57 pm,57.050,150.730000,0.5,1.7,,,,,
04/13/2025 06:59:57 pm,57.100,150.730000,0.5,1.7,,,,,
04/13/2025 06:59:57 pm,57.150,150.730000,0.4,1.7,,,,,
04/13/2025 06:59:57 pm,57.200,150.730000,0.4,1.7,,,,,
04/13/2025 06:59:57 pm,57.250,150.730000,0.5,1.7,,,,,
04/13/2025 06:59:57 pm,57.300,150.730000,0.5,1.7,,,,,
04/13/2025 06:59:57 pm,57.350,150.730000,0.4,1.7,,,,,
04/13/2025 06:59:57 pm,57.400,150.730000,0.5,1.7,,,,,
04/13/2025 06:59:57 pm,57.450,150.730000,0.4,1.7,,,,,
04/13/2025 06:59:57 pm,57.500,150.730000,0.5,1.7,,,,,
